Part Number,Description,UOM,List Price,Net Price,Category,Manufacturer Part,Notes,Net Before Tariff
10.1279,VIDIO / Camera Cover ONLY for IXIO with PS Cable,EA,634.83,358.7,,,,338.4
10.1311,"ADAPTER BRACKET KIT, LZRWIDESCAN - TURNKEY",EA,26.97,15.07,,,,14.21
1012VAC,"Transformer,12 Volt AC",EA,26.97,15.07,,,,14.21
1024VAC,"Transformer,24 Volt AC,with Mounting Feet, 40va rating",EA,26.97,15.07,,,,14.21
10ACP12,Access Control Package 1 (10ACP12),EA,768.54,354.4,,,,334.34
10ACP12DS,Access Control Package 5 (10ACP12DS),EA,793.26,361.71,,,,341.24
10ACP12F,Access Control Package 2 (10ACP12F),EA,768.54,341.18,,,,321.87
10ACP12FDS,Access Control Package 6 (10ACP12FDS),EA,767.42,348.5,,,,328.77
10ACP6,Access Control Package 3 (10ACP6),EA,743.82,349.82,,,,330.02
10ACP6DS,Access Control Package 7 (10ACP6DS),EA,793.26,357.13,,,,336.92
10ACP6F,Access Control Package 4 (10ACP6F),EA,743.82,336.6,,,,317.55
10ACP6FDS,Access Control Package 8 (10ACP6FDS),EA,767.42,343.92,,,,324.45
10ACPBDA1,"10ACPBDA1 -- Switch, Delayed Action RED PTE 2"" Jamb",EA,489.89,172.62,,,,162.85
10ACPBDA10,"10ACPBDA10 -- Switch, Delayed Action GREEN PTE 2"" SG",EA,494.38,174.42,,,,164.55
10ACPBDA11,"10ACPBDA11 -- Switch, Delayed Action GREEN PTE 1 5/8"" Jamb",EA,489.89,172.62,,,,162.85
10ACPBDA12,"10ACPBDA12 -- Switch, Delayed Action GREEN PTE 1 5/8"" SG",EA,494.38,174.42,,,,164.55
10ACPBDA2,"Switch, Delayed Action RED PTE 2"" SINGLE GANG",EA,494.38,174.42,,,,164.55
10ACPBDA3,"10ACPBDA3 -- Switch, Delayed Action RED PTE 1 5/8"" Jamb",EA,489.89,172.62,,,,162.85
10ACPBDA4,"10ACPBDA4 -- Switch, Delayed Action RED PTE 1 5/8"" SG",EA,494.38,174.42,,,,164.55
10ACPBDA5,"10ACPBDA5 -- Switch, Delayed Action BLUE HC 2"" Jamb",EA,489.89,172.62,,,,162.85
10ACPBDA6,"Switch, Delayed Action BLUE HC 2"" SINGLE GANG",EA,494.38,174.42,,,,164.55
10ACPBDA7,"10ACPBDA7 -- Switch, Delayed Action BLUE HC 1 5/8"" Jamb",EA,489.89,172.62,,,,162.85
10ACPBDA8,"Switch, Delayed Action BLUE HC 1 5/8"" SINGLE GANG",EA,494.38,174.42,,,,164.55
10ACPBDA9,"10ACPBDA9 -- Switch, Delayed Action GREEN PTE 2"" Jamb",EA,489.89,172.62,,,,162.85
10ACPBSS1,10ACPBSS1... ACCESS CONTROL,EA,70.79,32.88,,,,31.02
10ARS,"10ARS, Indicator, ""Assistance Required"" with Signal",EA,247.19,115.98,,,,109.41
10BEAMBOX,BEAMBOX Sensor with Cable,EA,873.94,412.34,,,,389.0
10BELTCLIP,Belt Clip for Industrial Wireless Transmitters,EA,10.11,4.48,,,,4.23
10BGQD,"Quick Disconnect, Bodyguard 78"""" Harness with QD for BGIII",EA,20.85,9.59,,,,9.05
10BODYGUARDT,BodyguardT Presence Sensor,EA,511.31,269.67,,,,254.4
10BODYMNT,Bodyguard Mounting Kit,EA,56.31,26.96,,,,25.43
10BOLLARDBLK,"Post,Black,S/S Push Plate,4.5"""" Round or 4.75"""" Square",EA,478.59,227.64,,,,214.76
10BOLLARDBLKWOH,"Post, Black Bollard w/o Hole 6"""" Round or 4.75"""" Square",EA,465.1,221.66,,,,209.12
10BOLLARDBRZ,"Post Bronze,S/S Push Plate,4.5 Round or 4.75"""" Square",EA,478.59,227.64,,,,214.76
10BOLLARDBRZWOH,"Post, Bronze Bollard w/o Hole 6"""" Round or 4.75"""" Square",EA,465.1,221.66,,,,209.12
10BOLLARDSLV,"Post Silver,S/S Push Plate,4.5 Round or 4.75"""" Square",EA,478.59,227.64,,,,214.76
10BOLLARDSLVWOH,"Post, Silver Bollard w/o Hole 6"""" Round or 4.75"""" Square",EA,465.1,221.66,,,,209.12
10BOX24SGSM,"Box, Single Gang Surface Mount Black Plastic",EA,34.58,16.01,,,,15.1
10BOX45RNDFM,"4 .5"""" Round Flush Mount Box",EA,39.08,18.4,,,,17.36
10BOX45RNDSM,"4.5"""" Round Surface Mount Box",EA,39.08,18.4,,,,17.36
10BOX45SQFM,"Box, 4.5"""" Sq.,Flush Mount Box for PBS45's",EA,39.08,18.4,,,,17.36
10BOX45SQSM,"Box,4.5"""" Sq.,Surface Mount Box for PBS45's",EA,39.08,18.4,,,,17.36
10BOX475SQFM,"Box,4.75"""" Sq,FLUSH Mount Box",EA,53.69,24.97,,,,23.56
10BOX475SQSM,"Box,4.75"""" Sq.Surface Mount Box",EA,53.69,24.97,,,,23.56
10BOX475SQSMEBA,"4.75"" Mounting Box, 2 piece Design, Easy Battery Access",EA,55.93,26.17,,,,24.69
10BOX6RNDFM,"6"""" Round Flush Mount Box",EA,55.93,26.17,,,,24.69
10BOX6RNDSM,"6"""" Round Surface Mount Box",EA,55.93,26.17,,,,24.69
10BOX6SQFM,"Box, 6"""" Square, Flush Mount Assembled With 2 Brass Inserts",EA,55.93,26.17,,,,24.69
10BOX6SQSM,"Box, 6"""" Square, Surface Mount, Assembled With 2 Brass Inserts",EA,55.93,26.17,,,,24.69
10BOXDG4H,"Box,Double Gang,Non-Metallic",EA,16.61,7.64,,,,7.2
10BOXDGSM,"Box, Double Gang Surface Mount Black Plastic",EA,44.45,20.65,,,,19.48
10BOXJAMBFM,"Box, Jamb FLUSH mount Flush Mount Box",EA,15.48,7.34,,,,6.92
10BOXJAMBSM,"Box,Jamb SM,S/S Plates Surface Mount Box",EA,15.48,7.34,,,,6.92
10BOXJAMBST,"Box,Jamb 4.5"""" X 1.75"""" Push plate",EA,15.48,7.34,,,,6.92
10BR2-900,"10BR2-900, Wireless Logic Module, 900mhz",EA,216.99,102.28,,,,96.49
10BR3X,"10BR3X Module, 3 relays, Washroom Functions",EA,163.93,77.64,,,,73.24
10BRINGC,"Universal Backplate,S/S Modify",EA,18.85,8.53,,,,8.05
10CAPKIT,SuperScan End Cap Kit,EA,10.74,5.11,,,,4.82
10CAPKITQUAD,Quadscan Endcap Kit left & right endcaps + screws,EA,9.62,4.99,,,,4.71
10CDA,10CDA Curved Door Accessory for IXIODT1 / IXIOST,EA,31.38,17.4,,,,16.42
10COLIBRI1,10COLIBRI1 Motion Sensor,EA,326.23,153.83,,,,145.13
10COMBOPLATE,Combo Plate Assy on/off Switch Maintained Switch Option,EA,283.66,134.16,,,,126.57
10COMBOPLATEMOM,Combo Plate Ass,EA,283.66,134.16,,,,126.57
10CYLINDERKA,"Cylinder, Keyswitch, KA KEYED ALIKE",EA,41.96,19.92,,,,18.79
10CYLINDERKD,"Cylinder, Keyswitch, KD Keyed Differently",EA,41.96,19.92,,,,18.79
10DOORSWITCH,On -Off Hold Switch Assembly,EA,53.19,25.3,,,,23.87
10DPG50,"Door Pressure Gauge,50 lb.",EA,169.55,80.03,,,,75.5
10EABA,Eagle Artek Bracket Accessory,EA,41.52,21.06,,,,19.87
10EACA,EAGLE ARTEK CEILING ACCESSORY - WHITE,EA,71.37,35.34,,,,33.34
10EACA-BLK,EAGLE ARTEK CEILING ACCESSORY -BLACK,EA,71.37,35.34,,,,33.34
10EAGLEARTEK,Eagle Artek Motion Sensor,EA,297.32,141.74,,,,133.72
10EAGLESPACER,Eagle Mounting Spacer,EA,38.2,17.93,,,,16.92
10EAGLESPACERV,Eagle Mounting Spacer WITH CAMERA,EA,497.75,234.35,,,,221.09
10EARA,Eagle Artek Rain Accessory,EA,50.31,23.78,,,,22.43
10EARETROFIT,EAGLE ARTEK RETROFIT,EA,15.9,15.9,,,,15.0
10EBUTTONCOMBO,"10EBUTTONCOMBO, ""Push for Emergency Assistance"" Combo Switch",EA,364.05,165.0,,,,155.66
10EMERGENCYKIT,BEA Emergency Kit,EA,633.71,149.16,,,,140.72
10EMR475,"4.75"""" Round Panther Plate assy With Text",EA,225.37,107.31,,,,101.24
10EMR4751,"4.75"""" Round Panther Plate assy with text and logo",EA,223.37,106.25,,,,100.24
10EMR4751-900,"Panther, 900mhz, 4.75"" Round, TEXT & LOGO",EA,242.47,115.22,,,,108.7
10EMR475-900,"Panther, 900mhz, 4.75"" Round, TEXT ONLY",EA,244.47,116.28,,,,109.7
10EMR475L,"4.75"""" Round Panther Plate assy With Logo",EA,223.37,106.25,,,,100.24
10EMR475L-900,"Panther, 900mhz, 4.75"" Round, LOGO ONLY",EA,226.47,106.74,,,,100.7
10EMR6,"6"""" Round Panther plate assy. with Text Only",EA,227.37,108.37,,,,102.24
10EMR61,"6"""" Round Panther plate assy. with text and logo",EA,221.37,105.19,,,,99.24
10EMR61-900,"Panther, 900mhz, 6"" Round, TEXT & LOGO",EA,242.47,115.22,,,,108.7
10EMR6-900,"Panther, 900mhz, 6"" Round, TEXT ONLY",EA,242.47,115.22,,,,108.7
10EMR6L,"6"""" Round Panther plate assy. with logo only",EA,223.37,106.25,,,,100.24
10EMR6L-900,"Panther, 900mhz, 6"" Round, LOGO ONLY",EA,242.47,115.22,,,,108.7
10EMS475,"4.75"""" Sq Panther plate assy. with text only",EA,227.37,108.37,,,,102.24
10EMS4751,"4.75"""" Sq Panther plate assy. With text and logo",EA,221.37,105.19,,,,99.24
10EMS4751-900,"Panther, 900mhz, 4.75"" Square, TEXT & LOGO",EA,240.47,114.16,,,,107.7
10EMS475-900,"Panther, 900mhz, 4.75"" Square, TEXT ONLY",EA,246.47,117.34,,,,110.7
10EMS475L,"4.75"""" Sq Panther plate assy. with logo only",EA,225.37,107.31,,,,101.24
10EMS475L-900,"Panther, 900mhz, 4.75"" Square, LOGO ONLY",EA,244.47,116.28,,,,109.7
10EQD,"Quick Disconnect, Eagle 48"""" harn. w/ quick disconnect",EA,2.0,4.05,,,,3.82
10ERA,Eagle Weather Protection Hood,EA,48.31,22.72,,,,21.43
10ESCUTCHEON,Stainless Steel mounting bracket,EA,167.06,79.3,,,,74.81
10ESCUTCHEON45,"Escutcheon Bracket, 4.5"""" Escutcheon for 4.5"""" plate",EA,161.06,76.12,,,,71.81
10FALCON,Falcon Industrial Motion Sensor,EA,595.51,280.38,,,,264.51
10FALCONEX100,Falcon Ind. Sensor with Explosion Proof Housing + 100ft cable,EA,2232.59,1097.53,,,,1035.41
10FALCONEXW100,"FALCON WIDE, Explosion Proof HSG, 100ft cable",EA,2232.59,1097.53,,,,1035.41
10FALCONEXXL100,Falcon XL Industrial EX-PROOF Motion Sensor - 100ft cable,EA,2232.59,1097.53,,,,1035.41
10FALCONW,FALCON W-02,EA,621.35,292.34,,,,275.79
10FALCONXL,Falcon XL Industrial Motion Sensor - Wide Pattern,EA,595.51,280.38,,,,264.51
10FILLER12UL,"Filler Bar For UL Maglocks 10.5""""L x 0.75""""W x 0.50""""H",EA,25.35,13.6,,,,12.83
10FILLER14UL,Filler Bar For UL Maglocks 1/4 INCH 0.25”H x 0.75”W x 9.84”L,EA,25.35,11.68,,,,11.02
10FILLER34UL,"Filler Bar For UL Maglocks 10.5""""L x 0.75""""W x 0.75""""H",EA,28.72,15.75,,,,14.86
10FILLER58UL,"Filler Bar For UL Maglocks 5/8 10.5""""L x 0.75""""W x 0.625""""H",EA,30.97,17.19,,,,16.21
10FLYKITB,"Fly Kit, IR Sensor PKG, Black FSA housing + FCA Ceiling adap",EA,142.58,67.47,,,,63.66
10FLYKITBERT,"Fly Kit, IR Sensor ERT, Black FSA +FCA, Extended Relay Time",EA,142.58,67.47,,,,63.66
10FOCUS,Focus Safety Sensor,EA,348.45,164.46,,,,155.15
10FOCUS2,Recess Mounted Focus,EA,348.45,164.46,,,,155.15
10FSSMB,FLATSCAN-S/A KIT,EA,71.91,33.95,,,,32.03
10GL1200R,10GL1200R -- MAGLOCK WEATHER-PROOF 1200LB,EA,543.35,159.3,,,,150.28
10GL1200SR,"Maglock, Weather-Proof, 1200lb WITHOUT conduit fitting",EA,524.25,153.35,,,,144.67
10GTSSHARN,"Harness, SS Gyrotech Relay Superscan relay harness",EA,72.05,34.13,,,,32.2
10HORTONSSHARN,"Harness, SS HORTON Superscan Relay harness",EA,51.82,28.63,,,,27.01
10ICA,10ICA,EA,209.37,74.92,,,,70.68
10IMB,"Ixio Mounting Bracket, Black 10IMB",EA,32.97,18.25,,,,17.21
10INDBRACKET,10INDBRACKET -- INDUSTRIAL BRACKET,EA,213.48,120.52,,,,113.7
10IS40,IS40 Industrial Dual Sensor,EA,729.22,355.83,,,,335.69
10IS40P,IS40P Ind. Presence Sensor,EA,597.76,280.98,,,,265.08
10IS40XL,IS40XL Industrial Dual Sensor,EA,729.22,355.83,,,,335.69
10IXIODT1,IXIO Sliding Door Sensor,EA,726.72,186.39,,,,175.84
10IXIODT1INDUS,IXIO INDUSTRIAL Sliding Door Sensor,EA,726.72,186.39,,,,175.84
10IXIODT1V,IXIO Door Sensor with Camera Sliding Door Sensor + Video,EA,1400.63,420.6,,,,396.8
10IXIOSPACER,IXIO ACCESSORIES IXIO SPACER PLASTIC BLACK,EA,48.2,23.23,,,,21.92
10IXIOST,IXIOST Presence Sensor,EA,390.9,184.65,,,,174.2
10IXIOSTINDUS,IXIOST Presence Sensor Industrial,EA,390.9,184.65,,,,174.2
10JAMBCAM,BEA Jamb Camera System Camera + Housing +PSupply,EA,718.88,279.62,,,,263.8
10JAMBSWITCHMOM,"Jambswitch, Momentary 1/4"""" Alum Faceplate",EA,122.61,58.04,,,,54.76
10JAMBSWITCHONF,"Jambswitch, On/Off 1/4"""" Alum Faceplate",EA,120.61,56.98,,,,53.76
10KEYPADU,"KEYPAD, UNIVERSAL",EA,286.92,105.54,,,,99.57
10KEYPADUSL,"10KEYPADUSL, Keypad, Slimline",EA,286.92,105.54,,,,99.57
10KEYSWITCHMOM,"Keyswitch, Momentary 1/4"""" Alum faceplate",EA,146.61,70.76,,,,66.76
10KEYSWITCHONF,"Keyswitch, On/Off 1/4"""" Alum faceplate",EA,122.61,58.04,,,,54.76
10LBA,Laser Bracket Accessory 02.0263 00462 0001,EA,59.06,32.97,,,,31.1
10LE21,"Module, LE21 Lock-out Relay, Low Energy",EA,70.29,39.42,,,,37.19
10LEDSOUNDER,"10LEDSOUNDER, SG ""Occupied When Lit"" LED Indicator w/ Buzzer",EA,154.32,72.53,,,,68.42
10LHB,"10LHB, LZR HOUSING BRACKET",EA,265.19,126.14,,,,119.0
10LIGHT-A,"10LIGHT-A TL70 Audible Module; Standard Voltage, 12-30 Vdc, BLACK SGTL70A",EA,160.67,109.22,,,,103.04
10LIGHTBRACKET,"10LIGHTBRACKET Industrial Light Bracket. S/S,Right Angle 69mm X 45mm X 61mm",EA,40.45,26.87,,,,25.35
10LIGHTBRACKET-TL70,"Bracket, 30mm, 12 Gauge SS, Curved Mounting",EA,40.45,26.87,,,,25.35
10LIGHTC-G,10LIGHTC-G EZ-LIGHT CL50 Green Column Light Hard Wired CL50GXXP,EA,164.05,111.82,,,,105.49
10LIGHTC-R,EZ-LIGHT CL50 Red Column Light Hard Wired CL50RXXP,EA,164.05,111.82,,,,105.49
10LIGHTC-RA,"10LIGHTC-RA EZ-LIGHT -- CL50 Red Audible, Alarm Column Light W/PNP Inpts. CL50RXXAP",EA,262.92,179.44,,,,169.28
10LIGHTC-Y,"EZ-LIGHT CL50 Yellow Column Light, Hard Wired CL50YXXP",EA,164.05,111.82,,,,105.49
10LIGHTC-YA,EZ-LIGHT CL50 Yellow Audible Alarm Column Light W/PNP Inpts,EA,262.92,179.44,,,,169.28
10LIGHTD-RG,"EZ-LIGHT Indicator Flat Mnt PC T=RED, B=GREEN, Field Wired 15-30VDC",EA,392.14,266.99,,,,251.88
10LIGHTS-G,"EZ-LIGHT Indicator Flat or DIN Mount PC, Green, Field Wired 15-30VDC",EA,226.97,154.3,,,,145.57
10LIGHTS-R,"10LIGHTS-R EZ-LIGHT Indicator Flat or DIN Mount PC, Red, Field Wired 15-30VDC",EA,226.97,154.28,,,,145.55
10LIGHT-TBASE,"TL70 Base Housing W/ 2m, 8Wire Integral Cable, Includes Cap",EA,106.74,72.82,,,,68.69
10LIGHT-TG,"TL70 Segments Housing, Green",EA,161.8,110.09,,,,103.86
10LIGHT-TR,"TL70 Segments Housing, Red",EA,161.8,110.09,,,,103.86
10LIGHT-TW,"10LIGHT-TW -- TL70 Segments Housing, White SG-TL70-W",EA,161.8,110.09,,,,103.86
10LIGHT-TY,"10LIGHT-TY TL70 Segments Housing, Yellow SGTL70Y",EA,161.8,98.82,,,,93.23
10LO21,"Module, LO21 Lock-out Relay",EA,106.25,52.34,,,,49.38
10LO21B,"Module,LO21 BSM",EA,144.45,71.17,,,,67.14
10LO21K,"Module, LO21 for Keane Monroe",EA,144.45,71.17,,,,67.14
10LO21P,"Module,LO21P, PARALLAX",EA,146.45,72.23,,,,68.14
10LO21S,"Module, LO21 Lock-out Relay, Stanley",EA,144.45,71.17,,,,67.14
10LO21U,"Module,LO21U, Universal",EA,144.45,71.17,,,,67.14
10LPR36-300,"36"""" all-active push-plate, 300mhz wireless",EA,776.52,362.16,,,,341.66
10LPR36-433,"36"""" all-active push-plate, 433mhz wireless",EA,759.78,341.32,,,,322.0
10LPR36-900,"36"" ALL-ACTIVE PUSH-PLATE 900mhz T&L",EA,774.14,342.38,,,,323.0
10LPR36HW,"36"""" all-active push-plate, HW Hard Wired",EA,717.58,303.33,,,,286.16
10LPR36L-300,"36"""" all-active push-plate LOGO ONLY 300mhz wireless",EA,728.52,336.72,,,,317.66
10LPR36L-433,"36"""" LPR, Logo only, wireless 433 wireless trx",EA,759.78,341.32,,,,322.0
10LPR36L-900,"36"" ALL-ACTIVE PUSH-PLATE 900mhz LOGO ONLY",EA,774.14,342.38,,,,323.0
10LPR36LHW,"36"""" LPR, Logo only, HW Hard Wired",EA,717.58,303.33,,,,286.16
10LPRCAPKIT,Endcaps for LPR,EA,36.58,17.07,,,,16.1
10LZBR12SUL,"10LZBR12SUL, L & Z BRACKET KIT MAGLOCK1UL, (With Jagged)",EA,90.02,50.15,,,,47.31
10LZBR6SUL,"10LZBR6SUL, L & Z BRACKET KIT MAGLOCK3UL (With Jagged)",EA,72.29,44.22,,,,41.71
10LZBRGATE1200,"L & Z Bracket Kit, Gatelock For 1200 lbs,Includes Hardware",EA,92.27,51.59,,,,48.67
10LZBRMAG1UL - OBSOLETE,"L & Z bracket kit, Maglock1UL for 1200lbs, includes hardware",EA,82.02,45.91,,,,43.31
10LZBRMAG3UL - OBSOLETE,"L & Z bracket kit, Maglock3UL for 600lbs, includes hardware",EA,66.29,41.04,,,,38.71
10LZRFLATSCAN U952,LZR®-FLATSCAN-U952,EA,1587.65,756.91,,,,714.06
10LZRFLATSCAN3D-LB,"FLATSCAN 3D LEFT SENSOR ONLY, 1 Replacement Sensor",EA,981.91,462.64,,,,436.45
10LZRFLATSCAN3D-LBK,"FLATSCAN 3D LEFT ONLY KIT, 1 Sensor + Cables and Accessories",EA,994.27,468.62,,,,442.09
10LZRFLATSCAN3D-LELBKIT,"Flatscan 3D LE Left Kit, 2Sensors + Cables and Accessories",EA,1990.55,938.3,,,,885.19
10LZRFLATSCAN3D-LERBKIT,"Flatscan 3D LE Right KIT, 2 Sensors + Cables and Accessories",EA,1990.55,938.3,,,,885.19
10LZRFLATSCAN3D-LESWBK,"Flatscan 3D L.E Kit, 2Sensors + Cables and Accessories",EA,1990.55,938.3,,,,885.19
10LZRFLATSCAN3D-RB,FLATSCAN 3D RIGHT SENSOR ONLY,EA,981.91,462.64,,,,436.45
10LZRFLATSCAN3D-RBK,"FLATSCAN 3D RIGHT ONLY KIT, 1 Sensor + Cable and Accessories",EA,994.27,468.62,,,,442.09
10LZRFLATSCAN3D-SWBK,"FLATSCAN 3D Kit, BLACK, 2 Sensors + Cables and Accessories",EA,1988.55,937.24,,,,884.19
10LZRFLATSCAN3D-SWBKU,"FLATSCAN 3D Kit, BLACK, 2 Sensors + Cables and Accessories",EA,2068.32,956.26,,,,902.13
10LZRFLATSCANGDA,Flatscan GLass Door Accessory,EA,51.69,23.91,,,,22.56
10LZRFLATSCAN-LB,"LZRFLATSCANLEFT BLACK, Sensor ONLY",EA,882.41,415.68,,,,392.16
10LZRFLATSCAN-LELB,LZRFLATSCAN Low Energy LEFT BLACK,EA,898.77,423.78,,,,399.8
10LZRFLATSCAN-LELS,LZRFLATSCAN Low Energy LEFT SILVER,EA,924.61,435.74,,,,411.08
10LZRFLATSCAN-LELW,LZRFLATSCAN Low Energy LEFT WHITE,EA,924.61,435.74,,,,411.08
10LZRFLATSCAN-LERB,LZRFLATSCAN Low Energy RIGHT BLACK,EA,898.77,423.78,,,,399.8
10LZRFLATSCAN-LERS,LZRFLATSCAN Low Energy RIGHT SILVER,EA,924.61,435.74,,,,411.08
10LZRFLATSCAN-LERW,LZRFLATSCAN Low Energy RIGHT WHITE,EA,924.61,435.74,,,,411.08
10LZRFLATSCAN-LS,"LZRFLATSCANLEFT SILVER, Sensor ONLY",EA,908.25,427.64,,,,403.44
10LZRFLATSCAN-LW,"LZRFLATSCANLEFT WHITE, Sensor ONLY",EA,908.25,427.64,,,,403.44
10LZRFLATSCAN-RB,"LZRFLATSCAN Sensor ONLY, RIGHT BLACK",EA,882.41,415.68,,,,392.16
10LZRFLATSCANREVPZ-R,LZR®-FLATSCAN REV-PZ RECESSED,EA,1182.5,636.09,,,,600.08
10LZRFLATSCANREVPZ-SM,LZR®-FLATSCAN REV-PZ SURFACE MOUNT,EA,1182.5,636.09,,,,600.08
10LZRFLATSCAN-RS,"LZRFLATSCAN Sensor ONLY, RIGHT SILVER",EA,908.25,427.64,,,,403.44
10LZRFLATSCAN-RW,"LZRFLATSCAN Sensor ONLY, RIGHT WHITE",EA,908.25,427.64,,,,403.44
10LZRFLATSCAN-S,FLATSCAN S,EA,1485.22,1077.96,,,,1016.94
10LZRFLATSCAN-SWB,"LZRFLATSCAN KIT, BLACK, 2 sensors + Cables & Accessories",EA,1793.54,845.45,,,,797.59
10LZRFLATSCAN-SWBU,"LZRFLATSCAN KIT, BLACK, 2 sensors + Cbls & Accssy & Pwr Sply",EA,1873.31,864.46,,,,815.53
10LZRFLATSCAN-SWS,"LZRFLATSCAN KIT, SILVER, 2 sensors + Cables & Accessories",EA,1831.74,863.38,,,,814.51
10LZRFLATSCAN-SWW,"LZRFLATSCAN KIT, WHITE, 2 sensors + Cables & Accessories",EA,1831.74,863.38,,,,814.51
10LZRFLATSCAN-WLB,LZR FLATSCAN W LEFT BLACK,EA,1142.7,522.32,,,,492.75
10LZRFLATSCAN-WRB,LZR FLATSCAN W RIGHT BLACK,EA,1142.7,522.32,,,,492.75
10LZRH100,LZR®-GOLD-BLACK BLK-02 H100,EA,1994.39,1124.88,,,,1061.21
10LZRI30,"Laser Scanner, I30 US Market US wire colors, US config.",EA,1994.39,1124.88,,,,1061.21
10LZRMICROLEFT-T,Microscan Replacement LEFT Replacement LEFT,EA,644.83,304.22,,,,287.0
10LZRMICRORIGHT-T,Microscan Replacement RIGHT Replacement RIGHT,EA,644.83,304.22,,,,287.0
10LZRMICROSCAN1T,"LZR Microscan Kit, 1 DOOR 2 Microscans + Hub + cables",EA,1807.54,852.87,,,,804.59
10LZRMICROSCAN1UT,"10LZRMICROSCAN1UT KIT, Universal Kit with Power Supply & DS",EA,1899.42,895.77,,,,845.07
10LZRMICROSCAN2T,LZR MICROSCAN 2 KIT PAIR OF DOORS,EA,3536.15,1637.47,,,,1544.78
10LZRMICROSCAN2UT,"10LZRMICROSCAN2UT KIT, Universal Kit with Power Supply & DS",EA,3652.76,1722.23,,,,1624.74
10LZRMICROSCANHUB,LZR-Microscan HUB unit Replacement unit ONLY,EA,205.01,97.09,,,,91.6
10LZRS600,LZR®-GOLD-BLACK BLK-02 S600,EA,2240.46,1242.06,,,,1171.75
10LZRSIGMA-CA,"LZRSIGMA CEILING ACCESSORY, RECESSED",EA,95.51,40.62,,,,38.33
10LZRSIGMA-WAB,LZRSIGMA WALL MOUNT ACCESSORY BLACK,EA,95.51,40.62,,,,38.33
10LZRSIGMA-WAW,LZRSIGMA WALL MOUNT ACCESSORY WHITE,EA,95.51,40.62,,,,38.33
10LZRU920,LZR®-GOLD-BLACK BLK-02 U920,EA,2387.65,1123.93,,,,1060.31
10LZRU921,LZR®-GOLD-BLACK BLK-02 U921,EA,2488.77,1171.75,,,,1105.43
10LZRWIDESCAN,Widescan Industrial Sensor,EA,1904.5,896.75,,,,845.99
10MAGDE1,"Maglock,External Siren,Keyswit Signage, Delayed Egress, UL",EA,1542.12,733.55,,,,692.03
10MAGLIFELOCK9,10MAGLIFLOCK9 -- SINGLE 80LBS MINI ELECT. LOCK,EA,156.81,49.2,,,,46.41
10MAGLOCK1UL,"Maglock, 1200lb sgl, UL Listed",EA,433.48,127.36,,,,120.15
10MAGLOCK1ULDS,"Maglock, 1200lb sgl, DR STATUS, UL LISTED",EA,453.46,133.26,,,,125.72
10MAGLOCK3UL,"Maglock, 600lb sgl, UL Listed",EA,399.64,115.76,,,,109.21
10MAGLOCK3ULDS,"Maglock, 600lb sgl, DR STATUS UL LISTED",EA,427.48,124.0,,,,116.98
10MAGLOCK5UL,"Maglock, 1200lb dbl, UL Listed",EA,1029.89,300.63,,,,283.61
10MAGLOCK5ULDS,"Maglock, 1200lb dbl, DR STATUS UL LISTED",EA,1039.76,303.84,,,,286.64
10MAGLOCK6UL,"Maglock, 600lb dbl, UL Listed",EA,653.22,190.28,,,,179.51
10MAGLOCK6ULDS,"Maglock, 600lb dbl, DR STATUS UL LISTED",EA,659.71,192.77,,,,181.86
10MATRIXD110,"Matrix, Double Unit, 110volt",EA,261.93,111.85,,,,105.52
10MATRIXD1224,"Matrix, Double Unit, 12-24volt",EA,263.93,112.91,,,,106.52
10MATRIXHARN,"Harness, Matrix",EA,21.73,7.36,,,,6.95
10MATRIXIIS110,"MatrixII Single Unit, 110 Volt with yellow housing",EA,226.85,89.0,,,,83.96
10MATRIXIIS1224,MatrixII Single Unit 12-24 vlt with yellow housing,EA,226.85,89.0,,,,83.96
10MC15,"Module,MC15 Safety Module and Lock Out Relay",EA,139.21,65.68,,,,61.96
10MC25,"Module,MC25 Delay on Make, Delay on Break Time Delay",EA,132.47,62.69,,,,59.14
10MICRO1DADAPT,"Microcell DBL, with beam adapt no cables, w/ Optex adapters",EA,243.46,126.05,,,,118.91
10MICRO1SADAPT,"Microcell SGL, with beam adapt no cables, w/ Optex adapters",EA,185.03,95.8,,,,90.37
10MICROCELL1D,"Microcell Double Safety Beams, 5 Meter Cables",EA,278.29,131.31,,,,123.87
10MICROCELL1DL,"Microcell Double Safety Beam Set, 10 Meter Cables",EA,299.64,141.47,,,,133.46
10MICROCELL1S,"Microcell Single Safety Beams, 5 Meter Cables",EA,208.63,98.43,,,,92.85
10MICROCELL1SL,"Microcell Single Safety Beams, 10 Meter Cables",EA,224.36,106.2,,,,100.19
10MICROCELLADAPTER,"Harness, Microcell cable adapt 2 harnesses for 1 set of beams",EA,11.62,5.81,,,,5.48
10MICROCONTROL,Microcell Control Box,EA,129.1,72.02,,,,67.94
10MICROSCANMOUNT,"Mounting Kit, Microscan For Center Pivot Doors",EA,136.97,65.08,,,,61.4
10MICROSCAN-UKIT,"Microscan Universal Kit Accessory, Power Supply + Doorswitch",EA,124.61,59.1,,,,55.76
10MICROSCAN-Y,"Mounting Kit, Microscan For Glass or Fire Door",EA,37.46,17.53,,,,16.54
10MINIBRACKET,Mini Bracket for Industrial Sensors,EA,120.74,67.68,,,,63.85
10MS09L,MS09 IND. Magic Switch logo Hand Logo Only,EA,355.06,166.8,,,,157.35
10MS09TL,MS09 IND. Magic Switch T&L text and logo,EA,355.06,166.8,,,,157.35
10MS31BASE,"10MS31BASE, Base Unit for Custom MS31",EA,316.61,148.72,,,,140.31
10MS31J-B,"10MS31J-B Black Standard Magic Switch, JAMB Style",EA,316.61,148.72,,,,140.31
10MS31J-G,"10MS31J-G Gray Standard Magic Switch, JAMB Style",EA,316.61,148.72,,,,140.31
10MS31J-W,"10MS31J-W White Standard Magic Switch, JAMB Style",EA,316.61,148.72,,,,140.31
10MS31R-B,"10MS31R-B Black Standard Magic Switch, 6"" ROUND",EA,316.61,148.72,,,,140.31
10MS31R-G,"10MS31R-G Gray Standard Magic Switch, 6"" ROUND",EA,316.61,148.72,,,,140.31
10MS31R-W,"10MS31R-W White Standard Magic Switch, 6"" ROUND",EA,316.61,148.72,,,,140.31
10MS31U-B,"10MS31U-B Black Standard Magic Switch, SG + DG Faceplates",EA,318.61,149.78,,,,141.31
10MS31U-G,"10MS31U-G Gray Standard Magic Switch, SG + DG Faceplates",EA,318.61,149.78,,,,141.31
10MS31U-W,"10MS31U-W White Standard Magic Switch, SG + DG Faceplates",EA,318.61,149.78,,,,141.31
10MS41-D,"10MS41-D Magic Switch, Touchless, Stainless Steel DOUBLE GANG",EA,391.64,181.47,,,,171.2
10MS41-DA,"10MS41-DA Magic Switch, Touchless SS Double Gang, ACCESS LOGO",EA,391.64,181.47,,,,171.2
10MS41-DP,"10MS41-DP Magic Switch, Touchless, SS, Double Gang, PLAIN",EA,391.64,181.47,,,,171.2
10MS41-DPAL,"10MS41-DP Magic Switch, Touchless, SS, DG, PLAIN, ACCESS",EA,391.64,181.47,,,,171.2
10MS41-DPHL,"10MS41-DP Magic Switch, Touchless, SS, DG, PLAIN, HAND",EA,391.64,181.47,,,,171.2
10MS41-J,"10MS41-J Magic Switch, Touchless, Stainless Steel JAMB",EA,361.62,164.51,,,,155.2
10MS41-JA,"10MS41-JA Magic Switch, Touchless, SS JAMB, ACCESS LOGO",EA,362.74,165.57,,,,156.2
10MS41-JP,"10MS41-JP Magic Switch, Touchless, SS JAMB, PLAIN",EA,363.87,166.63,,,,157.2
10MS41-JPAL,"10MS41-JPAL Magic Switch, Touchless, SS JAMB, PLAIN, ACCESS",EA,363.87,166.63,,,,157.2
10MS41-JPHL,"10MS41-JPHL Magic Switch, Touchless, SS JAMB, PLAIN, HAND",EA,363.87,166.63,,,,157.2
10MS41-R,"10MS41-R Magic Switch, Touchless, Stainless Steel 6"" ROUND",EA,393.64,182.53,,,,172.2
10MS41-RA,"10MS41-RA Magic Switch, Touchess, SS 6"" ROUND, ACCESS LOGO",EA,393.64,182.53,,,,172.2
10MS41-RP,"10MS41-RP Magic Switch, Touchless, SS, 6"" ROUND, PLAIN",EA,393.64,182.53,,,,172.2
10MS41-RPAL,"10MS41-RP Magic Switch, Touchless, SS, 6"" ROUND, PLAIN, ACCES",EA,391.64,181.47,,,,171.2
10MS41-RPHL,"10MS41-RP Magic Switch, Touchless, SS, 6"" ROUND, PLAIN, HAND",EA,393.64,182.53,,,,172.2
10MS41-S,"MAGIC SWITCH Single Gang, TEXT + HAND LOGO",EA,366.92,169.51,,,,159.92
10MS41-SA,"10MS41-SA Magic Switch, Touchless SS Single Gang, ACCESS LOGO",EA,366.92,169.51,,,,159.92
10MS41-SP,"10MS41-SP Magic Switch, Touchless, SS, Single Gang, PLAIN",EA,366.92,169.51,,,,159.92
10MS41-SPAL,"10MS41-SP Magic Switch, Touchless, SS, SG, PLAIN, ACCESS",EA,366.92,169.51,,,,159.92
10MS41-SPHL,"10MS41-SP Magic Switch, Touchless, SS, SG, PLAIN, HAND",EA,366.92,169.51,,,,159.92
10MS51-D,MS51 RELAY VERSION Double Gang Wave to Open + Hand,EA,390.52,180.41,,,,170.2
10MS51-DA,MS51 RELAY VERSION Double Gang Wave to Open + Wheelchair,EA,390.52,180.41,,,,170.2
10MS51-DP,MS51 RELAY VERSION Double Gang Plain,EA,390.52,180.41,,,,170.2
10MS51-DT,MS51 RELAY VERSION Double Gang Wave to Open,EA,390.52,180.41,,,,170.2
10MS51-J,MS51 RELAY VERSION Jamb Wave to Open + Hand,EA,361.62,164.51,,,,155.2
10MS51-JA,MS51 RELAY VERSION Jamb Wave to Open + Wheelchair,EA,361.62,164.51,,,,155.2
10MS51-JP,MS51 RELAY VERSION Jamb Plain,EA,361.62,164.51,,,,155.2
10MS51-JT,MS51 RELAY VERSION Jamb Wave to Open,EA,361.62,164.51,,,,155.2
10MS51-R,MS51 RELAY VERSION Round Wave to Open + Hand,EA,401.75,191.01,,,,180.2
10MS51-RA,MS51 RELAY VERSION Round Wave to Open + Wheelchair,EA,401.75,191.01,,,,180.2
10MS51-RP,MS51 RELAY VERSION Round Plain,EA,401.75,191.01,,,,180.2
10MS51-RT,MS51 RELAY VERSION Round Wave to Open,EA,389.71,191.01,,,,180.2
10MS51-S,MS51 RELAY VERSION Single Gang Wave to Open + Hand,EA,366.11,168.75,,,,159.2
10MS51-SA,MS51 RELAY VERSION Single Gang Wave to Open + Wheelchair,EA,366.11,168.75,,,,159.2
10MS51-SAF,"MS51 RELAY VERSION SG Wave to Open + Wheelchair, FRENCH",EA,364.11,167.69,,,,158.2
10MS51-SP,MS51 RELAY VERSION Single Gang Plain,EA,366.11,168.75,,,,159.2
10MS51-ST,MS51 RELAY VERSION Single Gang Wave to Open,EA,366.11,168.75,,,,159.2
10MS51W-D,MS51W WIRELESS - 900MHz VER. Double Gang Wave to Open + Hand,EA,414.99,202.67,,,,191.2
10MS51W-DA,MS51W WIRELESS -900MHz Double Gang Wave to Open + Wheelchair,EA,414.99,202.67,,,,191.2
10MS51W-DKIT,MS51 WIRELESS VERSION - Double Gang Kit,EA,996.75,436.93,,,,412.2
10MS51W-DP,MS51W WIRELESS - 900MHz VERSION Double Gang Plain,EA,414.99,202.67,,,,191.2
10MS51W-DT,MS51W WIRELESS - 900MHz VERSION Double Gang Wave to Open,EA,414.99,202.67,,,,191.2
10MS51W-J,MS51W WIRELESS - 900MHz VERSION Jamb Wave to Open + Hand,EA,388.34,188.89,,,,178.2
10MS51W-JA,MS51W WIRELESS - 900MHz VER. Jamb Wave to Open + Wheelchair,EA,386.34,187.83,,,,177.2
10MS51W-JP,MS51W WIRELESS - 900MHz VERSION Jamb Plain,EA,388.34,188.89,,,,178.2
10MS51W-JT,MS51W WIRELESS - 900MHz VERSION Jamb Wave to Open,EA,388.34,188.89,,,,178.2
10MS51W-R,MS51W WIRELESS - 900MHz VER. Round Wave to Open + Hand,EA,426.23,213.27,,,,201.2
10MS51W-RA,MS51W WIRELESS - 900MHz VER. Round Wave to Open + Wheelchair,EA,426.23,213.27,,,,201.2
10MS51W-RP,MS51W WIRELESS - 900MHz VERSION Round Plain,EA,426.23,213.27,,,,201.2
10MS51W-RT,MS51W WIRELESS - 900MHz VERSION Round Wave to Open,EA,414.18,213.27,,,,201.2
10MS51W-S,MS51W WIRELESS - 900MHz VER. Single Gang Wave to Open + Hand,EA,388.59,189.95,,,,179.2
10MS51W-SA,MS51W WIRELESS -900MHz Single Gang Wave to Open + Wheelchair,EA,388.59,189.95,,,,179.2
10MS51W-SAF,"MS51W WIRELESS -900MHz SG Wave to Open + Wheelchair, FRENCH",EA,388.59,189.95,,,,179.2
10MS51W-SKIT,MS51 WIRELESS VERSION - Single Gang Kit,EA,928.63,415.73,,,,392.2
10MS51W-SP,MS51W WIRELESS - 900MHz VERSION Single Gang Plain,EA,388.59,189.95,,,,179.2
10MS51W-ST,MS51W WIRELESS - 900MHz VERSION Single Gang Wave to Open,EA,388.59,189.95,,,,179.2
10MSBOXDGSM,"10MSBOXDGSM, BOX, MAGIC SWITCH, DOUBLE GANG, SURFACE MOUNT",EA,46.49,21.45,,,,20.23
10MSBOXJAMBSM,"10MSBOXJAMBSM, BOX, MAGIC SWITCH, JAMB, SURFACE MOUNT",EA,37.84,17.5,,,,16.51
10MSBOXRNDSM,"10MSBOXRNDSM, BOX, MAGIC SWITCH, ROUND, SURFACE MOUNT",EA,61.33,28.68,,,,27.06
10MSBOXSGSM,"10MSBOXSGSM, BOX, MAGIC SWITCH, SINGLE GANG, SURFACE MOUNT",EA,37.84,17.5,,,,16.51
10MSRR-D,Magic Switch Restroom Kit Double Gang,EA,667.5,471.7,,,,445.0
10MSRR-DGPS,Magic Switch Restroom Kit Double Gang w/power supply cabinet,EA,847.5,598.9,,,,565.0
10MSRR-S,Magic Switch Restroom Kit Single Gang,EA,630.0,445.2,,,,420.0
10MSRR-SGPS,Magic Switch Restroom Kit Single Gang w/power supply cabinet,EA,840.0,593.6,,,,560.0
10PBDGP1,"Push Plate,S/S Dual Gang , Text and Logo",EA,124.36,69.49,,,,65.56
10PBJ,"Push Plate,S/S Jamb,Text",EA,78.79,37.12,,,,35.02
10PBJ1,"Push Plate,S/S Jamb,T&L",EA,78.79,37.12,,,,35.02
10PBJ10,"Push Plate,S/S Jamb,Plain",EA,78.79,37.12,,,,35.02
10PBJ1B,"Push Plate,S/S Jamb,T&L Blue Powdercoat",EA,78.79,37.12,,,,35.02
10PBJE,"Push Plate, Jamb, Push to Exit SS, 1.5"""" x 4.75"""" text only",EA,78.79,37.12,,,,35.02
10PBJL,"Push Plate,S/S Jamb,Logo",EA,78.79,37.12,,,,35.02
10PBJM1,"Push Plate,S/S Jamb,T&L 2 Stud wtih boot",EA,78.79,37.12,,,,35.02
10PBJML,"Push Plate,S/S Jamb,Logo 2-Stud with boot",EA,78.79,37.12,,,,35.02
10PBJMS1,Jamb 1.75 x 4.5 Text and Logo Microswitch,EA,80.79,38.18,,,,36.02
10PBJMSLL,Jamb 1.75 x 4.5/Logo Microswitch,EA,80.79,37.58,,,,35.46
10PBJSREV,"Push Plate, Jamb Braille Custom for Besam",EA,84.16,39.97,,,,37.71
10PBO241,"Push Plate,S/S 2"""" x 4"""" Oblong TEXT & LOGO",EA,93.15,44.16,,,,41.66
10PBO2410,"Push Plate,S/S 2"""" x 4"""" Oblong Plain",EA,93.15,44.16,,,,41.66
10PBO24E,"Push Plate,S/S 2"""" x 4"""" Oblong, PUSH TO EXIT",EA,93.15,44.16,,,,41.66
10PBO24L,"Push Plate,S/S 2"""" x 4"""" Oblong, Logo Only",EA,93.15,44.16,,,,41.66
10PBR,"Push Plate,S/S 6"""" Rnd,Text, .093 Thru Holes",EA,90.9,42.96,,,,40.53
10PBR1,"Push Plate,S/S 6"""" Rnd,T&L,.093 Thru Holes",EA,88.9,41.9,,,,39.53
10PBR10,"Push Plate,S/S 6"""" Rnd,Plain",EA,90.9,42.96,,,,40.53
10PBR1AL,"10PBR1AL, 6"" round SS plate, text & Alternative logo",EA,88.9,41.9,,,,39.53
10PBR45,"Push Plate,S/S 4.5"""" Rnd,Text",EA,77.66,36.52,,,,34.46
10PBR451,"Push Plate,S/S 4.5"""" Rnd,T&L",EA,77.66,36.52,,,,34.46
10PBR4510,"Push Plate,S/S 4.5"""" Rnd,Plain",EA,77.66,36.52,,,,34.46
10PBR45LL,"Push Plate,S/S 4.5"""" Rnd,LgLogo",EA,77.66,36.52,,,,34.46
10PBRLL,"Push Plate,S/S 6"""" Rnd,Lg Logo",EA,88.9,41.9,,,,39.53
10PBS,"Push Plate,S/S,4.75"""" Sq,Text, .093 Thru Hole",EA,88.9,41.9,,,,39.53
10PBS1,"Push Plate,S/S 4.75"""" Sq.,T&L, .093 Thru Holes",EA,88.9,41.9,,,,39.53
10PBS10,"Push Plate,S/S 4.75"""" Sq, Plain",EA,88.9,41.9,,,,39.53
10PBS1AL,"10PBS1AL, 4.75"" Square SS push plate, text & Alternativ logo",EA,88.9,41.9,,,,39.53
10PBS1B,"Push Plate,S/S 4.75"""" Sq.,T&L, Blue Powdercoat with White T&L",EA,90.9,42.96,,,,40.53
10PBS1SB,"PushPlate, Satin Brass plated T&L, S/S Titanium Plated Brass",EA,281.42,132.96,,,,125.44
10PBS45,"Push Plate,S/S 4.5"""" Sq,Text",EA,84.16,39.97,,,,37.71
10PBS451,"4.5 INCH SQUARE PUSH PLATE, 4.5"" Square, Stainless Steel, Text + Logo",EA,84.16,39.97,,,,37.71
10PBS4510,"Push Plate,S/S 4.5"""" Sq,Plain",EA,84.16,39.97,,,,37.71
10PBS451AL,"10PBS451, 4.5"" Square SS push plate, text & ALT logo",EA,84.16,39.97,,,,37.71
10PBS451B,"Push Plate,S/S 4.5"""" Sq,T&L Blue Powdercoat/Leatherette",EA,84.16,39.97,,,,37.71
10PBS45B,"Push Plate,S/S 4.5"""" Sq,Text Blue Powdercoat/ Leatherette",EA,84.16,39.97,,,,37.71
10PBS45LL,"Push Plate,S/S 4.5"""" Sq, LL Large Logo only",EA,84.16,39.97,,,,37.71
10PBS45POD,"Push Plate,S/S,4.5"""" Sq,Text, Press To Operate Door",EA,84.16,39.97,,,,37.71
10PBS6,"Push Plate 6"""" Square TEXT only Stainless STL, .093 Thru Holes",EA,90.9,42.96,,,,40.53
10PBS61,"Push Plate 6"""" Square text+logo Stainless STL, .093 Thru Holes",EA,90.9,42.96,,,,40.53
10PBS610,"Push Plate 6"""" Square, Plain Stainless STL, .093 Thru Holes",EA,90.9,42.96,,,,40.53
10PBS6LL,"Push Plate 6"""" Square LOGO only Stainless STL, .093 Thru Holes",EA,90.9,42.96,,,,40.53
10PBSE,"Push Plate, SQ, Push to Exit SS, 4.75"""" square, text only",EA,88.9,41.9,,,,39.53
10PBSLL,"Push Plate,S/S 4.75 Sq,Large Logo",EA,88.9,41.9,,,,39.53
10PHOENIXEX100,"Falcon Sensor EXPROOF HSG Grey, R1 & R2 config, 100ft cabe",EA,2765.18,1809.79,,,,1707.35
10PHOENIXEX-IT100,"Falcon EXPROOF HSG Grey, R1 & R2 config, 100ft cable",EA,2765.18,1809.79,,,,1707.35
10PHOENIXEXW100,"PHOENIXEX WIDE, Explosion Proof Gray, R1 & R2 config, 100ft",EA,2638.21,1809.79,,,,1707.35
10PHOENIXEXW-IT100,"PHOENIXEX ITW, Explosion Proof Gray, 100ft",EA,2638.21,1809.79,,,,1707.35
10PHOENIXEXXL100,"PHOENIXEX XL IND Motion Sensor, Grey, R1 & R2 config, 100FT",EA,2638.21,1809.79,,,,1707.35
10PHOENIXEXXL-IT100,PHOENIXEXITXL Industrial EX-PROOF Motion Sensor - 100ft cable,EA,2638.21,1809.79,,,,1707.35
10PIEZO241,"Piezoelectric Switch, Single Gang, """"Push To Exit"""" in Red",EA,292.81,140.17,,,,132.23
10PROXIMOD,ProximoD Dual Sensor Black,EA,521.87,109.05,,,,102.88
10PS12-24,"Power Supply / Battery Charger 12vdc or 24vdc @ 1.75 amp, UL",EA,395.82,188.97,,,,178.28
10PS12-24D,"Pwr Sup. / Bat. Chgr, 12vdc or 24vdc @ 1.75 amp, Acom. 2 Bat.",EA,428.54,205.17,,,,193.56
10PSMDR2024,10PSMDR2024 -- DIN Rail Power Supply 24W 24V 1A,EA,107.51,51.2,,,,48.3
10PSST242,"AC/DC Power Supply, ITE, 1 Output, 24 W, 24 V, 2 A",EA,103.51,49.08,,,,46.3
10PSVR5T,"Voltage Regulator, 24VAC, VR5T 12vdc or 24vdc @ 3 amp",EA,350.34,91.91,,,,86.7
10PTLBUTTON,"10PTLBUTTON, Switch SG ""Push to Lock"" LED Illuminated Switch",EA,82.02,41.85,,,,39.48
10QSPRIMARY,QUADSCAN I NO HOUSING-02,EA,400.0,188.32,,,,177.66
10QUADSCANI,Quadscan I safety sensor,EA,426.97,200.87,,,,189.5
10QUADSCANICUSTOM,"Quadscan I, Custom Lengh custom size",EA,444.95,207.57,,,,195.82
10QUADSCANII,Quadscan II safety sensor,EA,653.94,308.0,,,,290.57
10QUADSCANII40,"Quadscan II safety sensor 40"""" 40"""" cut length end to end",EA,686.52,322.83,,,,304.56
10QUADSCANIICUSTOM,"Quadscan II, Custom Lengh custom size",EA,698.88,328.81,,,,310.2
10R2E-100,R2E-100 Security Sensor,EA,194.54,92.69,,,,87.45
10R300,"10R300, 300 MHZ RECEIVER",EA,142.14,77.91,,,,73.5
10RD433,"Receiver, 433 MHz Digital",EA,81.28,38.45,,,,36.28
10RD433EH,"Receiver 433mhz, Extended Hold Extended Hold Receiver",EA,81.28,38.45,,,,36.28
10RD900,10RD900 -- RECEIVER 900 Mhz DIGITAL,EA,81.78,38.13,,,,35.97
10REL12VAC,"ISO 12 Isolation Relay, 12 VAC",EA,52.94,29.35,,,,27.69
10REL12VDC,"ISO 12 Isolation Relay, 12V DC",EA,48.94,27.23,,,,25.69
10REL24V,"ISO 24 Isolation Relay, 24 VAC",EA,38.83,21.49,,,,20.27
10REL24VDC,"ISO 24 Isolation Relay, 24V DC",EA,39.96,22.21,,,,20.95
10REMOTE,Universal I.R. Remote Control,EA,80.4,37.99,,,,35.84
10RESTROOMKIT,BEA Restroom Kit,EA,330.34,77.75,,,,73.35
10RETROFITSPACER,"10RETROFITSPACER, ULTIMO RETROFIT SPACER KIT",EA,67.42,31.8,,,,30.0
10RIMHOUSING1UL,Armature Housing 1200lb single,EA,46.07,25.83,,,,24.36
10RIMHOUSING3UL,"Armature Housing, 600lb single",EA,46.07,25.83,,,,24.36
10SMARTFOCUS,Smart Focus safety sensor,EA,384.27,180.55,,,,170.33
10SMARTFOCUSSMA,Smart Focus Surface Mount Acc.,EA,40.45,22.24,,,,20.98
10SPACER1UL,Vertical Spacer for 1200lb Mag,EA,40.83,22.55,,,,21.27
10SPACER3UL,Vertical Spacer for 600lb Mag,EA,40.83,22.55,,,,21.27
10SPACER6UL,10SPACER6UL -- VERTICAL SPACER FOR 600LB MAG,EA,40.83,22.55,,,,21.27
10SPARROW,SPARROW BLK-02,EA,470.79,221.2,,,,208.68
10SPOTFINDER,BEA Spotfinder,EA,72.92,34.59,,,,32.64
10SSHARDWARE,Hardware Accessory Pack for SuperScan (70.0031),EA,16.36,8.58,,,,8.09
10SSQD,"Quick Disconnect, SuperScan",EA,59.93,33.31,,,,31.43
10SSTI,"SuperScan I, Primary Only",EA,396.18,188.59,,,,177.92
10SSTI13,"Superscan I, 13"""" No Cable, Sheath, Jamb Cap",EA,383.82,170.66,,,,161.0
10SSTI40,"SuperScan I, 40"""" Length 1 Primary only",EA,420.9,200.55,,,,189.2
10SSTI42,"SuperScan I, 42"""" Length 1 Primary only",EA,440.0,209.52,,,,197.66
10SSTI48,"SuperScan I, 48"""" Length 1 Primary",EA,453.48,215.5,,,,203.3
10SSTICUSTOM,"SuperScan I,Custom Length, Primary Only",EA,466.97,222.07,,,,209.5
10SSTII,"SuperScan II, 1 Each Primary and Secondary",EA,615.67,292.21,,,,275.67
10SSTII40,"SuperScan II, 40"""" Length 1 each Primary and Secondary",EA,645.76,306.42,,,,289.08
10SSTII42,"SuperScan II, 42"""" Length 1 each Primary and Secondary",EA,658.11,312.4,,,,294.72
10SSTII44,"SuperScan II, 44"""" Length 1 each Primary and Secondary",EA,672.72,319.57,,,,301.48
10SSTII48,"SuperScan II, 48"""" Length 1 each Primary and Secondary",EA,701.94,333.32,,,,314.46
10SSTIICUSTOM,"SuperScan II, Custom Length 1 Each Primary and Secondary",EA,746.63,354.11,,,,334.07
10SSTIII,"SuperScan III, 1 Primary, 2 Secondary",EA,1020.3,483.57,,,,456.2
10SSTIIICUSTOM,"SuperScan III, Custom Length, 1 Primary, 2 Secondary",EA,1036.9,491.21,,,,463.4
10SSTIVCUSTOM,"SuperScan IV,1 Primary,3 SecondaryCustom Length",EA,1305.69,617.49,,,,582.53
10SSTPRIMARY,"Primary Module Only, SuperScan",EA,341.98,162.18,,,,153.0
10SSTSECONDARY,"Secondary Module Only,SuperScan",EA,251.71,141.54,,,,133.53
10STRIKECU,"Electric Strike, Cylindrical Universal, Low Profile",EA,324.14,154.46,,,,145.72
10STRIKECUV,"Electric Strike Cylindrical Universal, V",EA,285.42,131.41,,,,123.97
10STRIKERE,Electric Strike For Rim Exit Devices,EA,686.47,326.86,,,,308.36
10STRIKEREV12,10STRIKEREV12 RIM EXIT VALUE LINE,EA,609.55,281.85,,,,265.9
10STRIKEREV34,10STRIKEREV34 RIM EXIT VALUE LINE,EA,607.55,280.79,,,,264.9
10SWITCH1076,"Door Position Switch, 3/4"""" Dia 3/4"""" Gap, SPDT, Bullet style",EA,52.56,29.04,,,,27.39
10SWITCH1084,"Switch, Surface Mount SPDT, 2"""" Gap, Grey",EA,16.61,8.95,,,,8.44
10SWITCH1277,"Door Position Switch, 3/8"""" Dia 1/2"""" Gap, SPDT, Bullet style",EA,34.58,18.99,,,,17.92
10SWITCH75,"Miniature 3/8"""" Recessed Switch Set, Open/Closed, SPDT",EA,16.61,8.95,,,,8.44
10T300HH,"Xmitter,300 MHz,Hand Held With Case and Mounting Clip",EA,131.01,63.65,,,,60.04
10T300HH4,"Transmitter, 300MHz, 4button Hand Held with Case and Clip",EA,131.01,63.65,,,,60.04
10T300HHDBL,"Xmitter,300 Mhz Dual Hand Held",EA,125.39,61.25,,,,57.79
10T300KEYCHAIN,"Xmitter,300 MHz Keychain",EA,131.01,63.65,,,,60.04
10T300MINIPB,"Xmitter,300 MHz Mini/Flag Conn",EA,131.01,63.65,,,,60.04
10T300PB,"Xmitter,300 MHz with Flag Conn",EA,127.53,62.97,,,,59.4
10TD433HH1,"Transmitter, 433mhz, 1 button",EA,69.42,32.75,,,,30.89
10TD433HH2,"Transmitter, 433mhz, 2 button",EA,89.64,42.31,,,,39.92
10TD433HH3,"Transmitter, 433mhz, 3 button",EA,93.01,43.51,,,,41.04
10TD433HH4,"Transmitter, 433mhz, 4 button",EA,95.26,44.7,,,,42.17
10TD433PB3V,"Transmitter, 433mhz, digital Flag Connectors, 3V Battery",EA,69.42,32.75,,,,30.89
10TD433PB9V,"Transmitter, 433 Mhz Digital, PB with flag connectors",EA,71.42,33.81,,,,31.89
10TD900HH1,"Transmitter, 900mhz, 1 button",EA,84.9,39.78,,,,37.53
10TD900HH1U,"10TD900HH1U, 900mhz transmitter, Universal Code",EA,88.27,41.58,,,,39.22
10TD900HH2,"Transmitter, 900mhz, 2 button",EA,100.63,47.56,,,,44.86
10TD900HH3,"Transmitter, 900mhz, 3 button",EA,104.0,48.75,,,,45.99
10TD900HH4,"Transmitter, 900mhz, 4 button",EA,106.25,49.95,,,,47.12
10TD900INDHH1,"Transmitter, 1 Button Industrial 900mhz",EA,90.52,42.77,,,,40.35
10TD900INDHH2,"Transmitter, 2 Button Industrial 900mhz",EA,107.37,50.54,,,,47.68
10TD900INDHH3,"Transmitter, 3 Button Industrial 900mhz",EA,109.62,51.74,,,,48.81
10TD900INDHH4,"Transmitter, 4 Button Industrial 900mhz",EA,112.99,52.94,,,,49.94
10TD900PB,"Transmitter, 900mhz flagged Flag Connectors, AAA Battery",EA,78.4,38.72,,,,36.53
10TD900TR,"Transmitter, 900mhz, Touchless Wireless Converter",EA,87.15,40.98,,,,38.66
10TECHKIT,"10TECHKIT, Technical Kit",EA,275.6,137.8,,,,130.0
10UBRACKETUL,U-bracket for UL Maglocks Fits both 600lb and 1200lb,EA,70.79,39.46,,,,37.22
10ULTIMO,ULTIMO Sliding Door Sensor,EA,749.19,207.64,,,,195.89
10ULTIMOSPACER,"10ULTIMOSPACER, ULTIMO SPACER KIT",EA,46.94,22.26,,,,21.0
10UMB,"10UMB, ULTIMO MOUNTING BRACKET KIT",EA,44.94,21.2,,,,20.0
10URA,"10URA, Ultimo / IXIO Rain Accessory",EA,69.42,32.86,,,,31.0
10URC,"Universal Rain Cover - Fits Bodyguard, Crystal, and Wizard",EA,66.05,30.95,,,,29.2
10WBA,"Telescopic Bracket, Widescan, Complete",EA,265.21,126.69,,,,119.52
10WBAARM,WIDESCAN FIXTURE FOR MOUNTING BRACKET,EA,66.29,30.85,,,,29.1
10WBAMOUNT,"WIDESCAN MOUNTING BRACKET, Aluminum",EA,165.17,77.72,,,,73.32
10WCK433,"WIRELESS CONVERTER KIT FOR LPR, 433 MHZ",EA,48.31,22.71,,,,21.43
10WCK900,"WIRELESS CONVERTER KIT FOR LPR, 900 MHZ",EA,95.51,44.84,,,,42.3
10WMB,"Wizard Mounting Bracket, black (00.0081 ABA BLACK)",EA,25.84,11.96,,,,11.28
10WRRND45,"Weather Ring, for 4.5"""" Rnd Box",EA,8.74,4.05,,,,3.82
10WRRND6,"Weather Ring for 6"""" Round Box",EA,8.74,4.05,,,,3.82
10WRSQ475,"Weather Ring,for 4.75"""" Sq. Box",EA,8.74,4.05,,,,3.82
15.0075,"Harness,LO21",EA,7.62,4.05,,,,3.82
15.0076,"Harness,MC15",EA,7.62,3.93,,,,3.71
15.0082,"Harness,LO21S",EA,7.62,4.05,,,,3.82
15.0094,"Harness,LE21",EA,7.62,3.93,,,,3.71
15.0096,"Harness,MC25",EA,7.62,3.93,,,,3.71
15.0118,"Cable, Focus 2, 20 Foot",EA,25.35,13.6,,,,12.83
15.5039,"PCB,Panther TD433PTRII switch and transmitter",EA,59.93,33.31,,,,31.43
15.5142,"PCBA, Panther 900 mhz",EA,74.29,41.54,,,,39.19
20.0035,PAIR OF MICROCELL HEAD_AS-AM,EA,96.52,54.08,,,,51.02
20.0044,"Kit,Mounting Hardware,Double Gang, 6"""" S/S Push Plates (Build In House)",EA,5.37,2.38,,,,2.24
20.0045,Jamb Cap Kit for MicroCell 2 caps per kit,EA,15.48,8.59,,,,8.11
20.0055,"Cable Set,30' Microcell Rec=BLACK, Emit=GRAY",EA,37.71,21.13,,,,19.93
20.0056,"Cable Set, 18' Microcell, Rec=BL, Emit=GR w/locking clip",EA,23.1,12.88,,,,12.15
20.0103,"Harness, Supescan Secondary-Blue from BEA, SA p/n 30.0015",EA,14.36,7.52,,,,7.09
20.2002,"Cable,Bundled,9 Ft,6 Conductor For Superscan/Bodyguard",EA,8.74,4.29,,,,4.05
20.2006,Jambcam Power Supply w/ pcba Over Molded 15.5114 PCBA,EA,53.45,26.9,,,,25.38
20.2007,"Harness, MS21 ISO Module +pcba Complete assembly with 15.5120 (DO NOT ORDER)",EA,46.45,25.42,,,,23.98
20.2009,"Harness, IXIO Camera Pwr Sup 20.5308 harness + 15.5114 pcba",EA,78.79,34.13,,,,32.2
20.2015,"Bodyguard Light Pipe Assembly, Light Pipe + Housing",EA,7.62,3.45,,,,3.26
20.2020,"Switch, Momentary, Keyswitch NEW design 112-PAM",EA,52.07,29.01,,,,27.36
20.2021,"Switch, Maintained, Keyswitch NEW design 112-PA-XBEA1",EA,52.07,29.01,,,,27.36
20.5095,"HARNESS, MICROSCAN POWER, 24""L",EA,18.85,8.53,,,,8.05
20.5096,"Harness, Eagle Microscan",EA,8.74,4.05,,,,3.82
20.5222,DOOR POSITION HUB RELAYHARNESS NULL,EA,18.85,8.53,,,,8.05
20.5259,"Harness, Quadscan, main US colors",EA,25.35,13.6,,,,12.83
20.5302,"HARNESS OPTEX IXIO CONVERSION, 300mm L",EA,15.48,8.59,,,,8.11
20.5304,"HARNESS LZR AUXILIARY, 1200mm L",EA,18.85,8.53,,,,8.05
20.5310,Jumper Harness For On-Off-Hold Open Switch,EA,10.99,4.8,,,,4.52
20.5315,"Harness, Quadscan, M-S, 45cm",EA,8.74,4.65,,,,4.38
20.5322,"Harness, Horton 4190, M-scan Plug-N-Play",EA,36.58,17.07,,,,16.1
20.5347,"Harness, Cable Hub To uScan, 30ft L",EA,54.31,25.6,,,,24.15
20.5349,"Harness, IXIO With Relay, 3M L",EA,18.85,10.39,,,,9.8
20.5359,"Harness, IXIO With Relay, 30ft",EA,29.84,17.07,,,,16.1
20.5365,"Harness, Falcon 100 ft, with JST, 5cu American wire colors",EA,118.74,66.62,,,,62.85
20.5372,"Harness, Proximo-D, 6 meter length",EA,24.47,11.22,,,,10.59
20.5399,CABLE POWER WIDESCAN 10m,EA,97.89,46.64,,,,44.0
20.5433,"Harness, FLATSCAN SW/3D, 3 Meter Length",EA,16.61,7.76,,,,7.32
30.0345,5 Pin Terminal Block/Pluggable,EA,8.74,4.05,,,,3.82
30.0388,"Switch,DPDT,Plunger Type,15A Cherry E19-00J with hex nut",EA,42.2,20.05,,,,18.92
30.0407,"Conn,5 Pos,Pin Strip,3.5mm Riacon 166-31-166-105-09",EA,8.74,4.05,,,,3.82
30.5124,3 Volt Battery,EA,8.74,4.05,,,,3.82
30.5558,"POWER SUPPLY AC/DC ADAPTER 100-240/15V UL, 3' cord length",EA,105.51,50.14,,,,47.3
30.5580,"3/8"""" Wide Gap Contact, 2 Wire WHITE",EA,18.85,8.53,,,,8.05
35.0213,COVER FLATSCAN & LIGHT PIPE LEFT BLACK,EA,18.85,8.83,,,,8.33
35.0214,COVER FLATSCAN & LIGHT PIPE RIGHT BLACK,EA,18.85,8.83,,,,8.33
35.0220,COVER FLATSCAN & LIGHT PIPE LEFT WHITE,EA,24.47,11.66,,,,11.0
35.0221,COVER FLATSCAN & LIGHT PIPE RIGHT WHITE,EA,24.47,11.66,,,,11.0
35.0237,ASSY FLAT MOUNT ACCESSORY FLATSCAN RIGHT BLACK,EA,22.22,10.06,,,,9.49
35.0242,COVER FLATSCAN & LIGHT PIPE LEFT ALU F-700228,EA,24.47,11.66,,,,11.0
35.0243,COVER FLATSCAN & LIGHT PIPE RIGHT ALU F-700228,EA,24.47,11.66,,,,11.0
35.0288,ASSY COVER FLATSCAN SW PLUS RIGHT BLACK,EA,27.6,13.0,,,,12.26
35.1128,CABLE POWER SMART FOCUS 2.5m,EA,18.85,10.39,,,,9.8
35.1242,CABLE POWER LZR-I100 10m US CUSTOM,EA,61.06,34.03,,,,32.1
35.1302,"Cover, IXIO WHITE Cover with Light Pipe",EA,10.99,5.65,,,,5.33
35.1303,"Cover, IXIO SILVER Cover with Light Pipe",EA,18.85,10.39,,,,9.8
35.1321,COVER MICROSCAN & LIGHT PIPE BLACK Vendor to provide CoC with each shipment.,EA,36.58,17.07,,,,16.1
35.1326,uScan To Hub Harness (Hub Harness),EA,18.85,8.53,,,,8.05
35.1327,uScan To uScan Harness (Daisy Chain Harness),EA,18.85,8.53,,,,8.05
35.1329,CABLE M-S 4SAFE CON.HRS 45cm/5WIRES,EA,8.74,4.65,,,,4.38
35.1555,CABLE POWER WIDESCAN 15m,EA,89.78,49.78,,,,46.96
35.1568,CABLE POWER FALCON REDESIGN US CUSTOM CABLE GLAND M16,EA,70.05,33.07,,,,31.2
41.3879,"Support, PCB Bodyguard, SScan 41.3879",EA,4.25,1.96,,,,1.85
41.4703,"Lens, Bodyguard, cut to 4-7/8"""" 123.8 mm",EA,8.74,4.05,,,,3.82
41.5986,"LENS, QUADSCAN, SOLD BY INCH",EA,2.18,0.51,,,Also listed at $1.57,0.49
41.7922,Left Cable Entry Clamp Mscan (Pass Through),EA,8.74,4.05,,,,3.82
41.7923,Right Cable Entry Clamp Mscan (Pass Through),EA,8.74,4.05,,,,3.82
41.8632,M2.5 X 8MM LONG PHIL PAN PT SCREW ZINC,EA,7.62,3.3,,,,3.11
41.8838,SPIDER BRACKET WIDESCAN,EA,29.84,13.73,,,,12.95
50.0006,Sheet Metal Scre,EA,3.12,1.13,,,,1.07
50.0007,"Screw,6 X 1 1/4 Phi Oval BO MPN # 06040PHIOVLABBO",EA,4.25,1.96,,,,1.85
50.0048,"Screw,#8X1-1/4 PHP TEK2,410S/S MPN # 08040PHIPANTEK2SS",EA,5.37,2.55,,,,2.41
50.0068,"Screw, #6-32x1, Stainless for push plates",EA,4.25,1.81,,,,1.7
50.0069,"Screw, #8-32x1, Stainless for push plates",EA,4.25,1.81,,,,1.7
50.0073,Plastic Transmitter Shelf for Bollard,EA,4.25,1.81,,,,1.7
50.0334,HARDWARE PACK FOR MAGLOCK1UL,EA,16.61,8.95,,,,8.44
50.0335,Hardware pack for MAGLOCK3UL NULL,EA,16.61,8.95,,,,8.44
50.0336,Signage for Delayed Egress NULL,EA,78.79,43.7,,,,41.22
50.0348,"Screw Kit for MS11S, 2+2 screws & wrench Kit Includes The Following: - 50.5135 (QTY: 02) - 50.5149 (QTY: 02) - 50.5268 (QTY: 01)",EA,2.0,6.36,,,,6.0
50.1818,"Screw Kit, 8X1/2PHP TEK2 410ss (2 screws per bag)",EA,6.24,2.55,,,,2.41
50.5016,"Raw, Adapter Ring FOR 10PBDGP1 Modified Raco # 791 Mud Ring",EA,6.49,3.3,,,,3.11
50.5282,"Screw, Wood, Microscan 410SS,PanHdPhil,8-11Thrd 3/4""""L",EA,5.37,2.55,,,,2.41
50.5283,"TANE PILL Switch, Center Leads Surface Mount, White TANE PART NUMBER: TANE PILL WH 50.5283 NOTE: Please apply a PROP65 warning label to each part.",EA,36.58,17.07,,,,16.1
50.5320,"Hardware Pack, Bollard, New Design",EA,54.31,25.6,,,,24.15
55.0001,Jamb Cap Kit for SuperScan,EA,12.74,6.17,,,,5.82
70.0005,"End Cap, Right, SScan & BGuard D",EA,5.37,2.55,,,,2.41
70.0006,"End Cap,Left,SScan & Bodyguard G",EA,5.37,2.55,,,,2.41
70.0011,"Cable,4 Cond at 22 Gauge, Belden # 5502UE-1000-8",EA,2.18,0.66,,,Also listed at $1.72,0.62
70.0025,"Extrusion, Aluminum Blk Annod. For Superscan",EA,4.37,1.32,,,Also listed at $2.38,1.24
70.0026,"Cable,6 Cond at 22 Gauge, Belden BEL5504UE",EA,3.12,1.42,,,,1.34
70.0033,"Cover, Crystal",EA,15.48,7.04,,,,6.64
70.0046,"Extrusion,AL/Blk Annodize, Cut to 33""""",EA,28.72,15.75,,,,14.86
70.0048,"Extrusion,AL/Blk Annodize, Cut to 38.5"""" for 10SSII40",EA,44.2,24.7,,,,23.3
70.0049,"Extrusion,AL/Blk Annodize, Cut to 40.5"""" for 10SSII42",EA,47.57,26.14,,,,24.66
70.0050,"Extrusion,AL/Blk Annod. 46.5"""" Cut to 46.5 inches",EA,54.31,30.44,,,,28.72
70.0068,"Harness,Winscan Wiring,48""""",EA,10.99,5.65,,,,5.33
70.0138,"LENS, Plastic, For Superscan 41.6155",EA,4.18,0.66,,,Also listed at $1.72,0.62
70.0155,"JAMB CAP,MICROCELL",EA,5.37,2.55,,,,2.41
70.0167,"Cover,Eagle with Light Pipe",EA,8.74,4.05,,,,3.82
70.0173,"Antenna,Eagle Wide Band",EA,8.74,4.05,,,,3.82
70.0179,"Cover for Light Pipe,BGuard (Avant Face)",EA,5.37,2.26,,,,2.13
70.0180,"Light Pipe,BGuard Avant Face",EA,4.25,1.66,,,,1.56
70.0182,"Antenna,Eagle Narrow",EA,8.74,4.05,,,,3.82
70.0195,"Cover,Bollard,Formed",EA,70.05,33.07,,,,31.2
70.0197,"Cover,Wizard with Light Pipe",EA,9.87,4.65,,,,4.38
70.0202,"26"""" Superscan flexible tubing",EA,8.74,4.05,,,,3.82
70.0203,"Lens, Superscan precut to 33 Inches (83.82cm), 41.3915",EA,19.98,11.1,,,,10.48
70.0207,LENS SUPERSCAN PRECUT TO 4.78 Inches (12.14cm),EA,8.74,4.05,,,,3.82
70.0222,"Lens for Wizard, 3 Ft pattern",EA,9.87,4.65,,,,4.38
70.0223,"OPTO PRISM ""LL"" PAINT.",EA,2.0,4.65,,,,4.38
70.0260,"12 Volt Battery, Energizer Energizer P/N A23CVZ",EA,8.74,3.75,,,,3.54
70.0261,"9 Volt Battery, Energizer",EA,13.24,5.84,,,,5.51
70.0262,Matrix Socket without wire Tyco (MT 78 760),EA,12.11,6.51,,,,6.14
70.0304,Turnkey Hardware pk. Superscan,EA,14.36,7.52,,,,7.09
70.0319,"Lens, Superscan precut to 38.5 Inches (97.8cm)",EA,29.84,16.47,,,,15.54
70.0320,"Lens, Superscan precut to 40.5 Inches (102.9cm)",EA,36.58,20.05,,,,18.92
70.0321,"Lens, Superscan precut to 46.5 Inches (118.1cm)",EA,44.2,24.7,,,,23.3
70.2021,LPR Top Endcap Assembly (70.5405+70.5406+50.5210),EA,24.47,11.66,,,,11.0
70.5022,"Bracket, Base, SS Bollard, New Design with Hex Nut",EA,97.89,46.09,,,,43.48
70.5227,"Faceplate Double Gang New MS08 Polycarbonate, silkscreened",EA,16.61,8.95,,,,8.44
70.5236,"Adapter Bracket, New MS08 Polycarbonate",EA,15.48,7.04,,,,6.64
70.5268,"Faceplate, SG, white + artwork MS08U custom faceplate",EA,16.61,8.95,,,,8.44
70.5269,"Faceplate, DG, white + artwork MS08U custom faceplate",EA,16.61,8.95,,,,8.44
70.5270,"Faceplate, SG Almond + artwork MS08U custom faceplate",EA,16.61,8.95,,,,8.44
70.5271,"Faceplate, DG Almond + artwork MS08 custom faceplate",EA,16.61,8.95,,,,8.44
70.5278,"Faceplate, SG, Black, Handicap Handicap Logo only",EA,16.61,8.95,,,,8.44
70.5279,"Faceplate, DG, Black, Handicap Handicap Logo only",EA,16.61,8.95,,,,8.44
70.5343,Left Superscan EndCa,EA,4.25,1.66,,,,1.56
70.5344,Right Superscan EndCa,EA,4.25,1.66,,,,1.56
70.5378,COLLAR FOR REED SWITCH NULL,EA,3.12,1.36,,,,1.28
70.5554,SPACER MICROSCAN,EA,18.85,8.53,,,,8.05
70.5675,"Signage, Washroom Module",EA,19.98,9.43,,,,8.9
70.5745,"Filler Plate, Sentrex, Steel, Black",EA,19.98,11.1,,,,10.48
70.5751,"Spacer, FLATSCAN, Silver",EA,17.73,9.67,,,,9.12
70.5752,"Spacer, FLATSCAN, White",EA,17.73,9.67,,,,9.12
70.5753,"Spacer, FLATSCAN, Black",EA,17.73,9.67,,,,9.12
70.5825,MS 31 FACEPLATE MAGICSWITCH JAMB BLACK TEXT+HAND,EA,10.99,8.95,,,,8.44
70.5826,MS31 FACEPLATE MAGICSWITCH JAMB BLACK HANDICAP LOGO,EA,16.61,8.95,,,,8.44
70.5827,MS31 FACEPLATE MAGICSWITCH JAMB GREY PLAIN,EA,16.61,8.95,,,,8.44
70.5828,MS 31 FACEPLATE MAGICSWITCH JAMB GREY TEXT+HAND,EA,10.99,8.95,,,,8.44
70.5829,MS 31 FACEPLATE MAGICSWITCH JAMB GREY HANDICAP LOGO,EA,16.61,8.95,,,,8.44
70.5830,MS 31 FACEPLATE MAGICSWITCH JAMB WHITE PLAIN,EA,16.61,8.95,,,,8.44
70.5831,MS 31 FACEPLATE MAGICSWITCH JAMB WHITE TEXT+HAND,EA,10.99,8.95,,,,8.44
70.5832,MS 31 FACEPLATE MAGICSWITCH JAMB WHITE HANDICAP LOGO,EA,16.61,8.95,,,,8.44
70.5833,MS 31 FACEPLATE MAGICSWITCH SG BLACK TEXT+HAND,EA,10.99,8.95,,,,8.44
70.5834,MS 31 FACEPLATE MAGICSWITCH SG BLACK HANDICAP LOGO,EA,16.61,8.95,,,,8.44
70.5835,MS 31 FACEPLATE MAGICSWITCH SG GREY PLAIN,EA,16.61,8.95,,,,8.44
70.5836,MS 31 FACEPLATE MAGICSWITCH SG GREY TEXT+HAND,EA,10.99,8.95,,,,8.44
70.5837,MS 31 FACEPLATE MAGICSWITCH SG GREY HANDICAP LOGO,EA,16.61,8.95,,,,8.44
70.5838,MS 31 FACEPLATE MAGICSWITCH SG WHITE PLAIN,EA,16.61,8.95,,,,8.44
70.5839,MS 31 FACEPLATE MAGICSWITCH SG WHITE TEXT+HAND,EA,10.99,8.95,,,,8.44
70.5840,MS 31 FACEPLATE MAGICSWITCH SG WHITE HANDICAP LOGO,EA,16.61,8.95,,,,8.44
70.5841,MS 31 FACEPLATE MAGICSWITCH DG BLACK TEXT+HAND,EA,10.99,8.95,,,,8.44
70.5842,MS31 FACEPLATE MAGICSWITCH DG BLACK HANDICAP LOGO,EA,16.61,8.95,,,,8.44
70.5843,MS31 FACEPLATE MAGICSWITCH DG GREY PLAIN,EA,16.61,8.95,,,,8.44
70.5844,MS31 FACEPLATE MAGICSWITCH DG GREY TEXT+HAND,EA,10.99,8.95,,,,8.44
70.5845,MS31 FACEPLATE MAGICSWITCH DG GREY HANDICAP LOGO,EA,16.61,8.95,,,,8.44
70.5846,MS31 FACEPLATE MAGICSWITCH DG WHITE PLAIN,EA,16.61,8.95,,,,8.44
70.5847,MS31 FACEPLATE MAGICSWITCH DG WHITE TEXT+HAND,EA,10.99,8.95,,,,8.44
70.5848,MS31 FACEPLATE MAGICSWITCH DG WHITE HANDICAP LOGO,EA,16.61,8.95,,,,8.44
70.5849,"MS31 FACEPLATE MAGICSWITCH 6"" ROUND BLACK TEXT+HAND",EA,10.99,8.95,,,,8.44
70.5850,"MS31 FACEPLATE MAGICSWITCH 6"" ROUND BLACK HANDICAP LOGO",EA,16.61,8.95,,,,8.44
70.5851,"MS31 FACEPLATE MAGICSWITCH 6"" ROUND GREY PLAIN",EA,16.61,8.95,,,,8.44
70.5852,"MS31 FACEPLATE MAGICSWITCH 6"" ROUND GREY TEXT+HAND",EA,16.61,8.95,,,,8.44
70.5853,"MS31 FACEPLATE MAGICSWITCH 6"" ROUND GREY HANDICAP LOGO",EA,16.61,8.95,,,,8.44
70.5854,"MS31 FACEPLATE MAGICSWITCH 6"" ROUND WHITE PLAIN",EA,16.61,8.95,,,,8.44
70.5856,"MS31 FACEPLATE MAGICSWITCH 6"" ROUND WHITE HANDICAP LOGO",EA,16.61,8.95,,,,8.44
70.5869,MS31 FACEPLATE MAGICSWITCH SG BLACK PLAIN,EA,16.61,8.95,,,,8.44
70.5870,MS31 FACEPLATE MAGICSWITCH DG BLACK PLAIN,EA,16.61,8.95,,,,8.44
70.5871,"MS31 FACEPLATE MAGICSWITCH 6"" ROUND BLACK PLAIN",EA,16.61,8.95,,,,8.44
70.5872,MS31 FACEPLATE MAGICSWITCH JAMB BLACK PLAIN,EA,16.61,8.95,,,,8.44
MAG5LZUL,"""Maglock5UL mounting kit 2 L-brackets & 2 Z-brackets""",EA,152.81,94.7,,,,89.34
MAG6LZUL,"""Maglock6UL mounting kit 2 L-brackets & 2 Z-brackets""",EA,119.1,66.72,,,,62.94
PUSH PLATE 45S-433,"""Push Plate 45S-433 Package PBS451 + 433 mhz trx/rx + box""",EA,437.08,213.27,,,,201.19
PUSH PLATE 45S-900,"""Push Plate 45S-900 Package PBS451 + 900 mhz trx/rx + box""",EA,479.78,216.42,,,,204.17
PUSH PLATE 45S-BR2900,"PUSH PLATE 45S-BR2900 KIT, One Box Solution",EA,616.86,277.39,,,,261.69
PUSH PLATE 45S-HW,"PUSH PLATE 45S-HW, 2 of 10PBS451 + 2 of 10BOX45SQSM",EA,223.6,104.02,,,,98.13
PUSH PLATE 475 EBA-900,"PUSH PLATE 475 EBA-900 Package, 2 plates, EBA, trx, rx",EA,506.74,237.94,,,,224.47
PUSH PLATE 475S-433,"""Push Plate 475S-433 Package PBS1 + 433 mhz trx/rx + box""",EA,489.89,221.8,,,,209.24
PUSH PLATE 475S-900,"""Push Plate 475S-900 Package PBS1 + 900 mhz trx/rx + box""",EA,506.74,235.55,,,,222.21
PUSH PLATE 475S-BR2900,"PUSH PLATE 475S-BR2900 KIT, One Box Solution",EA,632.59,296.53,,,,279.74
PUSH PLATE 475S-HW,"PUSH PLATE 475S-HW, 2 of 10PBS1 + 2 of 10BOX475SQSM",EA,273.03,123.15,,,,116.18
PUSH PLATE 6R-433,"""Push Plate 6R-433 Package PBR1 + 433 mhz trx/rx + box""",EA,489.89,224.19,,,,211.5
PUSH PLATE 6R-900,"""Push Plate 6R-900 Package PBR1 + 900 mhz trx/rx + box""",EA,512.36,237.94,,,,224.47
PUSH PLATE 6R-BR2900,"PUSH PLATE 6R-BR2900 KIT, One Box Solution",EA,632.59,298.92,,,,282.0
PUSH PLATE JAMB-433,"PUSH PLATE JAMB-433 KIT, One Box Solution",EA,370.79,176.96,,,,166.94
PUSH PLATE JAMB-900,"PUSH PLATE JAMB-900 KIT, One Box Solution",EA,405.62,190.71,,,,179.91
Replaced by 10.1419,"Bracket Assembly, Steel, for FALCONEX",EA,95.51,44.84,,,,42.3
Replaced By 20.5469,CABLE POWER MINI EAGLE 2.5m,EA,14.61,6.7,,,,6.32
REPLACES 35.1195,CABLE POWER RS-20 US-COLORED CABLE GLAND M16,EA,56.18,26.5,,,,25.0
VESTIBULE PACKAGE 433,"""Vestubule PKG 433 mhz 2 of 10PBS1 + 10PBDGP1 +trx/rx""",EA,883.15,407.48,,,,384.42
VESTIBULE PACKAGE 900,"""Vestibule PKG 900 mhz 2 of 10PBS1 + 10PBDGP1 +trx/rx""",EA,946.07,434.98,,,,410.36
