Part Number,Description,UOM,List Price,Net Price,Category,Manufacturer Part,Notes,Catalog Page
MA50200-*,Condor 2 Slide Control with Smart/Adaptor Harness,EACH,,502.0,Condor Slide,,Price range $502-540 depending on suffix,5
MA50200,Condor 2 Slide Control,EACH,,487.0,Condor Slide,,,5
MA50200-C*,Condor 2 Slide Control & Motor/Gearbox,EACH,,948.0,Condor Slide,,Price range $948-1233 depending on suffix,5
MA50200-C*E,Condor 2 Slide Control & MGB w/ FailSafe Electric Lock,EACH,,1233.0,Condor Slide,,Price range $1233-1519 depending on suffix,5
MA50200-C*U,Condor 2 Slide Control & MGB w/ FailSecure Electric Lock,EACH,,1233.0,Condor Slide,,Price range $1233-1519 depending on suffix,5
MA50100-M*,Condor Slide Motor/Gearbox,EACH,,502.0,Condor Slide,,Price range $502-644 depending on suffix,5
MA50100-M*E,Condor Slide MGB w/ FailSafe Electric Lock,EACH,,789.0,Condor Slide,,Price range $789-930 depending on suffix,5
MA50100-M*U,Condor Slide MGB w/ FailSecure Electric Lock,EACH,,789.0,Condor Slide,,Price range $789-930 depending on suffix,5
MA96991-900,"Replacement Motor/Gearbox, Dor-O-Matic/LCN AstroSlide, Works with OEM Control, New",EACH,,502.0,Condor Slide,,,5
MA5600-1,"Replacement Motor/Gearbox, Horton 2003 Belt Slider, Works with OEM Control, New",EACH,,502.0,Condor Slide,,,5
MA418054,"Replacement Motor/Gearbox, GyroTech 1100 Slider, Works with OEM Control, New",EACH,,502.0,Condor Slide,,,5
MA219528,"Replacement Motor/Gearbox, GyroTech 1175 Slider, Works with OEM U19 Control, New",EACH,,502.0,Condor Slide,,,5
MA313443,"Replacement Motor/Gearbox, Stanley DuraGlide, Works with Model J, MC521 & MC521 Pro Controls. ( NOT IQ ), New. INCLUDES ADAPTOR HARNESS FOR BOTH ENCODERS",EACH,,502.0,Condor Slide,,,5
MAC- (single*),Condor Swing Operator - Single (* see catalog for suffixes),EACH,,1398.0,Condor Swing · Operator,,,7
MAC- (pair*),Condor Swing Operator Pair (* see catalog for suffixes),EACH,,2612.0,Condor Swing · Operator,,,7
option <R>,Optional 3 Postion Rocker Switch (ref: MA40011),EACH,,44.0,Condor Swing · Operator,,,7
option <K>,Optional 3 Postion Key Switch (ref: MA40111),EACH,,58.0,Condor Swing · Operator,,,7
option <T>,Optional 2 Postion Rocker Switch (ref: MA20011),EACH,,44.0,Condor Swing · Operator,,,7
option <E>,Optional Push Arm Extension (ref: MA-EXT-KIT),EACH,,15.4,Condor Swing · Operator,,,7
option <B>,Optional Breakaway Switch (ref: MA-STOPS-BA),EACH,,34.5,Condor Swing · Operator,,,7
option <F>,Optional Fixed Stop (ref: MA-STOPS-FX),EACH,,19.9,Condor Swing · Operator,,,7
option <X>,Optional Extended Single (over 4 ft),FEET,,57.0,Condor Swing · Operator,,,7
option <N>,Optional Independent Pair (ref: MA50777T & MA-GND-ASM),EACH,,531.5,Condor Swing · Operator,,,7
option <1>,Optional Right Hand Double Egress Pair,EACH,,0.0,Condor Swing · Operator,,,7
option <2>,Optional Left Hand Double Egress Pair,EACH,,0.0,Condor Swing · Operator,,,7
option <P>,Optional Header Black End Plates/Caps Set (ref: MA-END-PLATES),EACH,,24.3,Condor Swing · Operator,,,7
option <W>,Optional Pull Arm Wood Door Screw Pack (ref: MA-PB-WOOD),EACH,,7.9,Condor Swing · Operator,,,7
option <Y>,Optional Pull Arm Fire Door Screw Pack (ref: MA-PB-FIRE),EACH,,7.9,Condor Swing · Operator,,,7
option <S>,"Optional OHC Spindle Location Moved from 3.75"" to 2.75""",EACH,,0.0,Condor Swing · Operator,,,7
option <Z>,Optional Balanced Door Spindle Location (single/pairs),EACH,,,Condor Swing · Operator,,Call for price,7
MA81000-901,"Swing, Motor/Gearbox, RH, 10 pin connector",EACH,,688.0,Condor Swing · Parts,,"Also listed at $345.00 (RBLT Swing, Motor/Gearbox, RH, 10 pin co)",8
MA81000-902,"Swing, Motor/Gearbox, LH, 10 pin connector",EACH,,688.0,Condor Swing · Parts,,"Also listed at $345.00 (RBLT Swing, Motor/Gearbox, LH, 10 pin co)",8
MA83000-901,"Swing, Low Force Motor/Gearbox, RH, 10 pin connector",EACH,,688.0,Condor Swing · Parts,,,8
MA83000-902,"Swing, LF Motor/Gearbox, LH, 10 pin connector",EACH,,688.0,Condor Swing · Parts,,,8
MA50777T-L,"CONDOR SWING CONTROL, LOW ENERGY, WITH MONITORING FEATURE.",EACH,,502.0,Condor Swing · Parts,,,8
MA50777T-H,"CONDOR SWING CONTROL, HIGH ENERGY, WITH MONITORING FEATURE.",EACH,,502.0,Condor Swing · Parts,,,8
MA-GND-ASM,Ground Bracket Assembly (with control harness),EACH,,29.5,Condor Swing · Parts,,,8
MA50778,"Swg slave Harness for MA50777 & MA506, 10 pin male to 10 pin female",EACH,,36.0,Condor Swing · Parts,,,8
MA81308,"Front 2-3/4 Motor/Gearbox Mounting Bracket for Condor Swing Operators. Also fits Dor-O- Matic/LCN Astro,Senior and Mid Operators.",EACH,,36.0,Condor Swing · Parts,,,8
MA81309,"Front 3-3/4 Motor/Gearbox Mounting Bracket for Condor Swing Operators. Also fits Dor-O- Matic/LCN Astro,Senior and Mid Operators.",EACH,,36.0,Condor Swing · Parts,,,8
MA-BRKT-ASM,"Rear Mounting Bracket Assembly (with ground strap) for Condor Swing Operators. Also fits Dor-O- Matic/LCN Astro,Senior and Mid Operators.",EACH,,36.0,Condor Swing · Parts,,,8
MA82040-CLR,"Swing Header End Bracket (L shaped) Kit, Clear for Condor Swing Operators. Also fits Dor-O- Matic/LCN Astro,Senior and Mid Operators.",EACH,,116.0,Condor Swing · Parts,,,8
MA82040-DBZ,"Swing Header End Bracket (L shaped) Kit, Dark Bronze for Condor Swing Operators. Also fits Dor- O-Matic/LCN Astro,Senior and Mid Operators.",EACH,,116.0,Condor Swing · Parts,,,8
MA-END-PLATES,"Condor Swg Hdr Dress End Plates, Blk Plastic,Replaces L-Brackets.5/32 thick.2 plates at 5/16 (0.312).Also fits Dor-O-Matic/LCN Astro, Senior and Mid Hdrs. New.",EACH,,24.3,Condor Swing · Parts,,,9
MA81306-CLR,"Header Flat End Plate for Condor Swing Operator - Clear Anodization. Also fits Dor-O-Matic/LCN Astro, Senior and Mid Operators. New.",EACH,,15.4,Condor Swing · Parts,,,9
MA81306-DBZ,"Header End Plate for Condor Swing Operator - Dark Bronze Anodization. Also fits Dor-O- Matic/LCN Astro, Senior and Mid Operators. New.",EACH,,15.4,Condor Swing · Parts,,,9
MA-PUSH-RH-CLR,"Push Arm, Right Hand, Clear Finish for Condor Swing Operators. Also fits Dor-O-Matic/LCN Astro, Senior and Mid Operators. New.",EACH,,114.0,Condor Swing · Parts,,,9
MA-PUSH-RH-DBZ,"Push Arm, Right Hand, Dark Bronze Finish for Condor Swing Operators. Also fits Dor-O- Matic/LCN Astro, Senior and Mid Operators. New.",EACH,,114.0,Condor Swing · Parts,,,9
MA-PUSH-LH-CLR,"Push Arm, Left Hand, Clear Finish for Condor Swing Operators. Also fits Dor-O-Matic/LCN Astro, Senior and Mid Operators. New.",EACH,,114.0,Condor Swing · Parts,,,9
MA-PUSH-LH-DBZ,"Push Arm, Left Hand, Dark Bronze Finish for Condor Swing Operators. Also fits Dor-O- Matic/LCN Astro, Senior and Mid Operators. New.",EACH,,114.0,Condor Swing · Parts,,,9
MA-PUSH-FLAT-,"CLR Push Arm, Flat, CLR, Finish for Condor Swg. Arm tapped 3/8-16 & 3 teeth have been removed from ea. side of spline insert. Includes threaded rod & hardware. New.",EACH,,315.0,Condor Swing · Parts,,,9
MA81590A-CLR,"Push Rod Asm for Condor Swing Opeator- Clear. Also fits Dor-O-Matic/LCN Astro, Senior and Mid Operators. New.",EACH,,33.3,Condor Swing · Parts,,,9
MA81590A-DBZ,"Push Rod Assembly for Condor Swing Operator- Dark Bronze. Also fits Dor-O-Matic/LCN Astro, Senior and Mid Operators. New",EACH,,33.3,Condor Swing · Parts,,,9
MA-EXT-KIT-CLR,"Push Arm Ext Kit Clear for Condor Swing Operator: 3/8-24 rod x 24 inches, coupling & 2 jam nuts. Also fits Dor-O-Matic/LCN Astro, Senior and Mid Operators. New.",EACH,,15.4,Condor Swing · Parts,,,9
MA-EXT-KIT-DBZ,"Push Arm Ext Kit DBZ for Condor Swg Operator: 3/8-24 rod x 24 inches, coupling & 2 jam nuts. Also fits Dor-O-Matic/LCN Astro, Senior and Mid Operators. New.",EACH,,15.4,Condor Swing · Parts,,,9
MA-PULL-RH-CLR,"Pull Arm, Right Hand, Clear Finish for Condor Swing Operators. Also fits Dor-O-Matic/LCN Astro, Senior and Mid Operators. New.",EACH,,136.0,Condor Swing · Parts,,,9
MA-PULL-RH-DBZ,"Pull Arm, Right Hand, Dark Bronze Finish for Condor Swing Operators. Also fits Dor-O- Matic/LCN Astro, Senior and Mid Operators. New.",EACH,,136.0,Condor Swing · Parts,,,9
MA-PULL-LH-CLR,"Pull Arm, Left Hand, Clear Finish for Condor Swing Operators. Also fits Dor-O-Matic/LCN Astro, Senior and Mid Operators. New.",EACH,,136.0,Condor Swing · Parts,,,9
MA-PULL-LH-DBZ,"Pull Arm, Left Hand, Dark Bronze Finish for Condor Swing Operators. Also fits Dor-O-Matic/LCN Astro, Senior and Mid Operators. New.",EACH,,136.0,Condor Swing · Parts,,,9
MA-PULL-TEL-RH-,"CLR Pull Arm, Telescopic, Right Hand, Clear Finish for Condor Swing Operators.",EACH,,136.0,Condor Swing · Parts,,,9
MA-PULL-TEL-LH-,"CLR Pull Arm, Telescopic, Left Hand, Clear Finish for Condor Swing Operators.",EACH,,136.0,Condor Swing · Parts,,,9
MA-PULL-FLAT-CLR,"Pull Arm, Flat, CLR Finish for Condor Swg. 3 teeth have been removed from ea. side of spline insert & post is installed. Includes track, roller & hardware. New.",EACH,,315.0,Condor Swing · Parts,,,9
MA-PULL-FLAT-DBZ,"Pull Arm, Flat, DBZ Finish for Condor Swg. 3 teeth have been removed from ea. side of spline insert & post is installed. Includes track, roller & hardware. New.",EACH,,315.0,Condor Swing · Parts,,,9
MA-PULL-RH-CLR-,"HD Pull Arm, Cam Lift Right Hand, Clear Finish for Condor Swing Oper. Also fits Dor-O-Matic/LCN Astro, Senior and Mid Oper. New Longer post & machined track",EACH,,237.0,Condor Swing · Parts,,,9
MA-PULL-RH-DBZ-,"HD Pull Arm, Cam Lift Right Hand, Dark Bronze for Condor Swing Oper. Also fits Dor-O-Matic/LCN Astro, Senior and Mid Oper. New Longer post & machine track",EACH,,237.0,Condor Swing · Parts,,,9
MA-PULL-LH-CLR-,"HD Pull Arm,Cam Lift, Left Hand, Clear Finish for Condor Swing Oper. Also fits Dor-O-Matic/LCN Astro, Senior and Mid Oper.New. Longer post and slotted track",EACH,,237.0,Condor Swing · Parts,,,9
MA-PULL-LH-DBZ-,"HD Pull Arm,Cam Lift, Left Hand, DARK BRONZE for Condor Swing Oper. Also fits Dor-O-Matic/LCN Astro, Senior and Mid Oper.New. Longer post and slotted track",EACH,,237.0,Condor Swing · Parts,,,9
MA-PULL-FLAT-,"CAM-CLR Pull Arm, Flat, CAM LIFT,CLR Finish, Condor Swg. 3 teeth removed from ea.side of spline insert, includes slotted track, longer post, roller & hardware.",EACH,,394.0,Condor Swing · Parts,,,9
MA-OHC-CH,"Overhead Concealed Center Hung Arm for Condor Swing Operators. Also fits Dor-O-Matic/LCN Astro, Senior and Mid Operators. New.",EACH,,111.0,Condor Swing · Parts,,,9
MA-OHC-CH-EL58,"Overhead Concealed End Load 5/8 Arm for Condor. *** Door size and weight must be reviewed. Tight clearances, top-rail-block may need to be modified. ***",EACH,,146.0,Condor Swing · Parts,,,9
MA-CC-RH-CLR,"Overhead Concealed Offset Pivot Channel RH, Clear",EACH,,75.0,Condor Swing · Parts,,,10
MA-CC-LH-CLR,"Overhead Concealed Offset Pivot Channel LH, Clear",EACH,,75.0,Condor Swing · Parts,,,10
MA-CC-RH-DBZ,"Overhead Concealed Offset Pivot Channel RH, Dark Bronze",EACH,,75.0,Condor Swing · Parts,,,10
MA-CC-LH-DBZ,"Overhead Concealed Offset Pivot Channel LH, Dark Bronze",EACH,,75.0,Condor Swing · Parts,,,10
MA-STOPS-FX,"Swing Door Fixed Stop for Condor Swing Operator.Also fits Dor-O-Matic/LCN Astro, Senior and Mid Operators. New.",EACH,,19.9,Condor Swing · Parts,,,10
MA-STOPS-BA,"Swing Door Breakaway Stop for Condor Swing Operator. Also fits Dor-O-Matic/LCN Astro, Senior, and Mid Operators. New.",EACH,,34.5,Condor Swing · Parts,,,10
MA-OHC-OP-CLR,"Overhead Concealed Offset Pivot Arm for Condor Swing Operator,Clear. Also fits Dor-O- Matic/LCN Astro, Senior and Mid Operators. New.",EACH,,136.0,Condor Swing · Parts,,,10
MA-OHC-OP-DBZ,"Overhead Concealed Offset Pivot Arm for Condor Swing Operator,Dark Bronze. Also fits Dor-O- Matic/LCN Astro, Senior and Mid Operators. New.",EACH,,136.0,Condor Swing · Parts,,,10
MA-OP-SINGLE,Channel Mounting Kit OHC-OP Single,EACH,,36.0,Condor Swing · Parts,,,10
MA-OP-PAIR,Channel Mounting Kit OHC-OP Pair,EACH,,72.0,Condor Swing · Parts,,,10
MA10193,"Dress Plate Screw, 8-32x1/4in, Under Cut Philips Flat Head, Clear (MA10193-CLR)",EACH,,0.59,Condor Swing · Parts,,,10
MA10193-DBZ,"Dress Plate Screw, 8-32x1/4in, Under Cut Philips Flat Head, Dark Bronze",EACH,,0.59,Condor Swing · Parts,,,10
MA-OWNERS-PACK,Labels and Owners Manual Pack High & Low,EACH,,116.0,Condor Swing · Parts,,,10
MA81338-CLR,"Spindle Plate, 2-3/4, Clear Anodized, REV B",EACH,,29.5,Condor Swing · Parts,,,10
MA81338-DBZ,"Spindle Plate, 2-3/4, Dark Bronze Anodized, REV B",EACH,,29.5,Condor Swing · Parts,,,10
MA81339-CLR,"Spindle Plate, 3-3/4, Clear Anodized",EACH,,29.5,Condor Swing · Parts,,,10
MA81339-DBZ,"Spindle Plate, 3-3/4, Dark Bronze Anodized",EACH,,29.5,Condor Swing · Parts,,,10
HDR-1-275-CLR,"Single Swing Header, 2-3/4 pivot, Clear",EACH,,282.0,Condor Swing · Parts,,,11
HDR-1-275-DBZ,"Single Swing Header, 2-3/4 pivot, Dark Bronze",EACH,,282.0,Condor Swing · Parts,,,11
HDR-1-375-CLR,"Single Swing Header, 3-3/4 pivot, Clear",EACH,,282.0,Condor Swing · Parts,,,11
HDR-1-375-DBZ,"Single Swing Header, 3-3/4 pivot, Dark Bronze",EACH,,282.0,Condor Swing · Parts,,,11
HDR-2-275-CLR,"Swing Pair Header, 2-3/4 pivot, Clear",EACH,,524.0,Condor Swing · Parts,,,11
HDR-2-275-DBZ,"Swing Pair Header, 2-3/4 pivot, Dark Bronze",EACH,,524.0,Condor Swing · Parts,,,11
HDR-2-375-CLR,"Swing Pair Header, 3-3/4 pivot, Clear",EACH,,524.0,Condor Swing · Parts,,,11
HDR-2-375-DBZ,"Swing Pair Header, 3-3/4 pivot, Dark Bronze",EACH,,524.0,Condor Swing · Parts,,,11
MA81350-CLRA,Header Extrusion ** Clear Anodize Finish** MotionAccess Swing Operator (per foot),FEET,,47.0,Condor Swing · Parts,,,11
MA81350-DBZA,Header Extrusion ** Dark Bronze Anodize Finish** MotionAccess Swing Operator (per foot),FEET,,47.0,Condor Swing · Parts,,,11
MA81330-CLRA,Dress Plate Extrusion ** Clear Anodize Finish** MotionAccess Swing Operator (per foot),FEET,,10.4,Condor Swing · Parts,,,11
MA81330-DBZA,Dress Plate Extrusion ** Dark Bronze Anodize Finish** MotionAccess Swing Operator (per foot),FEET,,10.4,Condor Swing · Parts,,,11
MA-PB-FIRE,Swing Parts Bag for Pull Arm Fire Doors,EACH,,7.9,Condor Swing · Parts,,,11
MA-PB-WOOD,Swing Parts Bag for Pull Arm Wood Doors,EACH,,7.9,Condor Swing · Parts,,,11
MA506T-*,Condor Universal Swing Control w/Adaptor Harness-Appears in applicable OEM sections below.,EACH,,487.0,Condor Universal Swing · Control,,,13
MA-SWG-ADPT-01,"Adpt brkt:mounts one Condor Swg mgb into a Stanley Magic Swg/Force & KM hdr.*Mgb,cntrl,ma- gnd-asm,slv harness,rocker & arms sold sep.Review BI FOLD applications",EACH,,181.0,Condor Swing · Adaptor,,,13
MA-SWG-ADPT-02,"Adpt bracket:mounts one Condor Swing mgb into a Besam Swing Master header.*MGB,cntrl, ma- gnd-asm,slv harness, rocker & arms sold sep.Review BI FOLD applications",EACH,,181.0,Condor Swing · Adaptor,,,13
MA-SWG-ADPT-03,"Adpt brkt:mts one Cndr Swg mgb into Dorma ED400 hdr *MGB,cntrl,arms,ma-gnd-asm,slv harness,rckr sold sep.*5.5 in pivot,not for OHC.* Not for ED700. Review Fold.",EACH,,181.0,Condor Swing · Adaptor,,,13
MA-SWG-ADPT-04,"Adpt brkt:mts 1 Cndr Swg mgb in Horton 4000 hdr *MGB,cntrl,arms,ma-gnd-asm,slv hrns,rckr sold sep.5.5 in pivt,OHC must be chck.Frnt Load Hdrs Only. Review Fold",EACH,,181.0,Condor Swing · Adaptor,,,13
MAR-C-18,"Motion Access, Raven, Swing Operator, Low Energy, Surface Applied, Un-Handed, Single, Push & Pull Arm, Limited Accessory Mounting, Clear Finish, 18 inches",EACH,,1032.0,Raven · Operator,,,13
MAR-C-29,"Motion Access, Raven, Swing Operator, Low Energy, Surface Applied, Un-Handed, Single, Push & Pull Arm, Clear Finish, 29 inches",EACH,,1095.0,Raven · Operator,,,13
MAR-C-39,"Motion Access, Raven, Swing Operator, Low Energy, Surface Applied, Un-Handed, Single, Push & Pull Arm, Clear Finish, 39 inches",EACH,,1146.0,Raven · Operator,,,13
MAR-D-18,"Motion Access, Raven, Swing Operator, Low Energy, Surface Applied, Un-Handed, Single, Push & PUll Arm, Limited Accessory Mounting, Dark Bronze, 18 inches",EACH,,1032.0,Raven · Operator,,,13
MAR-D-29,"Motion Access, Raven, Swing Operator, Low Energy, Surface Applied, Un-Handed, Single, Push & Pull Arm, Dark Bronze Finish, 29 inches",EACH,,1095.0,Raven · Operator,,,13
MAR-D-39,"Motion Access, Raven, Swing Operator, Low Energy, Surface Applied, Un-Handed, Single, Push & Pull Arm, Dark Bronze Finish, 39 inches",EACH,,1146.0,Raven · Operator,,,13
MA22134,Raven 3 Position Rocker,EACH,,21.8,Raven · Operator,,,13
MA22133,"Raven Cord Set, 115VAC, 3 prong wall plug",EACH,,21.8,Raven · Operator,,,13
MAR-ARM-CLR,"Raven Arm,Clear, Parts Bag Included.",EACH,,114.0,Raven · Parts,,,13
MAR-ARM-DBZ,"Raven Arm,Dark Bronze, Parts Bag Included.",EACH,,114.0,Raven · Parts,,,13
MA22300,Raven Controller and Bracket and Manual,EACH,,432.0,Raven · Parts,,,13
MA22000,"Raven, Motor/Gearbox",EACH,,484.0,Raven · Parts,,,13
MA40200,"Power Line Filter, Reduces power line noise and eliminates nuisance faults. Works with all manufacturers. 10A, 120/240Vac",EACH,,40.0,Switches & Miscellaneous Items,,,14
MA20011,"Universal 2-Pos Rocker, Two Sided Plate: ON-OFF & Normal-Reduced,",EACH,,44.0,Switches & Miscellaneous Items,,,14
MA40011,"Universal 3-Pos Rocker, Two Sided Plate: AUTO-OFF-HOLD OPEN & OFF-AUTO-HOLD OPEN",EACH,,44.0,Switches & Miscellaneous Items,,,14
MA40111,"Universal 3-Pos Key Switch, Two Sided Plate: AUTO-OFF-HOLD OPEN & OFF-AUTO-HOLD OPEN",EACH,,58.0,Switches & Miscellaneous Items,,,14
MA44111,"Universal 4 & 3 Pos Key Switch, Two Sided Plate: OFF-AUTO-EXIT-HOLD OPEN & OFF-AUTO- HOLD OPEN-OFF",EACH,,69.0,Switches & Miscellaneous Items,,,14
MA44113,"Knob-Key Assembly, Non-Removable Once Installed. Converts a Key to a Knob.",EACH,,7.9,Switches & Miscellaneous Items,,,14
MA40111K,"Universal 3-Pos Knob Switch, Two Sided Plate: AUTO-OFF-HOLD OPEN & OFF-AUTO-HOLD OPEN",EACH,,65.0,Switches & Miscellaneous Items,,,14
MA44111K,"Universal 4 & 3 Pos Knob Switch, Two Sided Plate: OFF-AUTO-EXIT-HOLD OPEN & OFF- AUTO-HOLD OPEN-OFF",EACH,,76.0,Switches & Miscellaneous Items,,,14
MA-DECAL01,Decal; Caution Automatic Door; double sided; same image both sides; adhesive one side,EACH,,4.0,Switches & Miscellaneous Items,,,14
MA-DECAL02,Decal; Do Not Enter; double sided; image of MA-DECAL03 opposite side; adhesive opposite side,EACH,,4.0,Switches & Miscellaneous Items,,,15
MA-DECAL03,Decal; Arrow; double sided; image of MA-DECAL02 opposite side; adhesive opposite side,EACH,,4.0,Switches & Miscellaneous Items,,,15
MA-DECAL04,"Decal; Activate Switch to Operator; double sided; same image both sides, adhesive one side",EACH,,1.29,Switches & Miscellaneous Items,,,15
MA-DECAL05,"Decal; Pull to Operator; double sided; image of MA-DECAL06 on opposite side, adhesive opposite side",EACH,,1.29,Switches & Miscellaneous Items,,,15
MA-DECAL06,"Decal; Push to Operator; double sided; image of MA-DECAL05 on opposite side, adhesive opposite side",EACH,,1.29,Switches & Miscellaneous Items,,,15
RELAY-24VDC,"24Vdc Relay with Socket, screw mounting, two sets of N.O. & N.C. contacts",EACH,,33.0,Switches & Miscellaneous Items,,,15
RELAY-24VAC,"24Vac Relay with Socket, screw mounting, two sets of N.O. & N.C. contacts",EACH,,33.0,Switches & Miscellaneous Items,,,15
RELAY-12VAC,"12Vac Relay with Socket, screw mounting, two sets of N.O. & N.C. contacts",EACH,,33.0,Switches & Miscellaneous Items,,,15
RELAY-12VDC,"12Vdc Relay with Socket, screw mounting, two sets of N.O. & N.C. contacts",EACH,,33.0,Switches & Miscellaneous Items,,,15
MAX-KIT-S1,"MATRiX SQUARE KIT, S1: 2 - S1 PUSH PLATES, 2 - SBT BOXES/TRANSMITTERS, 1 - RECEIVER",EACH,,184.0,Switches & Miscellaneous Items,,,15
MAX-KIT-J1,"MATRiX JAMB KIT, J1: 2 - J1 PUSH PLATES, 2 - JBT BOXES/TRANSMITTERS, 1 - RECEIVER",EACH,,179.0,Switches & Miscellaneous Items,,,15
MAX-SBT,"MATRiX SQUARE WALL BOX W/ TRANSMITTER, fits a 4.5 x 4.5 Push Plate, Includes Transmitter, Push Plate Sold Separately.",EACH,,46.0,Switches & Miscellaneous Items,,,15
MAX-JBT,"MATRiX JAMB BOX W/ TRANSMITTER, fits a 1.687 x 4.5 Push Plate, Includes Transmitter, Push Plate Sold Separately.",EACH,,47.0,Switches & Miscellaneous Items,,,15
MAX-R,MATRiX RECEIVER.,EACH,,46.0,Switches & Miscellaneous Items,,,15
MAX-S1,"MATRiX SQUARE PUSH PLATE, 4.5x4.5, Wheel Chair Logo w/ PRESS TO OPERATE DOOR text",EACH,,27.0,Switches & Miscellaneous Items,,,15
MAX-J1,"MATRiX JAMB PUSH PLATE, 1.687x4.5, Wheel Chair Logo w/ PUSH TO OPEN text",EACH,,25.6,Switches & Miscellaneous Items,,,15
MAX-T,TRANSMITTER without plastic box.,EACH,,18.0,Switches & Miscellaneous Items,,,15
MAX-SB,"MATRiX SQUARE WALL BOX, NO TRANSMITTER, fits a 4.5 x 4.5 Push Plate (Sold Separately).",EACH,,15.4,Switches & Miscellaneous Items,,,15
MAX-JB,"MATRiX JAMB BOX, NO TRANSMITTER, fits a Jamb Push Plate, No Transmitter, Push Plate and Transmitter Sold Separately.",EACH,,12.9,Switches & Miscellaneous Items,,,15
MAX-TL,"MATRIX TOUCHLESS SWITCH, FITS STANDARD WALL SWITCH HOUSING, LOW VOLTAGE WIRING REQUIRED, ""TOUCHLESS AUTO DOOR""",EACH,,91.0,Switches & Miscellaneous Items,,,15
MAX-TLB,"SURFACE MT BACKBOX, SINGLE GANG USED WITH FLUSH MOUNT WALL PLATES, BLACK 1.89 DEEP, Used with MAX-TL",EACH,,10.4,Switches & Miscellaneous Items,,,15
MA-24DC-1A-PWR-,"SUP Power Supply 24VDC, 1Amp",EACH,,52.0,Switches & Miscellaneous Items,,,15
MA-RECTIFIER,"BRIDGE RECTIFIER 4A, 250V MAX",EACH,,8.8,Switches & Miscellaneous Items,,,15
MA50200-C21,"Condor 2 Slide Combo, Control & MGB, EntraMatic/American SDC, REV A",EACH,,948.0,Switches & Miscellaneous Items,,,16
MA50200-C21E,"Condor 2 Slide Combo, Control & MGB w/ Fail Safe Elock, EntraMatic/American SDC REV A",EACH,,1233.0,Switches & Miscellaneous Items,,,16
MA50200-C21U,"Condor 2 Slide Combo, Control & MGB w/ Fail Secure Elock EntraMatic/American SDC, REV A",EACH,,1233.0,Switches & Miscellaneous Items,,,16
MA50100-M21,"Condor Slide MGB, American/EntraMatic SDC, REV A",EACH,,502.0,Switches & Miscellaneous Items,,,16
MA50100-M21E,"Condor Slide MGB w/Fail Safe ELock, Entramatic/American SDC, REV A",EACH,,789.0,Switches & Miscellaneous Items,,,16
MA50100-M21U,"Condor Slide MGB w/Fail Secure ELock, Entramatic/American SDC, REV A",EACH,,789.0,Switches & Miscellaneous Items,,,16
LH100-NG,"Entramatic, American, Gyrotech 1175 & Horton 2001 Belt. Price per inch",FEET,,1.16,Switches & Miscellaneous Items,,,16
AFPBP-RH,"American/EntraMatic Fixed Panel Bottom breakout pivot, RH",EACH,,97.0,Switches & Miscellaneous Items,,,16
AFPBP-LH,"American/EntraMatic Fixed Panel Bottom breakout pivot, LH",EACH,,97.0,Switches & Miscellaneous Items,,,16
AM-LIN-BRG-075,3/4 inch Linear Bearing American/Entramatic,EACH,,85.0,Switches & Miscellaneous Items,,,16
AM-LIN-BRG-100,1 inch Linear Bearing American and Entramatic slider,EACH,,85.0,Switches & Miscellaneous Items,,,16
MA50200-C118,"Condor 2 Slide Combo, Control & MGB, Besam AMD I, REV A",EACH,,1089.0,Switches & Miscellaneous Items,,,17
MA50200-C118E,"Condor 2 Slide Combo, Control & MGB w/Fail Safe ELock, Besam AMD I, REV A",EACH,,1375.0,Switches & Miscellaneous Items,,,17
MA50200-C118U,"Condor 2 Slide Combo, Control & MGB w/Fail Secure ELock, Besam AMD I, REV A",EACH,,1375.0,Switches & Miscellaneous Items,,,17
MA50100-M118,"Condor Slide MGB, BESAM AMD I (when the drive module bracket is removed), REV A",EACH,,502.0,Switches & Miscellaneous Items,,,17
MA50100-M118E,"Condor Slide MGB w/Fail Safe ELock, BESAM AMD I (when the drive module bracket is removed), REV A",EACH,,789.0,Switches & Miscellaneous Items,,,17
MA50100-M118U,"Condor Slide MGB w/Fail Secure ELock, BESAM AMD I (when the drive module bracket is removed), REV A",EACH,,789.0,Switches & Miscellaneous Items,,,17
MA50200-C18,"Condor 2 Slide Combo, Control & MGB, Besam AMD II, REV A",EACH,,948.0,Switches & Miscellaneous Items,,,17
MA50200-C18E,"Condor 2 Slide Combo, Control & MGB w/Fail Safe Elock, Besam AMD II, REV A",EACH,,1233.0,Switches & Miscellaneous Items,,,17
MA50200-C18U,"Condor 2 Slide Combo, Control & MGB w/Fail Secure Elock, Besam AMD II, REV A",EACH,,1233.0,Switches & Miscellaneous Items,,,17
MA50100-M18,"Condor Slide MGB, Besam AMD II (when the drive module bracket remains in place), REV A",EACH,,502.0,Switches & Miscellaneous Items,,,17
MA50100-M18E,"Condor Slide MGB w/Fail Safe ELock, Besam AMD II (when the drive module bracket remains in place) REV A",EACH,,789.0,Switches & Miscellaneous Items,,,17
MA50100-M18U,"Condor Slide MGB w/Fail Secure ELock, Besam AMD II (when the drive module bracket remains in place), REV A",EACH,,789.0,Switches & Miscellaneous Items,,,17
MA50100-18,"Condor w/ SmrtHrn AMD II, Condor Universal Slide Control, w/ AMD II Smart Harness",EACH,,502.0,Switches & Miscellaneous Items,,,17
R529712,"AMD II Slide MGB, Belt drive slide motor / gearbox, Rebuilt, CORE DUE",EACH,,345.0,Switches & Miscellaneous Items,,Core charge due,17
04-20-735251,"AMD I & II, Unislide Toothbelt (LL5M15). Price per inch",EACH,,0.75,Switches & Miscellaneous Items,,,17
MA50200-C25,"Condor 2 Slide Combo, Control & MGB, Besam PG4000, REV A",EACH,,1089.0,Switches & Miscellaneous Items,,,17
MA50200-C25E,"Condor 2 Slide Combo, Control & MGB, w/ Fail Safe Elock, Besam PG4000 REV A",EACH,,1375.0,Switches & Miscellaneous Items,,,17
MA50200-C25U,"Condor 2 Slide Combo, Control & MGB, w/ Fail Secure Elock, Besam PG4000 , REV A",EACH,,1375.0,Switches & Miscellaneous Items,,,17
MA50100-M25,"Condor Slide MGB, Besam PG4000, REV A",EACH,,644.0,Switches & Miscellaneous Items,,,17
MA50100-M25E,"Condor Slide MGB wi/Fail Safe ELock, Besam PG4000, REV A",EACH,,930.0,Switches & Miscellaneous Items,,,17
MA50100-M25U,"Condor Slide MGB wi/Fail Secure ELock, Besam PG4000, REV A",EACH,,930.0,Switches & Miscellaneous Items,,,17
L8MX,"Belt, Besam C Series, PG4000 & DOM 96K I&II & AstroSlide. (aka DSB01). Price per inch.",FEET,,0.72,Switches & Miscellaneous Items,,,17
H075-NG,"Stanley DuraGlide, GyroTech 1100, Besam A&B / PG3000 & Horton BELT, PRICE PER INCH",EACH,,0.88,Switches & Miscellaneous Items,,,17
MA506-LS01,"Condor Universal Swing Control, Low Energy, includes harnesses for Besam Swing Master - SINGLE w/switches.",EACH,,502.0,Switches & Miscellaneous Items,,,18
MA506-LP01,"Condor Universal Swing Control, Low Energy, includes harnesses for Besam Swing Master - PAIR w/switches.",EACH,,502.0,Switches & Miscellaneous Items,,,18
MA506-HS01,"Condor Universal Swing Control, High Energy, includes harnesses for Besam Swing Master - SINGLE w/switches.",EACH,,502.0,Switches & Miscellaneous Items,,,18
MA506-HP01,"Condor Universal Swing Control, High Energy, includes harnesses for Besam Swing Master - PAIR w/switches.",EACH,,502.0,Switches & Miscellaneous Items,,,18
MA506-WS01,"Condor Swing Control Harness, Besam Swing Master - SINGLE w/switches.",EACH,,20.6,Switches & Miscellaneous Items,,,18
MA506-WP01,"Condor Swing Control Harness, Besam Swing Master - PAIR w/switches.",EACH,,33.3,Switches & Miscellaneous Items,,,18
MA506-LS02,"Condor Univsl Swg Cntrl, LE, includes retrofit motor MA77750 & harnesses for Besam Swg Mstr or MP - SINGLE Eliminates switch box, enables PG&PB. Not 400 Series",EACH,,732.0,Switches & Miscellaneous Items,,,18
MA506-LP02,"Condor Univ Swg Cntrl, LE,includes 2 retrofit motors MA77750 & harnesses for Besam Swg Master or MP - PAIR Eliminates switch box, enables P&G &PB.Not 400 Series",EACH,,975.0,Switches & Miscellaneous Items,,,18
MA506-HS02,"Condor Universal Swing Cntrl, HE, includes retrofit motor MA77750 & harnesses for Besam Swg Mstr or MP - SINGLE Eliminates switch box, enables PB.Not 400 Series",EACH,,732.0,Switches & Miscellaneous Items,,,18
MA506-HP02,"Condor Universal Swg Cntrl, HE, includes 2 retrofit motors MA77750 & harnesses for Besam Swg Mstr or MP-PAIR Eliminates switch box, enables PB.Not 400 Series",EACH,,975.0,Switches & Miscellaneous Items,,,18
MA506-WS02,"Condor Swing Control Harness, Besam Swing Master and MP - SINGLE, used w/retrofit motor (MA77750). ** MOTOR SOLD SEPARATELY **",EACH,,40.0,Switches & Miscellaneous Items,,,18
MA506-WP02,"Condor Swing Control Harness, Besam Swing Master and MP - PAIR, used w/retrofit motor (MA77750). ** MOTORS SOLD SEPARATELY **",EACH,,57.0,Switches & Miscellaneous Items,,,18
R30-15-010,"SwingMaster Cntl - Sngl, 115Vac single swing control with an open housing w/o closing speedpotentiometer, Rebuilt CORE DUE",EACH,,159.0,Switches & Miscellaneous Items,,Core charge due,18
R30-15-010P,"SwingMaster Cntl - Sngl, 115Vac single swing control with a open housing. Includes closing potentiometer retro-fit, Rebuilt CORE DUE",EACH,,174.0,Switches & Miscellaneous Items,,Core charge due,18
R30-15-011,"SwingMaster Cntl - Dual, 115Vac dual swing control with a open housing w/o closing speedpotentiometers, Rebuilt CORE DUE",EACH,,217.0,Switches & Miscellaneous Items,,Core charge due,18
R30-15-011P,"SwingMaster Cntl - Dual, 115Vac dual swing control with a open housing. Includes two closing potentiometers retro-fit, Rebuilt CORE DUE",EACH,,267.0,Switches & Miscellaneous Items,,Core charge due,18
SM300-RH,"SwingMaster MGB - RH, w/o extension, w/o clutch; w/ std spring, Rebuilt, CORE DUE",EACH,,345.0,Switches & Miscellaneous Items,,Core charge due,19
SM300-LH,"SwingMaster MGB - LH, w/o extension, w/o clutch; w/ std spring, Rebuilt, CORE DUE",EACH,,345.0,Switches & Miscellaneous Items,,Core charge due,19
SM305-RH,"SwingMaster MGB - RH, w/o extension, w/o clutch; w/ lite spring, Rebuilt, CORE DUE",EACH,,345.0,Switches & Miscellaneous Items,,Core charge due,19
SM305-LH,"SwingMaster MGB - LH, w/o extension, w/o clutch; w/ lite spring, Rebuilt, CORE DUE",EACH,,345.0,Switches & Miscellaneous Items,,Core charge due,19
SM350-RH,"SwingMaster MGB - RH, w/ extension, w/o clutch; w/ std spring, Rebuilt, CORE DUE",EACH,,345.0,Switches & Miscellaneous Items,,Core charge due,19
SM350-LH,"SwingMaster MGB - LH, w/ extension, w/o clutch; w/ std spring, Rebuilt, CORE DUE",EACH,,345.0,Switches & Miscellaneous Items,,Core charge due,19
SM355-RH,"SwingMaster MGB - RH, w/ extension, w/o clutch; w/ lite spring, Rebuilt, CORE DUE",EACH,,345.0,Switches & Miscellaneous Items,,Core charge due,19
SM355-LH,"SwingMaster MGB - LH, w/ extension, w/o clutch; w/ lite spring, Rebuilt, CORE DUE",EACH,,345.0,Switches & Miscellaneous Items,,Core charge due,19
SM400-RH,"SwingMaster MGB - RH, w/o extension, w/ clutch; w/ std spring, Rebuilt, CORE DUE",EACH,,345.0,Switches & Miscellaneous Items,,Core charge due,19
SM400-LH,"SwingMaster MGB - LH, w/o extension, w/ clutch; w/ std spring, Rebuilt, CORE DUE",EACH,,345.0,Switches & Miscellaneous Items,,Core charge due,19
SM405-RH,"SwingMaster MGB - RH, w/o extension, w/ clutch; w/ lite spring, Rebuilt, CORE DUE",EACH,,345.0,Switches & Miscellaneous Items,,Core charge due,19
SM405-LH,"SwingMaster MGB - LH, w/o extension, w/ clutch; w/ lite spring, Rebuilt, CORE DUE",EACH,,345.0,Switches & Miscellaneous Items,,Core charge due,19
SM450-RH,"SwingMaster MGB - RH, w/ extension, w/ clutch; w/ std spring, Rebuilt, CORE DUE",EACH,,345.0,Switches & Miscellaneous Items,,Core charge due,19
SM450-LH,"SwingMaster MGB - LH, w/ extension, w/ clutch; w/ std spring, Rebuilt,CORE DUE",EACH,,345.0,Switches & Miscellaneous Items,,Core charge due,19
SM455-RH,"SwingMaster MGB - RH, w/ extension, w/ clutch; w/ lite spring, Rebuilt, CORE DUE",EACH,,345.0,Switches & Miscellaneous Items,,Core charge due,19
SM455-LH,"SwingMaster MGB - LH, w/ extension, w/ clutch; w/ lite spring, Rebuilt,CORE DUE",EACH,,345.0,Switches & Miscellaneous Items,,Core charge due,19
R30-02-101,"SwingMaster Motor, Swing motor; includes coupler half, Rebuilt CORE DUE",EACH,,170.0,Switches & Miscellaneous Items,,Core charge due,19
COUPLER,"Spider Coupler, Rubber spider coupler for motor. New, not rebuilt",EACH,,10.6,Switches & Miscellaneous Items,,,19
R21-02-002,Electra Control CSD 110 Master,EACH,,112.0,Switches & Miscellaneous Items,,,19
MA50200-C34,"Condor 2 Slide Combo, Control & MGB, Door Control DC1, Zero Offset REV A",EACH,,948.0,Switches & Miscellaneous Items,,,19
MA50200-C34E,"Condor 2 Slide Combo,Cntrl & MGB w/Fail Safe Elock,Door Cntrl DC1,Zero Offset REV A LONG BRKT REQ W/OEM AMD & GT1100-NOTE IF ORDER REQ OR DOESNT REQ LNG BRKT",EACH,,1233.0,Switches & Miscellaneous Items,,,19
MA50200-C34U,"Condor 2 Slide Combo,Cntrl & MGB w/Fail Sec.Elock,Door Cntrl DC1,Zero Offset REV A LONG BRKT REQ W/ OEM AMD & GT1100-NOTE IF ORDER REQ OR DOESN'T REQ LNG BRKT",EACH,,1233.0,Switches & Miscellaneous Items,,,19
MA50100-M34,"Condor Slide MGB, Door Control DC1, Zero Offset REV A",EACH,,502.0,Switches & Miscellaneous Items,,,19
MA50100-M34E,"Condor Slide MGB w/ Fail Safe ELock, Door Control DC1, Zero Offset REV A *LONG BRACKET REQ W/ OEM AMD & GT1100*-NOTE IF ORDER REQ OR DOESN'T REQ LNG BRKT",EACH,,789.0,Switches & Miscellaneous Items,,,19
MA50100-M34U,"Condor Slide MGB w/Fail Secure ELock, Door Control DC1, Zero Offset REV A *LONG BRACKET REQ W/ OEM AMD & GT1100* NOTE IF ORDER REQ OR DOESN'T REQ LNG BRKT",EACH,,789.0,Switches & Miscellaneous Items,,,19
MA70593,"DC-1, KM1100, Belt, 10mm (3/8 inch) wide, price per inch",FEET,,0.85,Switches & Miscellaneous Items,,,19
MA50100-12,"Condor w/ SmrtHrn 96K I, Condor Universal Slide Control, w/ 96K I Smart Harness",EACH,,502.0,Switches & Miscellaneous Items,,,20
84657-400,"96K II Slide Control, 115Vac slide door control w/ a digital display, Rebuilt CORE DUE",EACH,,288.0,Switches & Miscellaneous Items,,Core charge due,20
96010-400,"96K Slide Control, Slide door control w/ potentiometers, Rebuilt CORE DUE",EACH,,274.0,Switches & Miscellaneous Items,,Core charge due,20
MA50200-C12,"Condor 2 Slide Combo, Control & MGB, Dor-O-Matic 96K I & II, REV A",EACH,,948.0,Switches & Miscellaneous Items,,,20
MA50200-C12E,"Condor 2 Slide Combo, Control & MGB w/Fail Safe Elock, Dor-O-Matic 96K I & II REV A",EACH,,1233.0,Switches & Miscellaneous Items,,,20
MA50200-C12U,"Condor 2 Slide Combo, Control & MGB w/Fail Secure Elock, Dor-O-Matic 96K I & II REV A",EACH,,1233.0,Switches & Miscellaneous Items,,,20
MA50100-M12,"Condor Slide MGB, Dor-O-Matic/LCN 96K I & II REV A",EACH,,502.0,Switches & Miscellaneous Items,,,20
MA50100-M12E,"Condor Slide MGB w/Fail Safe ELock, Dor-o-matic 96K I & II, REV A",EACH,,789.0,Switches & Miscellaneous Items,,,20
MA50100-M12U,"Condor Slide MGB w/Fail Secure ELock, Dor-o-matic 96K I & II, REV A",EACH,,789.0,Switches & Miscellaneous Items,,,20
96175-400,"96K Slide Motor/Gearbox, 24Vdc slide door motor/gearbox w/ pulley. Green or black plug type screw terminals, Rebuilt CORE DUE",EACH,,353.0,Switches & Miscellaneous Items,,Core charge due,20
84456-400,"96K II Slide MGB, 24Vdc slide door motor/gearbox w/ pulley. Black & white plug type terminals (no screws on terminals), Rebuilt CORE DUE",EACH,,353.0,Switches & Miscellaneous Items,,Core charge due,20
96005-400,"96K Slide Power Supply, 115Vac slide door power supply, Rebuilt CORE DUE",EACH,,68.0,Switches & Miscellaneous Items,,Core charge due,20
4204108946,96K & AstroSlide Bottom Pivot for Sliding Soors with Full Breakout,EACH,,56.0,Switches & Miscellaneous Items,,,21
96135R,"96K I Carrier Wheel, Brass spacer not included",EACH,,15.4,Switches & Miscellaneous Items,,,21
D96AR,"96K Anti-Riser Wheel, 96K only, not used on the 96K II",EACH,,47.0,Switches & Miscellaneous Items,,,21
MA84463-B,96K I BUMPER,EACH,,16.8,Switches & Miscellaneous Items,,,21
4204100092,"96K & AstroSlide Bottom Guide Plastic Block Only, Full Breakout",EACH,,15.4,Switches & Miscellaneous Items,,,21
4204108947,Door Pivot Aluminum Mounting Block Only. Full Breakout.,EACH,,19.2,Switches & Miscellaneous Items,,,21
96537,96K II Carrier Wheel w/ 2 Bearings,EACH,,15.4,Switches & Miscellaneous Items,,,21
MA50200-14,"Condor 2 w/ SmrtHrn AstroSlide, Condor Universal Slide Control, w/ AstroSlide Smart Harness",EACH,,502.0,Switches & Miscellaneous Items,,,22
70598-400,"AstroSlide Control, 115Vac slide door control. Used with dunker motor, Rebuilt, CORE DUE",EACH,,317.0,Switches & Miscellaneous Items,,Core charge due,22
70596-400,"AstroSlide Control, 115Vac slide door control, Rebuilt, CORE DUE",EACH,,271.0,Switches & Miscellaneous Items,,Core charge due,22
70588-400,"AstroSlide Control, 115Vac slide door control, Rebuilt, CORE DUE",EACH,,267.0,Switches & Miscellaneous Items,,Core charge due,22
70587-400,"AstroSlide Control, 115Vac slide door control, Rebuilt, CORE DUE",EACH,,267.0,Switches & Miscellaneous Items,,Core charge due,22
70586-400,"AstroSlide Control, 115Vac slide door control, Rebuilt, CORE DUE",EACH,,267.0,Switches & Miscellaneous Items,,Core charge due,22
70585-400,"AstroSlide Control, 115Vac slide door control, Rebuilt, CORE DUE",EACH,,260.0,Switches & Miscellaneous Items,,Core charge due,22
4204102971,Breaker for DOM AstroSlide Control,EACH,,25.6,Switches & Miscellaneous Items,,,22
MA50200-C14,"Condor 2 Slide Combo, Control & MGB, Dor-O-Matic Astro Slide, REV A",EACH,,948.0,Switches & Miscellaneous Items,,,23
MA50200-C14E,"Condor 2 Slide Combo, Control & MGB w/Fail Safe Elock, Dor-O-Matic Astro Slide, REV A",EACH,,1233.0,Switches & Miscellaneous Items,,,23
MA50200-C14U,"Condor 2 Slide Combo, Control & MGB w/Fail Secure Elock, Dor-O-Matic Astro Slide REV A",EACH,,1233.0,Switches & Miscellaneous Items,,,23
MA50100-M14,"Condor Slide MGB, Dor-O-Matic/LCN AstroSlide, REV A",EACH,,502.0,Switches & Miscellaneous Items,,,23
MA50100-M14E,"Condor Slide MGB w/Fail Safe ELock, Dor-O-Matic/LCN AstroSlide, REV A",EACH,,789.0,Switches & Miscellaneous Items,,,23
MA50100-M14U,"Condor Slide MGB w/Fail Secure ELock, Dor-O-Matic/LCN AstroSlide, REV A",EACH,,789.0,Switches & Miscellaneous Items,,,23
96991-400,"AstroSlide Motor/Gearbox, Slide door motor & gearbox for belt drives. Includes motor encoder, Rebuilt, CORE DUE",EACH,,345.0,Switches & Miscellaneous Items,,Core charge due,23
72620-400,"AstroSlide Motor/Gearbox, Slide door motor & gearbox for belt drives. Includes motor encoder, Rebuilt, CORE DUE",EACH,,345.0,Switches & Miscellaneous Items,,Core charge due,23
72188-400,"AstroSlide Motor/Gearbox, Slide door motor & gearbox for chain drives. Includes motor encoder, Rebuilt, CORE DUE",EACH,,345.0,Switches & Miscellaneous Items,,Core charge due,23
72615-400,"Doromatic/LCN AstroSlide Gearbox, Belt, Rebuilt, CORE DUE",EACH,,288.0,Switches & Miscellaneous Items,,Core charge due,23
70026-400,"AstroSlide Chain Gearbox Only. Slide gearbox for chain drives. REBUILT, CORE DUE",EACH,,209.0,Switches & Miscellaneous Items,,Core charge due,23
72187-400,"Astro Slide Motor Rebuilt, CORE DUE",EACH,,209.0,Switches & Miscellaneous Items,,Core charge due,23
75010-400,"AstroSlide Electric Lock, Fail-Secure, 12Vac slide door electric lock, Rebuilt, CORE DUE",EACH,,397.0,Switches & Miscellaneous Items,,Core charge due,24
75030-400,"AstroSlide Electric Lock, Fail-Safe, 12Vac slide door electric lock, Rebuilt, CORE DUE",EACH,,397.0,Switches & Miscellaneous Items,,Core charge due,24
85310-400,"AstroSlide Beam Control, 12Vac IR beam master control, Rebuilt CORE DUE",EACH,,133.0,Switches & Miscellaneous Items,,Core charge due,24
4204109746,"AstroSlide Carriage Wheel, Nylon carriage wheel with bushing",EACH,,50.0,Switches & Miscellaneous Items,,,25
4204105090,"AstroSlide Sliding Stop, Sliding door full-open stop with bumper.",EACH,,24.3,Switches & Miscellaneous Items,,,25
MA506-HS03,"Condor Universal Swing Control, High Energy, includes harnesses for Doromatic Astro/Sr/Mid - SINGLE w/encoder.",EACH,,502.0,Switches & Miscellaneous Items,,,26
MA506-HP03,"Condor Universal Swing Control, High Energy, includes harnesses for Doromatic Astro/Sr/Mid - PAIR w/encoder.",EACH,,502.0,Switches & Miscellaneous Items,,,26
MA506-WS03,"Condor Swing Control Harness, Doromatic Astro/Sr./Mid - SINGLE w/encoder",EACH,,28.1,Switches & Miscellaneous Items,,,26
MA506-WP03,"Condor Swing Control Harness, Doromatic Astro/Sr./Mid - PAIR w/encoder",EACH,,43.0,Switches & Miscellaneous Items,,,26
MA506-HS04,"Condor Universal Swing Control, High Energy, includes harnesses for Doromatic Astro/Sr - SINGLE w/switches.",EACH,,502.0,Switches & Miscellaneous Items,,,26
MA506-HP04,"Condor Universal Swing Control, High Energy, includes harnesses for Doromatic Astro/Sr - PAIR w/switches.",EACH,,502.0,Switches & Miscellaneous Items,,,26
MA506-WS04,"Condor Swing Control Harness, Doromatic Astro/Sr. - SINGLE w/switches",EACH,,28.1,Switches & Miscellaneous Items,,,26
MA506-WP04,"Condor Swing Control Harness, Doromatic Astro/Sr. - PAIR w/switches",EACH,,43.0,Switches & Miscellaneous Items,,,26
R710166-00,"Astro Swing Control, 115Vac high energy control. Digital Display, Rebuilt ""NO LONGER AVAILABLE"", CORE DUE",EACH,,288.0,Switches & Miscellaneous Items,,Core charge due,26
85425-400,"Astro Swing Control, 115Vac High Energy Control. Rebuilt CORE DUE",EACH,,288.0,Switches & Miscellaneous Items,,Core charge due,26
85420-400,"Astro Swing Control, 115Vac High Energy Control. Rebuilt CORE DUE",EACH,,271.0,Switches & Miscellaneous Items,,Core charge due,26
84580-400,"Astro Swing Control, 115Vac High Energy Control. Rebuilt CORE DUE",EACH,,267.0,Switches & Miscellaneous Items,,Core charge due,26
84540-400,"Astro Swing Control, 115Vac High Energy Control. Rebuilt CORE DUE",EACH,,264.0,Switches & Miscellaneous Items,,Core charge due,26
81650-400,"Astro Swing Control, 115Vac High Energy Control. Rebuilt, OSBOLETE - sell 84580, if need switches, needs harness, CORE DUE",EACH,,232.0,Switches & Miscellaneous Items,,Core charge due,26
81002-401,"Astro/Senior RH Swg MGB, Swing right hand motor/gearbox with encoder, Rebuilt, CORE DUE",EACH,,345.0,Switches & Miscellaneous Items,,Core charge due,27
81002-402,"Dor-O-Matic Astro/Senior LH Swg MGB, Swing left hand motor/gearbox with encoder, Rebuilt, CORE DUE",EACH,,345.0,Switches & Miscellaneous Items,,Core charge due,27
81080-401,"Astro/Senior RH Swg GB, Swing right hand gearbox only, Rebuilt, CORE DUE",EACH,,246.0,Switches & Miscellaneous Items,,Core charge due,27
81080-402,"Astro/Senior LH Swg GB, Swing left hand gearbox only, Rebuilt, CORE DUE",EACH,,246.0,Switches & Miscellaneous Items,,Core charge due,27
81001-401,"Astro/Senior RH Swg MGB, Swing right hand motor/gearbox with cams/switches, Rebuilt, CORE DUE",EACH,,345.0,Switches & Miscellaneous Items,,Core charge due,27
81001-402,"Astro/Senior LH Swg MGB, Swing left hand motor/gearbox with cams/switches, Rebuilt, CORE DUE",EACH,,345.0,Switches & Miscellaneous Items,,Core charge due,27
81008-401,"Astro/Senior RH Swg GB, Swing right hand gearbox only with cams/switches, Rebuilt - SEE TECHS TO CONFIRM CAMS, CORE DUE",EACH,,246.0,Switches & Miscellaneous Items,,Core charge due,27
81008-402,"Astro/Senior LH Swg GB, Swing left hand gearbox only with cams/switches, Rebuilt - SEE TECHS TO CONFIRM CAMS **, CORE DUE",EACH,,246.0,Switches & Miscellaneous Items,,Core charge due,27
95992-401,"Astro/Sr RH Swg Motor, Swing right hand motor with encoder. Equivalent to 81560-401, Rebuilt CORE DUE",EACH,,209.0,Switches & Miscellaneous Items,,Core charge due,27
95992-402,"Astro/Sr LH Swg Motor, Swing left hand motor with encoder. Equivalent to 81560-402, Rebuilt CORE DUE",EACH,,209.0,Switches & Miscellaneous Items,,Core charge due,28
77155-400,"Sensor Rail Control, 115Vac sensor master control, Rebuilt, CORE DUE",EACH,,135.0,Switches & Miscellaneous Items,,Core charge due,28
87159-400,"Super Nova Sensor, 12Vac swing door sensor, Rebuilt CORE DUE",EACH,,260.0,Switches & Miscellaneous Items,,Core charge due,28
87129,"Super Nova Sensor Lens, Optical lens with UV & IR spec filtering. 48 x 1.14 new",EACH,,25.6,Switches & Miscellaneous Items,,,28
IR77710,DOM 15-Pin Harness for Astro/Sr./Mid Swing controls.,EACH,,32.0,Switches & Miscellaneous Items,,,28
MA506-LS03,"Condor Universal Swing Control, Low Energy, includes harnesses for Doromatic Astro/Sr/Mid - SINGLE w/encoder.",EACH,,502.0,Switches & Miscellaneous Items,,,30
MA506-LP03,"Condor Universal Swing Control, Low Energy, includes harnesses for Doromatic Astro/Sr/Mid - PAIR w/encoder.",EACH,,502.0,Switches & Miscellaneous Items,,,30
MA506-LS04,"Condor Universal Swing Control, Low Energy, includes harnesses for Doromatic Astro/Sr - SINGLE w/switches.",EACH,,502.0,Switches & Miscellaneous Items,,,30
MA506-LP04,"Condor Universal Swing Control, Low Energy, includes harnesses for Doromatic Astro/Sr - PAIR w/switches.",EACH,,502.0,Switches & Miscellaneous Items,,,30
MA85445U,"SM Control Box. Sr/Mid, One box for Senior & Mid Swings. Upgraded software, Rebuilt",EACH,,317.0,Switches & Miscellaneous Items,,,30
R710164-00,"Senior Swing Control, 115Vac low energy control, Digital Display, Rebuilt, CORE DUE",EACH,,288.0,Switches & Miscellaneous Items,,Core charge due,30
85445-400,"Senior Swing Control, 115Vac Low Energy Control, Rebuilt, CORE DUE",EACH,,288.0,Switches & Miscellaneous Items,,Core charge due,30
85440-400,"Senior Swing Control, 115Vac Low Energy Control, Rebuilt CORE DUE",EACH,,271.0,Switches & Miscellaneous Items,,Core charge due,30
84570-400,"Senior Swing Control, 115Vac Low Energy Control, Rebuilt CORE DUE",EACH,,267.0,Switches & Miscellaneous Items,,Core charge due,30
84561-400,"Senior Swing Control, 115Vac Low Energy Control, Rebuilt CORE DUE, obsolete, replaced by 84570-400.",EACH,,264.0,Switches & Miscellaneous Items,,Core charge due,30
R710165-00,"IR LCN/Dor-O-Matic Mid Swing Control, 115Vac low energy control, Digital Display, Rebuilt, CORE DUE",EACH,,288.0,Switches & Miscellaneous Items,,Core charge due,32
85455-400,"Mid Swing Control, 115Vac Low Energy Control, Rebuilt CORE DUE",EACH,,288.0,Switches & Miscellaneous Items,,Core charge due,32
85450-400,"Mid Swing Control, 115Vac Low Energy Control, Rebuilt CORE DUE",EACH,,271.0,Switches & Miscellaneous Items,,Core charge due,32
84590-400,"Mid Swing Control, 115Vac Low Energy Control, Rebuilt CORE DUE",EACH,,267.0,Switches & Miscellaneous Items,,Core charge due,32
83803-401,"Mid RH Swg Motor/Gearbox, Swing right hand motor/gearbox with encoder. Upgraded with runaway brake, Rebuilt (Replaces 83800-401), CORE DUE",EACH,,345.0,Switches & Miscellaneous Items,,Core charge due,33
83803-402,"Mid LH Swg Motor/Gearbox, Swing left hand motor/gearbox with encoder. Upgraded with runaway brake, Rebuilt (Replaces 83800-402), CORE DUE",EACH,,345.0,Switches & Miscellaneous Items,,Core charge due,33
83810-401,"Mid RH Swing Gearbox, Swing right hand gearbox w/o encoder, Rebuilt - MUST SPECIFY SMALL BLACK ENCODER OR BIG WHITE ENCODER, CORE DUE",EACH,,281.0,Switches & Miscellaneous Items,,Core charge due,33
83810-402,"Mid LH Swing Gearbox, Swing left hand gearbox w/o encoder, Rebuilt CORE DUE (MUST SPECIFY SMALL BLACK ENCODER OR BIG WHITE ENCODER)",EACH,,281.0,Switches & Miscellaneous Items,,Core charge due,33
95993-401,"Mid RH Swg Motor w/ En, Swing right hand motor with encoder. Equvalent to 83815-401. Specify white or black encoder, Rebuilt CORE DUE",EACH,,253.0,Switches & Miscellaneous Items,,Core charge due,33
95993-402,"Mid LH Swing Motor w/ En, Swing left hand motor with encoder. Equvalent to 83815-402. Specify white or black encoder, Rebuilt CORE DUE",EACH,,253.0,Switches & Miscellaneous Items,,Core charge due,33
84585-400,"Astro Fold Control, 115Vac High Energy Control. Rebuilt CORE DUE - REPLACED BY 85430- 400, but needs special harness.",EACH,,267.0,Switches & Miscellaneous Items,,Core charge due,34
85435-400,"Astro Fold Control, 115Vac High Energy Control. Rebuilt CORE DUE",EACH,,288.0,Switches & Miscellaneous Items,,Core charge due,34
85430-400,"Astro Fold Control, 115Vac High Energy Control. Rebuilt CORE DUE",EACH,,271.0,Switches & Miscellaneous Items,,Core charge due,34
83801-401,"Astro Fold RH MGB, Folding right hand motor/gearbox with encoder, Rebuilt, CORE DUE",EACH,,397.0,Switches & Miscellaneous Items,,Core charge due,34
83801-402,"Astro Fold LH MGB, Folding left hand motor/gearbox with encoder, Rebuilt, CORE DUE",EACH,,397.0,Switches & Miscellaneous Items,,Core charge due,34
83080-401,"Astro Fold RH Swing GB, Folding right hand gearbox only, Rebuilt, CORE DUE",EACH,,281.0,Switches & Miscellaneous Items,,Core charge due,34
83080-402,"Astro Fold LH Swing GB, Folding left hand gearbox only, Rebuilt, CORE DUE",EACH,,281.0,Switches & Miscellaneous Items,,Core charge due,34
MA81930,"GB Pwr Spring for Condor Swg Operator, Swg gb extd life pwr spring. 50% more life then factory spring. Also fits Dor-O-Matic/LCN Astro,Senior,Mid Operators,New",EACH,,75.0,Switches & Miscellaneous Items,,,35
MA81982A,"Wheel Assembly for Condor Swing Pull Arm.Includes Wheel and O-Ring. Also fits Dor-O- Matic/LCN Astro, Senior, and Mid Operators. New",EACH,,11.6,Switches & Miscellaneous Items,,,35
95969-000,"Mid Swing Run-Away Brake, For old Mid-Swing operators sold without brakes. Creates a safer operator and will reduce closing speed",EACH,,25.6,Switches & Miscellaneous Items,,,35
MA40026,MGB Housing Grommet. Price each.,EACH,,2.56,Switches & Miscellaneous Items,,,36
DBC01,"DOM Gearbox Bearing Caps, Swing gearbox aluminum bearing caps. Complete set of four new caps. 3 small caps & 1 large cap",EACH,,10.4,Switches & Miscellaneous Items,,,36
MA81012,"Gearbox Cover Gasket, Swing gearbox cover gasket. 4.25 x 10.25",EACH,,6.5,Switches & Miscellaneous Items,,,36
MA95997,"Gearbox Motor Gasket, Swing gearbox motor gasket. 3 x 3.5 new",EACH,,7.9,Switches & Miscellaneous Items,,,36
81317,Dom 6 pin to 9 pin adaptor harness for Astro/Sr MGB with switches,EACH,,32.0,Switches & Miscellaneous Items,,,37
DBMKB01,"BMK Swing Drive Belt, Low energy belt - new. AKA Ascent",EACH,,28.8,Switches & Miscellaneous Items,,,38
99025-400,"BMK Control, Standard, 115,Vac low energy control with an enclosed housing measuring approximately 4 x 4 x 10. AKA Ascent, Rebuilt, CORE DUE",EACH,,10600.0,Switches & Miscellaneous Items,,Core charge due,38
95229-400,"BMK Control, Standard II, 115Vac low energy control with an open housing measuring approximately 4 x 4 x 10. AKA Ascent, Rebuilt CORE DUE",EACH,,267.0,Switches & Miscellaneous Items,,Core charge due,38
95205-400,"BMK Control, Premier, 115Vac low energy control. AKA Ascent, Rebuilt CORE DUE",EACH,,267.0,Switches & Miscellaneous Items,,Core charge due,38
95329-400,"BMK Cntl, Premier II, 115Vac low energy control with an open housing measuring approximately 4 x 4 x 10. AKA Ascent, Rebuilt CORE DUE",EACH,,267.0,Switches & Miscellaneous Items,,Core charge due,38
MA506-LS11,"Condor Universal Swing Control, Low Energy, includes harnesses for Dorma ED 400 - SINGLE w/encoder.",EACH,,502.0,Switches & Miscellaneous Items,,,40
MA506-LP11,"Condor Universal Swing Control, Low Energy, includes harnesses for Dorma ED 400- PAIR w/encoder.",EACH,,502.0,Switches & Miscellaneous Items,,,40
MA506-HS11,"Condor Universal Swing Control, High Energy, includes harnesses for Dorma ED400- SINGLE w/encoder.",EACH,,502.0,Switches & Miscellaneous Items,,,40
MA506-HP11,"Condor Universal Swing Control, High Energy, includes harnesses for Dorma ED400- PAIR w/encoder.",EACH,,502.0,Switches & Miscellaneous Items,,,40
MA506-WS11,"Condor Swing Control Harness, Dorma ED400- SINGLE w/encoder.",EACH,,20.6,Switches & Miscellaneous Items,,,40
MA506-WP11,"Condor Swing Control Harness, Dorma ED400 - PAIR w/encoder.",EACH,,33.3,Switches & Miscellaneous Items,,,40
MA50200-C17,"Condor 2 Slide Combo, Control & MGB, Dorma ESA, ESA 2, REV A",EACH,,948.0,Switches & Miscellaneous Items,,,40
MA50200-C17E,"Condor 2 Slide Combo, Control & MGB w/Fail Safe Elock, Dorma ESA, ESA 2, REV A",EACH,,1233.0,Switches & Miscellaneous Items,,,40
MA50200-C17U,"Condor 2 Slide Combo, Control & MGB w/ Fail Secure Elock, Dorma ESA , ESA 2 REV A",EACH,,1233.0,Switches & Miscellaneous Items,,,40
MA50100-M17,"Condor Slide MGB, DORMA ESA, ESA 2 REV A",EACH,,502.0,Switches & Miscellaneous Items,,,40
MA50100-M17E,"Condor Slide MGB w/Fail Safe ELock, Dorma ESA, ESA 2 REV A",EACH,,789.0,Switches & Miscellaneous Items,,,40
MA50100-M17U,"Condor Slide MGB w/Fail Secure ELock, Dorma ESA, ESA 2 REV A",EACH,,789.0,Switches & Miscellaneous Items,,,40
MA50200-16,"Condor 2 w/ SmrtHrn Horton Belt, Condor Universal Slide Control, w/ Horton Belt Smart Harness",EACH,,502.0,Switches & Miscellaneous Items,,,41
RC3925,"2003 Slide Power Supply, Power Supply for Slide 2150 Control, Rebuilt (try to sell RC3955) - CORE DUE",EACH,,174.0,Switches & Miscellaneous Items,,Core charge due,41
RC2150-B,"2003 Slide Cntll - Belt, RC2150-B belt drive slide control. Revision level on chip is REV:02.00 or higher, Rebuilt, CORE DUE",EACH,,274.0,Switches & Miscellaneous Items,,Core charge due,41
MA50200-C16,"Condor 2 Slide Combo, Control & MGB, Horton, 2003, 2150-B, Additional brackets required for old Litton motor replacement (MA70580,MA70581). REV A",EACH,,948.0,Switches & Miscellaneous Items,,,41
MA50200-C16E,"Condor 2 Slide Combo, Control & MGB w/Fail Safe Elock, Horton, 2003, 2150 Belt, Additional brackets required for old Litton motor replacement (MA70580&1) REV A",EACH,,1233.0,Switches & Miscellaneous Items,,,41
MA50200-C16U,"Condor 2 Slide Combo, Control & MGB w/Fail Secure Elock, Horton, 2003, 2150-B, Additional brackets required for old Litton motor replacement (MA70580&1). REV A",EACH,,1233.0,Switches & Miscellaneous Items,,,41
MA50100-M16,"Condor Slide MGB, Horton 2003 - 2150 Belt, Additional brackets required for old Litton motor replacement (MA70580,MA70581). REV A",EACH,,502.0,Switches & Miscellaneous Items,,,41
MA50100-M16E,"Condor Slide MGB w/ Fail Safe ELock, Horton 2003 - 2150 Belt, Additional brackets required for old Litton motor replacement (MA70580,MA70581). REV A",EACH,,789.0,Switches & Miscellaneous Items,,,41
MA50100-M16U,"Condor Slide MGB w/Fail Secure ELock, Horton 2003 - 2150 Belt, Additional brackets required for old Litton motor replacement (MA70580,MA70581). REV A",EACH,,789.0,Switches & Miscellaneous Items,,,41
RC5600-1,"Horton 2003 Slide Motor/Gearbox, C5600-1 slide belt drive motor/gearbox. , Rebuilt Core Due",EACH,,345.0,Switches & Miscellaneous Items,,Core charge due,41
MA50200-C126,"Condor 2 Slide Combo, Control & MGB, Horton, 2000B OEM BELT DRIVE IN A LINEAR HEADER, NOT A LINEAR-RETRO, REV A",EACH,,948.0,Switches & Miscellaneous Items,,,41
MA50200-C126E,"Condor 2 Slide Combo, Control & MGB w/Fail Safe ELock, Horton, 2000B OEM BELT DRIVE IN A LINEAR HEADER, NOT A LINEAR-RETRO, REV A",EACH,,1233.0,Switches & Miscellaneous Items,,,41
MA50200-C126U,"Condor 2 Slide Combo, Control & MGB w/Fail Secure ELock, Horton, 2000B OEM BELT DRIVE IN A LINEAR HEADER, NOT A LINEAR-RETRO, REV A",EACH,,1233.0,Switches & Miscellaneous Items,,,41
MA50100-M126,"Condor Slide MGB, Horton 2000B, OEM BELT DRIVE IN A LINEAR HEADER, NOT A LINEAR- RETRO, REV A",EACH,,502.0,Switches & Miscellaneous Items,,,41
MA50100-M126E,"Condor Slide MGB w/Fail Safe ELock, Horton 2000B, OEM BELT DRIVE IN A LINEAR HEADER, NOT A LINEAR-RETRO REV A",EACH,,789.0,Switches & Miscellaneous Items,,,41
MA50100-M126U,"Condor Slide MGB w/ Fail Secure ELock, Horton 2000B, OEM BELT DRIVE IN A LINEAR HEADER, NOT A LINEAR-RETRO REV A",EACH,,789.0,Switches & Miscellaneous Items,,,41
MA50200-C26,"Condor 2 Slide Combo, Control & MGB, Horton Linear, Includes 32 feet of belt, REV A",EACH,,1233.0,Switches & Miscellaneous Items,,,42
MA50200-C26E,"Condor 2 Slide Combo, Control & MGB w/ Fail Safe Elock, Horton Linear, Includes 32 feet of belt, REV A",EACH,,1519.0,Switches & Miscellaneous Items,,,42
MA50200-C26U,"Condor 2 Slide Combo, Control & MGB w/Fail Secure Elock, Horton Linear, Includes 32 feet of belt, REV A",EACH,,1519.0,Switches & Miscellaneous Items,,,42
MA50100-M26,"Condor Slide MGB, Horton 2000 Linear, REV A",EACH,,502.0,Switches & Miscellaneous Items,,,42
MA50100-M26E,"Condor Slide MGB w/ Fail Safe ELock, Horton 2000 Linear, REV A",EACH,,789.0,Switches & Miscellaneous Items,,,42
MA50100-M26U,"Condor Slide MGB w/ Fail Secure ELock, Horton 2000 Linear, REV A",EACH,,789.0,Switches & Miscellaneous Items,,,42
RC2150-L,"2003 Slide Cntl. Linear linear drive slide control. Revision level on chip is lower then Rev:02.00. Measuring approximately 3 x 3.5 x 9.5, Rebuilt, CORE DUE",EACH,,274.0,Switches & Miscellaneous Items,,Core charge due,42
RC3955,"HORTON 2000 POWER SUPPLY, REBUILT - CORE DUE",EACH,,181.0,Switches & Miscellaneous Items,,Core charge due,42
RC2160-2,"HORTON 2001 Slide Cntl - Linear, 115Vac linear drive slide control (rev 2 w/ daughter board), Rebuilt., CORE DUE",EACH,,174.0,Switches & Miscellaneous Items,,Core charge due,42
RC2160-1,"2001 Slide Cntl - Linear, 115Vac linear drive slide control (rev 1). Measuring approximately 3 x 3.5 x 9.5, Rebuilt - CORE DUE",EACH,,138.0,Switches & Miscellaneous Items,,Core charge due,42
C2110,Breaker for Horton 2000 & 4000 Control (C2110 & C4110),EACH,,25.6,Switches & Miscellaneous Items,,,42
RHM2100,"2000 Linear Slide Motor, Linear drive motor. Works with a 2160 & 2150-L controls, Rebuilt CORE DUE",EACH,,209.0,Switches & Miscellaneous Items,,Core charge due,42
C2102,"Linear Travel Block Assembly, Rebuilt, CORE DUE",EACH,,286.0,Switches & Miscellaneous Items,,Core charge due,42
C2155-4,"Switch Lace, Horton Carrier Switch Harness for C2150L",EACH,,44.0,Switches & Miscellaneous Items,,,43
C2155-2,"Switch Lace, Horton Carrier Switch Harness for C2160L",EACH,,34.5,Switches & Miscellaneous Items,,,43
C2106-1,ROLLER SWITCH FOR HORTON LINEAR SLIDE,EACH,,5.2,Switches & Miscellaneous Items,,,43
C2148,Horton Drive Rod Bearing at coupling end,EACH,,25.6,Switches & Miscellaneous Items,,,43
C2126,Horton Linear Drive Bearing,EACH,,29.5,Switches & Miscellaneous Items,,,43
C406,Horton S2000 Steel Top Carrier Wheel - Horton Linear,EACH,,19.2,Switches & Miscellaneous Items,,,43
C2101-2,Horton 2000 Coupling 1/2 X 1/2,EACH,,86.0,Switches & Miscellaneous Items,,,43
C2131-1,Horton Linear Rod Bushing,EACH,,16.8,Switches & Miscellaneous Items,,,43
MA50200-C32,"Condor 2 Slide Combo, Control & MGB, Horton Pneumatic, Includes 32 feet of belt. REV A",EACH,,1233.0,Switches & Miscellaneous Items,,,43
MA50200-C32E,"Condor 2 Slide Combo, Control & MGB w/ Fail Safe Elock, Horton Pneumatic, Includes 32 feet of belt. REV A",EACH,,1519.0,Switches & Miscellaneous Items,,,43
MA50200-C32U,"Condor 2 Slide Combo, Control & MGB w/Fail Secure Elock, Horton Pneumatic, Includes 32 feet of belt. REV A",EACH,,1519.0,Switches & Miscellaneous Items,,,43
RC7160-3,"Horton 7000 Swing Cntl, Easy Access, 115Vac low energy control, Rebuilt CORE DUE",EACH,,146.0,Switches & Miscellaneous Items,,Core charge due,44
RC4190,"4000 Swg Control, HD, 115Vac control measuring approximately 5.5 x 3.5 x 9.5. Includes power supply. , Rebuilt CORE DUE",EACH,,274.0,Switches & Miscellaneous Items,,Core charge due,44
C9110,Breaker for Horton 7000 Control (C9110 & C7155),EACH,,25.6,Switches & Miscellaneous Items,,,44
RHM7000RH48,"7000 Swing Motor/Gearbox, Easy Access low energy. Right Hand. 48 tooth spindle, Rebuilt CORE DUE",EACH,,317.0,Switches & Miscellaneous Items,,Core charge due,45
RHM7000LH48,"7000 Swing Motor/Gearbox, Easy Access low energy. Left Hand. 48 tooth spindle, Rebuilt CORE DUE",EACH,,317.0,Switches & Miscellaneous Items,,Core charge due,45
RHM7000RHR48,"7000 Swing Motor/Gearbox, Easy Access low energy. Right Hand Reverse. 48 tooth spindle, Rebuilt CORE DUE",EACH,,317.0,Switches & Miscellaneous Items,,Core charge due,45
RHM7000LHR48,"7000 Swing Motor/Gearbox, Easy Access low energy. Left Hand Reverse. 48 tooth spindle, Rebuilt CORE DUE",EACH,,317.0,Switches & Miscellaneous Items,,Core charge due,45
RHM7000RH14,"7000 Swing Motor/Gearbox, Easy Access low energy. Right Hand. 14 tooth spindle, Rebuilt CORE DUE",EACH,,317.0,Switches & Miscellaneous Items,,Core charge due,45
RHM7000LH14,"7000 Swing Motor/Gearbox, Easy Access low energy. Left Hand. 14 tooth spindle, Rebuilt CORE DUE",EACH,,317.0,Switches & Miscellaneous Items,,Core charge due,45
RHM7000RHR14,"7000 Swing Motor/Gearbox, Easy Access low energy. Right Hand Reverse. 14 tooth spindle, Rebuilt CORE DUE",EACH,,317.0,Switches & Miscellaneous Items,,Core charge due,45
RHM7000LHR14,"7000 Swing Motor/Gearbox, Easy Access low energy. Left Hand Reverse. 14 tooth spindle, Rebuilt CORE DUE",EACH,,317.0,Switches & Miscellaneous Items,,Core charge due,45
MA506-LS05,"Condor Universal Swing Control, Low Energy, includes 10 pin harnesses for Horton Hercules or Nabco/Gyrotech (411512 control) - SINGLE w/switches.",EACH,,502.0,Switches & Miscellaneous Items,,,46
MA506-LP05,"Condor Universal Swing Control, Low Energy, includes 10 pin harnesses for Horton Hercules or Nabco/Gyrotech (411512 control) - PAIR w/switches.",EACH,,502.0,Switches & Miscellaneous Items,,,46
MA506-HS05,"Condor Universal Swing Control, High Energy, includes 10 pin harnesses for Horton Hercules or Nabco/Gyrotech (411512 control) - SINGLE w/switches.",EACH,,502.0,Switches & Miscellaneous Items,,,46
MA506-HP05,"Condor Universal Swing Control, High Energy, includes 10 pin harnesses for Horton Hercules or Nabco/Gyrotech (411512 control) - PAIR w/switches.",EACH,,502.0,Switches & Miscellaneous Items,,,46
MA506-WS05,"Condor Swing Control 10 pin Harness, Horton Hercules and Nabco/Gyrotech (411512 control) - SINGLE w/switches",EACH,,20.6,Switches & Miscellaneous Items,,,46
MA506-WP05,"Condor Swing Control 10 pin Harness, Horton Hercules and Nabco/Gyrotech (411512 control) - PAIR w/switches.",EACH,,34.5,Switches & Miscellaneous Items,,,46
RC4190S,"4000 Stacked Swing Control, HD Swing. 115Vac control measuring approximately 5.5 x 3.5 x 9.5. Includes power supply. REBUILT CORE DUE",EACH,,274.0,Switches & Miscellaneous Items,,Core charge due,46
RC4160-2,"4000 Control Board, HD, Swing control board only. Without power supply, Rebuilt, CORE DUE",EACH,,232.0,Switches & Miscellaneous Items,,Core charge due,46
RC4160-1,"4000 Swing Control, HD, 115Vac control measuring approximately 3 x 3.5 x 9.5, Rebuilt, CORE DUE",EACH,,146.0,Switches & Miscellaneous Items,,Core charge due,46
RC4160,"4000 Swing Control, HD, 115Vac control measuring approximately 3 x 3.5 x 9.5, Rebuilt, CORE DUE",EACH,,146.0,Switches & Miscellaneous Items,,Core charge due,46
RHMG4011R48,"Hercules 4000 MGB - RH48, Right hand 48 tooth spindle, Rebuilt CORE DUE",EACH,,345.0,Switches & Miscellaneous Items,,Core charge due,47
RHMG4011R14,"Hercules 4000 MGB - RH14, Right hand 14 tooth spindle, Rebuilt CORE DUE",EACH,,345.0,Switches & Miscellaneous Items,,Core charge due,47
RHMG4011L48,"Hercules 4000 MGB - LH48, Left hand 48 tooth spindle, Rebuilt CORE DUE",EACH,,345.0,Switches & Miscellaneous Items,,Core charge due,47
RHMG4011L14,"Hercules 4000 MGB - LH14, Left hand 14 tooth spindle, Rebuilt CORE DUE",EACH,,345.0,Switches & Miscellaneous Items,,Core charge due,47
RHM4000,"4000 Swing Motor, Swing drive motor. Works with a 4000 Hercules operator, Rebuilt CORE DUE **MUST SPECIFY LITTON OR DUNKER MOTOR***",EACH,,209.0,Switches & Miscellaneous Items,,Core charge due,47
C4156-1,"4000 Closing Spd Reostat, Harness and reostat for closing speed adjustment. Unhanded, RBLT - CORE DUE",EACH,,47.0,Switches & Miscellaneous Items,,Core charge due,47
MA50200-C24,"Condor 2 Slide Combo, Control & MGB, Record/KM 1100, REV A",EACH,,948.0,Switches & Miscellaneous Items,,,48
MA50200-C24E,"Condor 2 Slide Combo, Control & MGB, w/ Fail Safe Elock, Record/KM 1100, REV A",EACH,,1233.0,Switches & Miscellaneous Items,,,48
MA50100-M24,"Condor Slide MGB, Record/ KM 1100, REV A",EACH,,502.0,Switches & Miscellaneous Items,,,48
MA50100-M24E,"Condor Slide MGB w/Fail Safe ELock, Record/KM 1100 , REV A",EACH,,789.0,Switches & Miscellaneous Items,,,48
MA50100-M24U,"Condor Slide MGB w/Fail Secure ELock, Record/KM 1100, REV A",EACH,,789.0,Switches & Miscellaneous Items,,,48
MA50200-C27,"Condor 2 Slide Combo, Control & MGB, Record 5100, Includes 4 pos Knob/Key Switch NOTE: A separate beam box control is required for this unit, REV A",EACH,,948.0,Switches & Miscellaneous Items,,,48
MA50200-C27E,"Condor 2 Slide Combo,Control&MGB, w/ Fail Safe Elock, Record 5100, Inc 4 pos key/knob switch. NOTE:A separate beam box control is required for this unit.REV A",EACH,,1233.0,Switches & Miscellaneous Items,,,48
MA50200-C27U,"Condor 2 Slide Combo Control & MGB, w/ Fail Secure Elock, Record 5100, Inc 4 pos key/ knob switch. NOTE:A separate beambox control is required for this, REV A",EACH,,1233.0,Switches & Miscellaneous Items,,,48
MA50100-M27,"Condor Slide MGB, Record 5100, REV A",EACH,,502.0,Switches & Miscellaneous Items,,,48
MA50100-M27E,"Condor Slide MGB w/Fail Safe ELock, Record 5100, REV A",EACH,,789.0,Switches & Miscellaneous Items,,,48
MA50100-M27U,"Condor Slide MGB w/Fail Secure ELock, Record 5100, REV A",EACH,,789.0,Switches & Miscellaneous Items,,,48
KM1000SC,"KM 1000 Slide Control, Rebuilt, CORE DUE",EACH,,185.0,Switches & Miscellaneous Items,,Core charge due,48
MA506-LS09,"Condor Universal Swing Control, Low Energy, includes harnesses for Keane-Monroe 3000 - SINGLE w/switches.",EACH,,502.0,Switches & Miscellaneous Items,,,48
MA506-LP09,"Condor Universal Swing Control, Low Energy, includes harnesses for Keane-Monroe 3000 - PAIR w/switches.",EACH,,502.0,Switches & Miscellaneous Items,,,48
MA506-HS09,"Condor Universal Swing Control, High Energy, includes harnesses for Keane-Monroe 3000 - SINGLE w/switches.",EACH,,502.0,Switches & Miscellaneous Items,,,48
MA506-HP09,"Condor Universal Swing Control, High Energy, includes harnesses for Keane-Monroe 3000 - PAIR w/switches.",EACH,,502.0,Switches & Miscellaneous Items,,,48
MA506-WS09,"Condor Swing Control Harness, Keane-Monroe 3000 - SINGLE w/switches.",EACH,,18.0,Switches & Miscellaneous Items,,,48
MA506-WP09,"Condor Swing Control Harness, Keane-Monroe 3000 - PAIR w/switches.",EACH,,30.7,Switches & Miscellaneous Items,,,48
MA506-LS10,"Condor Universal Swing Control, Low Energy, includes harnesses for Keane-Monroe 3000 - SINGLE w/encoder.",EACH,,502.0,Switches & Miscellaneous Items,,,48
MA506-LP10,"Condor Universal Swing Control, Low Energy, includes harnesses for Keane-Monroe 3000 - PAIR w/encoder.",EACH,,502.0,Switches & Miscellaneous Items,,,48
MA506-HS10,"Condor Universal Swing Control, High Energy, includes harnesses for Keane-Monroe 3000 - SINGLE w/encoder.",EACH,,502.0,Switches & Miscellaneous Items,,,48
MA506-HP10,"Condor Universal Swing Control, High Energy, includes harnesses for Keane-Monroe 3000 - PAIR w/encoder.",EACH,,502.0,Switches & Miscellaneous Items,,,48
MA506-WS10,"Condor Swing Control Harness, Keane-Monroe 3000 - SINGLE w/encoder.",EACH,,20.6,Switches & Miscellaneous Items,,,48
MA506-WP10,"Condor Swing Control Harness, Keane-Monroe 3000 - PAIR w/encoder.",EACH,,33.3,Switches & Miscellaneous Items,,,48
MA50200-20,"Condor 2 w/ SmrtHrn Whisper 1175, Condor Universal Slide Control, w/ Whisper 1175 Smart Harness, *** NOT A REPLACEMENT FOR THE U30, COMBO REQUIRED FOR U30 ***",EACH,,502.0,Switches & Miscellaneous Items,,,49
R413800,"GyroTech POPC Slide Cntl, 115Vac POPC slide door control. , Rebuilt, CORE DUE",EACH,,123.0,Switches & Miscellaneous Items,,Core charge due,49
R218133,"Gyrotech (GT) Auxiliary Power Supply/Control, REBUILT CORE DUE",EACH,,128.0,Switches & Miscellaneous Items,,Core charge due,49
R215210,"Gyrotech (GT) and Whisper Slide Lock Module for GT 1100, rebuilt, CORE DUE",EACH,,191.0,Switches & Miscellaneous Items,,Core charge due,49
MA50200-C20,"Condor 2 Slide Combo, Control & MGB, Nabco/GyroTech /Whisper 1175, for U19 and U30 control, REV A, Old Style Pulley. DS150 MOTOR",EACH,,948.0,Switches & Miscellaneous Items,,,50
MA50200-C20E,"Condor 2 Slide Combo, Control & MGB w/Fail Safe Elock, Nabco/GyroTech/Whisper 1175, for U19 and U30 controls REV A,Old Style Pulley",EACH,,1233.0,Switches & Miscellaneous Items,,,50
MA50200-C20U,"Condor 2 Slide Combo, Control & MGB w/Fail Secure Elock, Nabco/GyroTech/Whisper1175, for U19 and U30 controls REV A,Old Style Pulley",EACH,,1233.0,Switches & Miscellaneous Items,,,50
MA50100-M20,"Condor Slide MGB, Nabco GyroTech/Whisper 1175, for U19 and U30 controls REV A,Old Style Pulley. DS150 MOTOR",EACH,,502.0,Switches & Miscellaneous Items,,,50
MA50100-M20E,"Condor Slide MGB w/Fail Safe ELock, Nabco GyroTech /Whisper1175, for U19 and U30 controls, REV A,Old Style Pulley",EACH,,789.0,Switches & Miscellaneous Items,,,50
MA50100-M20U,"Condor Slide MGB w/Fail Secure ELock, Nabco GyroTech/Whisper1175, for U19 and U30 controls, REV A,Old Style Pulley",EACH,,789.0,Switches & Miscellaneous Items,,,50
MA50200-C120,"Condor 2 Slide Combo, Control & MGB, Nabco/GyroTech 1100, REV A",EACH,,948.0,Switches & Miscellaneous Items,,,50
MA50200-C120E,"Condor 2 Slide Combo, Control & MGB w/ Fail Safe ELock, Nabco/GyroTech 1100 REV A",EACH,,1233.0,Switches & Miscellaneous Items,,,50
MA50200-C120U,"Condor 2 Slide Combo, Control & MGB w/Fail Secure ELock, Nabco/GyroTech 1100, REV A",EACH,,1233.0,Switches & Miscellaneous Items,,,50
MA50100-M120,"Condor Slide MGB, Nabco GyroTech 1100 REV A",EACH,,502.0,Switches & Miscellaneous Items,,,50
MA50100-M120E,"Condor Slide MGB w/Fail Safe ELock, Nabco, GyroTech 1100, REV A",EACH,,789.0,Switches & Miscellaneous Items,,,50
MA50100-M120U,"Condor Slide MGB w/Fail Secure ELock, Nabco,GyroTech 1100, REV A",EACH,,789.0,Switches & Miscellaneous Items,,,50
R219528,"Gyro Tech 1175 Motor Gearbox, REBUILT CORE DUE",EACH,,345.0,Switches & Miscellaneous Items,,Core charge due,50
R219206,"Gyro Tech Swing / Slide Motor with encoder, REBUILT CORE DUE",EACH,,274.0,Switches & Miscellaneous Items,,Core charge due,50
R219530,"GT 1175 Whisper Slide Gearbox, for belt drives.",EACH,,288.0,Switches & Miscellaneous Items,,,50
R418054,"Gyro Tech 1100 Motor Gearbox, Rebuilt, CORE DUE",EACH,,345.0,Switches & Miscellaneous Items,,Core charge due,50
R228625,"Gyrotech (GT) Whisper Slide Gearbox Only, REBUILT CORE DUE",EACH,,274.0,Switches & Miscellaneous Items,,Core charge due,50
R220575,"GyroTech Motor (no en), Motor without encoder. , Rebuilt CORE DUE",EACH,,173.0,Switches & Miscellaneous Items,,Core charge due,50
MA50200-C220,"Condor 2 Slide Combo, Control & MGB, Nabco/GyroTech /Whisper 1175, for U19 and U30 control, REV A, Opus Control, new pulley",EACH,,948.0,Switches & Miscellaneous Items,,,51
MA50200-C220E,"Condor 2 Slide Combo, Control & MGB w/Fail Safe Elock, Nabco/GyroTech/Whisper 1175, for U19 and U30 controls REV A, Opus Control, new pulley",EACH,,1233.0,Switches & Miscellaneous Items,,,51
MA50200-C220U,"Condor 2 Slide Combo, Control & MGB w/Fail Secure Elock, Nabco/GyroTech/Whisper1175, for U19 and U30 controls REV A, Opus Control, new pulley",EACH,,1233.0,Switches & Miscellaneous Items,,,51
MA50100-M220,"Condor Slide MGB, Nabco GyroTech/Whisper 1175, for U19 and U30 controls REV A, Opus Control, new pulley",EACH,,502.0,Switches & Miscellaneous Items,,,51
MA50100-M220E,"Condor Slide MGB w/Fail Safe ELock, Nabco GyroTech /Whisper1175, for U19 and U30 controls, Opus Control, new pulley REV A",EACH,,789.0,Switches & Miscellaneous Items,,,51
MA50100-M220U,"Condor Slide MGB w/Fail Secure ELock, Nabco GyroTech/Whisper1175, for U19 and U30 controls, REV A, Opus Control, new pulley",EACH,,789.0,Switches & Miscellaneous Items,,,51
MA506-LS06,"Condor Universal Swing Control, Low Energy, includes 6 pin harnesses for Nabco/Gyrotech (U- Series or Opus) - SINGLE w/encoder.",EACH,,502.0,Switches & Miscellaneous Items,,,52
MA506-LP06,"Condor Universal Swing Control, Low Energy, includes 6 pin harnesses for Nabco/Gyrotech (U- Series or Opus) - PAIR w/encoder.",EACH,,502.0,Switches & Miscellaneous Items,,,52
MA506-HS06,"Condor Universal Swing Control, High Energy, includes 6 pin harnesses for Nabco/Gyrotech (U- Series or Opus) - SINGLE w/encoder.",EACH,,502.0,Switches & Miscellaneous Items,,,52
MA506-HP06,"Condor Universal Swing Control, High Energy, includes 6 pin harnesses for Nabco/Gyrotech (U- Series or Opus) - PAIR w/encoder.",EACH,,502.0,Switches & Miscellaneous Items,,,52
MA506-WS06,"Condor Swing Control 6 pin Harness, Nabco/Gyrotech (U-Series or Opus control) - SINGLE w/encoder.",EACH,,18.0,Switches & Miscellaneous Items,,,52
MA506-WP06,"Condor Swing Control 6 pin Harness, Nabco/Gyrotech (U-Series or Opus control) - PAIR w/encoder.",EACH,,33.3,Switches & Miscellaneous Items,,,52
MA506-LS13,"Condor Universal Swing Control, Low Energy, includes 4 pin harness for Nabco/Gyrotech Magnum/ Opus control - SINGLE",EACH,,502.0,Switches & Miscellaneous Items,,,52
MA506-LP13,"Condor Universal Swing Control, Low Energy, includes 4 pin harness for Nabco/Gyrotech Magnum and Opus Control - PAIR",EACH,,502.0,Switches & Miscellaneous Items,,,52
MA506-HS13,"Condor Universal Swing Control, High Energy, includes 4 pin harness for Nabco/Gyrotech Magnum and Opus Control - SINGLE",EACH,,502.0,Switches & Miscellaneous Items,,,52
MA506-HP13,"Condor Universal Swing Control, High Energy, includes 4 pin harness for Nabco/Gyrotech Magnum and Opus Control - PAIR",EACH,,502.0,Switches & Miscellaneous Items,,,52
MA506-WS13,"Condor Swing Control 4 pin Harness, Nabco/Gyrotech Magnum and Opus Control- SINGLE",EACH,,20.6,Switches & Miscellaneous Items,,,52
MA506-WP13,"Condor Swing Control 4 pin Harness, for Nabco/Gyrotech Magnum and Opus Control- PAIR",EACH,,40.0,Switches & Miscellaneous Items,,,52
R411512,"GyroTech Swing Control, 115Vac Swing door control. , Rebuilt, CORE DUE",EACH,,116.0,Switches & Miscellaneous Items,,Core charge due,52
R24-9800-0*,"Nabco/Gyrotech Magnum Swing Control (Specify Version -01, -02, -03, or -04)",EACH,,217.0,Switches & Miscellaneous Items,,,52
R218735,"GT Gemini Control Board, Rebuilt CORE DUE",EACH,,123.0,Switches & Miscellaneous Items,,Core charge due,52
R410024E,***DO NOT USE - SEE R418987-02***,EACH,,345.0,Switches & Miscellaneous Items,,,53
R410025E,***DO NOT USE - SEE R418987-01***,EACH,,345.0,Switches & Miscellaneous Items,,,53
GTGB24E,"GyroTech GB, RH, Right hand swing gearbox without cam harness. U-series, CORE DUE",EACH,,288.0,Switches & Miscellaneous Items,,Core charge due,53
GTGB25E,"GyroTech GB, LH, Left Hand swing gearbox without cam harness. U-Series., CORE DUE",EACH,,288.0,Switches & Miscellaneous Items,,Core charge due,53
R111390,"GyroTech Swing GB, RH, Right Hand swing gearbox with cam harness. Old control, 10 pin., CORE DUE",EACH,,288.0,Switches & Miscellaneous Items,,Core charge due,53
R111391,"GyroTech Swing GB, LH, Left Hand swing gearbox with cam harness. Old control, 10 pin, Rebuilt, CORE DUE",EACH,,288.0,Switches & Miscellaneous Items,,Core charge due,53
R410024,"GyroTech Swing MGB, RH, Right Hand swing motor/gearbox, Old control, 10 pin., CORE DUE",EACH,,345.0,Switches & Miscellaneous Items,,Core charge due,53
R410025,"GyroTech Swing MGB, LH, Left Hand swing motor/gearbox. Old control, 10 pin, Rebuilt, CORE DUE",EACH,,345.0,Switches & Miscellaneous Items,,Core charge due,53
R111532,"GyroTech Swg Stop Ring, Stop ring kit for swing operators.",EACH,,46.0,Switches & Miscellaneous Items,,,53
117244L,"Stanley, Large Wheel w/ Bearing",EACH,,12.9,Switches & Miscellaneous Items,,,55
117244S,"Stanley, Small Wheel w/ Bearing",EACH,,12.9,Switches & Miscellaneous Items,,,55
R410432,"Stanley Dynaglide Linear Travel Block Assembly, REBUILT, CORE DUE",EACH,,286.0,Switches & Miscellaneous Items,,Core charge due,55
MA50200-15,"Condor 2 w/ SmrtHrn Model J, Condor Slidel, w/ Model J and MC521 Smart Harness *** NOT A REPLACEMENT FOR THE WHITE IQ , SEE MA50200-119 ***",EACH,,502.0,Switches & Miscellaneous Items,,,56
MA50200-119,"Condor 2 Control w/SmrtHrn for Stanley Model IQ, Condor Slide, w/ Model IQ Smart Harness *** A REPLACEMENT FOR THE WHITE IQ, ***",EACH,,540.0,Switches & Miscellaneous Items,,,56
MA77714N,"Stanley encoder adaptor harness, 4 pin female old style (in-line) to 4 pin male new style (sq). Receives old 4 pin from encoder & adapts to mc521 control.",EACH,,15.4,Switches & Miscellaneous Items,,,56
R107506N,"DuraGlide Cntl - Model J, 115Vac slide control with a yellow cover, Rebuilt, CORE DUE",EACH,,274.0,Switches & Miscellaneous Items,,Core charge due,56
R107506W,"DuraGlide Control - Wide, 115Vac slide control with a yellow cover and measuring approximately 3.75 x 1.75 x 17.5. AKA Wide style, Rebuilt, CORE DUE",EACH,,267.0,Switches & Miscellaneous Items,,Core charge due,56
R107506HD,"DuraGlide Cntl - HD, 115Vac heavy door slide control with a orange cover, Rebuilt, CORE DUE",EACH,,274.0,Switches & Miscellaneous Items,,Core charge due,56
R107506R,"DuraGlide Cntl - Model R, 115Vac window slide control with a red cover and measuring approximately 3 x 1.75 x 9.75, Rebuilt , CORE DUE",EACH,,274.0,Switches & Miscellaneous Items,,Core charge due,56
MA77712N,"Stanley encoder adaptor harness, 4 pin female new style (sq) to 4 pin male old style (in-line). Receives new 4 pin sq from encoder & adapts to old control.",EACH,,15.4,Switches & Miscellaneous Items,,,56
R516098,"DuraGlide -Interface Brd, 115Vac slide interface/power supply board, Rebuilt, CORE DUE",EACH,,159.0,Switches & Miscellaneous Items,,Core charge due,57
R313383,"DuraGlide -Interface Brd, 115Vac slide interface/power supply board with a open housing (old style), Rebuilt CORE DUE",EACH,,116.0,Switches & Miscellaneous Items,,Core charge due,57
MA50200-C15,"Condor 2 Slide Combo, Control & MGB, Stanley Duraglide, Model J, MC521 or IQ , REV A, *MC521 Pro & IQ Req sep. beam controller if Beams are being used*",EACH,,948.0,Switches & Miscellaneous Items,,,57
MA50200-C15E,"Condor 2 Slide Combo,Control & MGB w/Fail Safe Elock,Stanley Duraglide, Model J,MC521,or IQ REV A *MC521 Pro & IQ Req sep. beam cntrl if Beams are being used *",EACH,,1233.0,Switches & Miscellaneous Items,,,57
MA50200-C15U,"Condor 2 Slide Combo,Control & MGB w/Fail Secure Elock,Stanley Duraglide, Model J,MC521 or IQ REV A *MC521 Pro & IQ Req sep.beam cntrl if Beams are being used*",EACH,,1233.0,Switches & Miscellaneous Items,,,57
MA50100-M15,"Condor Slide MGB, Stanley DuraGlide, Model J, and MC521 REV A",EACH,,502.0,Switches & Miscellaneous Items,,,57
MA50100-M15E,"Condor Slide MGB w/Fail SAFE ELock, Stanley DuraGlide, Model J, and MC521 REV A",EACH,,789.0,Switches & Miscellaneous Items,,,57
MA50100-M15U,"Condor Slide MGB w/Fail Secure ELock, Stanley DuraGlide, Model J, and MC521 REV A",EACH,,789.0,Switches & Miscellaneous Items,,,57
MA50200-C35,"Condor 2 Slide Combo, Control & MGB, Stanley Duraglide Telescopic, reference 3 Bolt mounting, Zero Offset REV A",EACH,,948.0,Switches & Miscellaneous Items,,,57
MA50200-C35E,"Condor 2 Slide Combo, Control & MGB w/Fail Safe Elock, Stanley Duraglide Telescopic, reference 3 Bolt mounting, Zero Offset REV A",EACH,,1233.0,Switches & Miscellaneous Items,,,57
MA50200-C35U,"Condor 2 Slide Combo, Control & MGB w/Fail Secure Elock, Stanley Duraglide Telescopic, reference 3 Bolt mounting, Zero Offset REV A",EACH,,1233.0,Switches & Miscellaneous Items,,,57
MA50100-M35,"Condor Slide MGB, Stanley Duraglide Telescope, reference 3 Bolt mounting, Zero Offset REV A",EACH,,502.0,Switches & Miscellaneous Items,,,57
MA50100-M35E,"Condor Slide MGB w/ Fail Safe ELock, Stanley Duraglide Telescopic, reference 3 Bolt mounting, Zero Offset REV A",EACH,,789.0,Switches & Miscellaneous Items,,,57
MA50100-M35U,"Condor Slide MGB w/Fail Secure ELock, Stanley Duraglide Telescopic reference 3 Bolt mounting, Zero Offset REV A",EACH,,789.0,Switches & Miscellaneous Items,,,57
R313443,"Stanley DuraGlide MGB,Black encoder cap, works with Model J, MC521 & MC521 Pro Controls. ( NOT IQ ). Specify narrow pulley if required. Rebuilt. CORE DUE",EACH,,345.0,Switches & Miscellaneous Items,,Core charge due,57
R313034,"DuraGlide Gearbox Only, Slide gearbox for belt drives. Includes coupler half & wide pulley. Specify narrow pulley if required, Rebuilt CORE DUE",EACH,,260.0,Switches & Miscellaneous Items,,Core charge due,57
R514542,"STANLEY SWG/SLIDE MOTOR W/ ENCODER, REBUILT,CORE DUE",EACH,,235.0,Switches & Miscellaneous Items,,Core charge due,57
R313167,"DuraGlide Motor Only, Slide motor with coupler half (w/o encoder), Rebuilt CORE DUE",EACH,,209.0,Switches & Miscellaneous Items,,Core charge due,57
R313087-5,"DuraGlide RH F-Safe Lock, Slide right hand fail-safe electric lock for MODEL J, Rebuilt CORE DUE",EACH,,191.0,Switches & Miscellaneous Items,,Core charge due,58
R313087-6,"DuraGlide LH F-Safe Lock, Slide left hand fail-safe electric lock, for Model J, Rebuilt CORE DUE",EACH,,191.0,Switches & Miscellaneous Items,,Core charge due,58
R313087-7,"DuraGlide RH F-Secure Lk, Slide right hand fail-secure electric lock for Model J, Rebuilt CORE DUE",EACH,,191.0,Switches & Miscellaneous Items,,Core charge due,58
R313087-8,"DuraGlide LH F-Secure Lk, Slide left hand fail secure electric lock for Model J, Rebuilt CORE DUE",EACH,,191.0,Switches & Miscellaneous Items,,Core charge due,58
412901-2,Harness for I/O Electric Lock Solenoid Harness for I/O Electric Lock Solenoid,EACH,,32.0,Switches & Miscellaneous Items,,,58
713080,Rocker Switch One-Way Reduced Open (used on Stanley Duraglide),EACH,,4.7,Switches & Miscellaneous Items,,,59
713081,Stanley Duraglide Lighted Power Switch,EACH,,8.1,Switches & Miscellaneous Items,,,59
713082,"Switch, Auto/Close/Open. (Used on Stanley Duraglide)",EACH,,7.0,Switches & Miscellaneous Items,,,59
R312965,"DuraGlide Stanguard, 12Vac slide reflective infrared sensor. Mounted above the threshold, Rebuilt CORE DUE",EACH,,232.0,Switches & Miscellaneous Items,,Core charge due,59
517350,Stanley Duraglide Full Breakout (FBO) Bottom Pivot Assembly,EACH,,61.0,Switches & Miscellaneous Items,,,60
515191,"Fixed Panel Bottom Pivot Assembly, Right Hand",EACH,,18.0,Switches & Miscellaneous Items,,,60
515192,"Fixed Panel Bottom Pivot Assembly, Left Hand",EACH,,18.0,Switches & Miscellaneous Items,,,60
312729,"Stanley Duraglide Carrier Roller Assembly, Includes mounting shaft & nut.",EACH,,46.0,Switches & Miscellaneous Items,,,60
312462,"Stanley Duraglide, Anti Riser Assembly",EACH,,40.0,Switches & Miscellaneous Items,,,60
DGFBO-1,Stanley Duraglide Full Breakout (FBO) Kit. Includes TWO 517350 (Bottom Guide FBO) and FOUR 312729 (Carrier Roller Assembly),EACH,,265.0,Switches & Miscellaneous Items,,,60
DGFSL-1,"Stanley Duraglide Fixed Sidelite (FSL) Kit. Includes ONE 515191, ONE 515192, and FOUR 312729",EACH,,198.0,Switches & Miscellaneous Items,,,61
312728,"Stanley, Carrier Roller, Includes wheel & bearing",EACH,,29.5,Switches & Miscellaneous Items,,,61
MA506-LS17,"Condor Universal Swing Control, Low Energy, includes harnesses for Stanley IQ Magic Swing/Force - SINGLE w/switches & encoder (does not support Sentrex).",EACH,,502.0,Switches & Miscellaneous Items,,,62
MA506-LP17,"Condor Universal Swing Control, Low Energy, includes harnesses for Stanley IQ Magic Swing/Force - PAIR w/switches & encoder (does not support Sentrex).",EACH,,502.0,Switches & Miscellaneous Items,,,62
MA506-HS17,"Condor Universal Swing Control, High Energy, includes harnesses for Stanley IQ Magic Swing/Force - SINGLE w/switches & encoder (does not support Sentrex).",EACH,,502.0,Switches & Miscellaneous Items,,,62
MA506-HP17,"Condor Universal Swing Control, High Energy, includes harnesses for Stanley IQ Magic Swing/Force - PAIR w/switches & encoder (does not support Sentrex).",EACH,,502.0,Switches & Miscellaneous Items,,,62
MA506-WS17,"Condor Swg Harness for IQ Magic Swg & Force, SINGLE w/switches & encoder, Sentrex not supported, MF: requires existing close speed control to be functional.",EACH,,78.0,Switches & Miscellaneous Items,,,62
MA506-WP17,"Condor Swg Harness for IQ Magic Swg & Force, PAIR w/switches & encoder, Sentrex not supported, MF: requires existing close speed control to be functional.",EACH,,174.0,Switches & Miscellaneous Items,,,62
MA506-LS18,"Condor Swg Cntrl,LE,w/Stanley IQ Magic Swg/Force harness-SGL w/encoder eliminates switch box Not for breakout or dbl acting doors!(does not support Sentrex).",EACH,,502.0,Switches & Miscellaneous Items,,,62
MA506-LP18,"Condor Swg Cntrl, Low Energy, w/Stanley IQ Magic Swing/Force harnesses - PAIR w/encoder !Not for breakout or double acting doors! (does not support Sentrex).",EACH,,502.0,Switches & Miscellaneous Items,,,62
MA506-HS18,"Condor Swg Cntrl, High Energy,w/Stanley IQ Magic Swing/Force harnesses - SINGLE w/encoder !Not for breakout or double acting doors! (does not support Sentrex).",EACH,,502.0,Switches & Miscellaneous Items,,,62
MA506-HP18,"Condor Swg Cntrl, High Energy, w/Stanley IQ Magic Swing/Force harnesses - PAIR w/encoder !Not for breakout or double acting doors! (does not support Sentrex).",EACH,,502.0,Switches & Miscellaneous Items,,,62
MA506-WS18,"Condor Swg Cntrl Harness,Stanley IQ Magic Swg & Force-SINGLE w/encoder only,Not for brkout or dbl acting applications!(does not support Sentrex)",EACH,,78.0,Switches & Miscellaneous Items,,,62
MA506-WP18,"Condor Swg Cntrl Harness,Stanley IQ Magic Swg & Force-PAIR w/encoder only,Not for brkout or dbl acting applications!(does not support Sentrex)",EACH,,174.0,Switches & Miscellaneous Items,,,62
MA312717H,"Stanley Encoder, with fasteners, magnet and adaptor harness (4-in-line to 4 quad connector)",EACH,,68.0,Switches & Miscellaneous Items,,,62
MA314327,"Stanley IQ Encoder, White, High Resolution, with fasteners, magnet and harness",EACH,,79.0,Switches & Miscellaneous Items,,,62
MA314327F,"Stanley Encoder Filter, High EMF Environment",EACH,,17.2,Switches & Miscellaneous Items,,,62
MA38600,"STANLEY IQ ENCODER ADAPTOR. WORKS FOR MC521, MODEL J, AND CONDOR UNIVERSAL CONTROLLERS (not for HD-black or MG-yellow).",EACH,,52.0,Switches & Miscellaneous Items,,,62
MA506-LS07,"Condor Universal Swing Control, Low Energy, includes harnesses for Stanley Magic Swing/Force - SINGLE w/switches & encoder (does not support Sentrex).",EACH,,502.0,Switches & Miscellaneous Items,,,62
MA506-LP07,"Condor Universal Swing Control, Low Energy, includes harnesses for Stanley Magic Swing/Force - PAIR w/switches & encoder (does not support Sentrex).",EACH,,502.0,Switches & Miscellaneous Items,,,62
MA506-HS07,"Condor Universal Swing Control, High Energy, includes harnesses for Stanley Magic Swing/Force - SINGLE w/switches & encoder (does not support Sentrex).",EACH,,502.0,Switches & Miscellaneous Items,,,62
MA506-HP07,"Condor Universal Swing Control, High Energy, includes harnesses for Stanley Magic Swing/Force - PAIR w/switches & encoder (does not support Sentrex).",EACH,,502.0,Switches & Miscellaneous Items,,,62
MA506-WS07,"Condor Swg Harness, Magic Swg & Force, SINGLE w/switches & encoder, Sentrex not supported, Magic Force: requires existing close speed control to be functional.",EACH,,24.4,Switches & Miscellaneous Items,,,62
MA506-WP07,"Condor Swg Harness, Magic Swg & Force, PAIR w/switches & encoder, Sentrex not supported, Magic Force: requires existing close speed control to be functional",EACH,,53.0,Switches & Miscellaneous Items,,,62
MA506-LS08,"Condor Swg Cntrl, Low Energy, w/Stanley Magic Swing/Force harnesses - SINGLE w/encoder !Not for breakout or double acting doors! (does not support Sentrex).",EACH,,502.0,Switches & Miscellaneous Items,,,62
MA506-LP08,"Condor Swg Cntrl, Low Energy, w/Stanley Magic Swing/Force harnesses - PAIR w/encoder !Not for breakout or double acting doors! (does not support Sentrex).",EACH,,502.0,Switches & Miscellaneous Items,,,62
MA506-HS08,"Condor Swg Cntrl, High Energy, w/Stanley Magic Swing/Force harnesses - SINGLE w/encoder !Not for breakout or double acting doors! (does not support Sentrex).",EACH,,502.0,Switches & Miscellaneous Items,,,62
MA506-HP08,"Condor Swg Cntrl, High Energy, w/Stanley Magic Swing/Force harnesses - PAIR w/encoder !Not for breakout or double acting doors! (does not support Sentrex).",EACH,,502.0,Switches & Miscellaneous Items,,,62
MA506-WS08,"Condor Swing Control Harness, Stanley Magic Swing & Force - SINGLE w/encoder only, Not for breakout or double acting applications! (does not support Sentrex).",EACH,,24.4,Switches & Miscellaneous Items,,,62
MA506-WP08,"Condor Swing Control Harness, Stanley Magic Swing & Force - PAIR w/encoder only, Not for breakout or double acting applications! (does not support Sentrex).",EACH,,68.0,Switches & Miscellaneous Items,,,62
R313853,"Magic Swing Cntl - Black, 115Vac control with a black cover. Also works with Magic Force Operators, Rebuilt CORE DUE (replaced R313869)",EACH,,267.0,Switches & Miscellaneous Items,,Core charge due,62
R313153,"Stanley Magic Swg Cntl - Yellow, 115Vac control with a yellow cover, Rebuilt CORE DUE",EACH,,267.0,Switches & Miscellaneous Items,,Core charge due,62
515735,"515735, Magic Swing Single Harness",EACH,,20.6,Switches & Miscellaneous Items,,,62
515736,Magic Swing Dual Harness,EACH,,29.5,Switches & Miscellaneous Items,,,62
R312152E,"Magic Swg RH MGB, Right hand swing motor gearbox with encoder, Rebuilt CORE DUE",EACH,,402.0,Switches & Miscellaneous Items,,Core charge due,63
R312153E,"Magic Swing LH MGB, Left hand swing motor gearbox with encoder, Rebuilt CORE DUE",EACH,,402.0,Switches & Miscellaneous Items,,Core charge due,63
R312152X,"Magic Swing RH MGB, Right hand swing motor gearbox, Rebuilt CORE DUE",EACH,,345.0,Switches & Miscellaneous Items,,Core charge due,63
R312153X,"Magic Swing LH MGB, Left hand swing motor gearbox (old style), Rebuilt CORE DUE",EACH,,345.0,Switches & Miscellaneous Items,,Core charge due,63
R108383L,"Magic Swing LH GB Only, Left hand swing gearbox. Latest style, Rebuilt, CORE DUE",EACH,,267.0,Switches & Miscellaneous Items,,Core charge due,63
R108383R,"Magic Swing RH GB Only, Right hand swing gearbox. Latest style, Rebuilt, CORE DUE",EACH,,267.0,Switches & Miscellaneous Items,,Core charge due,63
R108383LX,"Magic Swing LH GB Only, Left hand swing gearbox. Old style, Rebuilt, CORE DUE",EACH,,267.0,Switches & Miscellaneous Items,,Core charge due,63
R108383RX,"Magic Swing RH GB Only, Right hand swing gearbox. Old style, Rebuilt, CORE DUE",EACH,,267.0,Switches & Miscellaneous Items,,Core charge due,63
R313185,"Magic Swg Sentrex-3 Hd, 12Vac reflective infrared sensor head. Works with Sentrex-3 logic board. Rebuilt. CORE DUE",EACH,,188.0,Switches & Miscellaneous Items,,Core charge due,64
R515741B,"Magic Swg Sentrex-3 Brd, Sensor control board. Approximately 4.5 x 2.5 x 0.5. Newer style, Rebuilt, CORE DUE",EACH,,159.0,Switches & Miscellaneous Items,,Core charge due,64
R515741,"Magic Swg Sentrex-3 Brd, Sensor control board. Old style, Rebuilt, CORE DUE",EACH,,159.0,Switches & Miscellaneous Items,,Core charge due,64
MA506-LS14,"Condor Universal Swing Control, Low Energy, includes harness for Stanley Magic Access - SINGLE",EACH,,502.0,Switches & Miscellaneous Items,,,65
MA506-LP14,"Condor Universal Swing Control, Low Energy, includes harness for Stanley Magic Access - PAIR",EACH,,502.0,Switches & Miscellaneous Items,,,65
MA506-WS14,"Condor Swing Control Harness, Stanley Magic Access - SINGLE",EACH,,20.6,Switches & Miscellaneous Items,,,65
MA506-WP14,"Condor Swing Control Harness, Stanley Magic Access - Pair",EACH,,34.1,Switches & Miscellaneous Items,,,65
R110357-1,"Stanley Magic Access Control, 115Vac low energy swing control, Rebuilt, CORE DUE",EACH,,159.0,Switches & Miscellaneous Items,,Core charge due,65
R313530,"Magic Access Dual Cntl, 115Vac dual low energy swing control with a yellow cover, Rebuilt CORE DUE",EACH,,232.0,Switches & Miscellaneous Items,,Core charge due,65
R110378RO,"Magic Access RH-OUT MGB, Right hand out-swing Magic Access motor gearbox, Rebuilt, CORE DUE",EACH,,345.0,Switches & Miscellaneous Items,,Core charge due,65
R110379LO,"Magic Access LH-OUT MGB, Left hand out-swing Magic Access motor gearbox, Rebuilt., CORE DUE",EACH,,345.0,Switches & Miscellaneous Items,,Core charge due,65
R110378RI,"Magic Access RH-IN MGB, Right hand in-swing Magic Access motor gearbox. Open gearbox measuring approximately 6.5 x 3.75 x 12, Rebuilt, CORE DUE",EACH,,345.0,Switches & Miscellaneous Items,,Core charge due,65
R110379LI,"Magic Access LH-IN MGB, Left hand in-swing Magic Access motor gearbox. Open gearbox measuring approximately 6.5 x 3.75 x 12, Rebuilt, CORE DUE",EACH,,345.0,Switches & Miscellaneous Items,,Core charge due,65
R141025,"TTX 1 Swing Control, 115Vac TTX 1 low energy swing control, Rebuilt, CORE DUE",EACH,,825.0,Switches & Miscellaneous Items,,Core charge due,66
10BODYGUARDIII,"Self-monitored, Overhead-mounted diffused active infrared sensing device. Provides detection for triggering of automatic swing door safety functions.",EACH,,,Switches & Miscellaneous Items,,Call for price,66
10WIZARDG3,"Self-monitored, Overhead-mounted diffused active infrared sensing device. Provides detection for triggering of automatic swing door safety functions.",EACH,,,Switches & Miscellaneous Items,,Call for price,66
10BR3,Programmable 3-Relay Logic Module,EACH,,,Switches & Miscellaneous Items,,Call for price,66
10SSI,Door mounted safety sensor utilizing distance measuring active infrared technology. Provides safety while door is in motion. 1 Master per 34 1/2 inch overall,EACH,,,Switches & Miscellaneous Items,,Call for price,66
10SSII,"Door mounted safety sensor utilizing distance measuring active infrared technology. Safety while door is in motion. 1 Master,1 Slave per 34 1/2 inch use for 36""",EACH,,,Switches & Miscellaneous Items,,Call for price,66
10SSIII,"Door mounted safety sensor utilizing distance measuring active infrared technology. . 1 Master + 2 Slaves, overall length, 34.50 inches endcap to endcap.",EACH,,,Switches & Miscellaneous Items,,Call for price,66
10QUADSCANI,"Door Mounted Presence Sensor. Fully monitored, standalone, door-mounted sensing system. Includes one QuadScan module.",EACH,,,Switches & Miscellaneous Items,,Call for price,66
10QUADSCANII,"Door Mounted Presence Sensor. Fully monitored, standalone, door-mounted sensing system. Includes two QuadScan modules.",EACH,,,Switches & Miscellaneous Items,,Call for price,66
S-TS,I B 36 36 inch door safety sensor with 1 TS-beam (BLACK),EACH,,,Switches & Miscellaneous Items,,Call for price,67
S-US,I B 36 36 inch door Safety sensor with 1 US-beam,EACH,,,Switches & Miscellaneous Items,,Call for price,67
DH100,"MsSedco Sliding Sensor, Safety & activation sensor. One combined sensor for both motion and presence detection. Infrared technology.",EACH,,,Switches & Miscellaneous Items,,Call for price,68
DH94D,MsSedco Automatic Sliding Door Approach & Safety Control,EACH,,,Switches & Miscellaneous Items,,Call for price,68
59R4-H,MsSedco. 4 1/2 inch Round Push Plate Switch. Blue Powder Coat with White Paint Filled Legend. WHEELCHAIR/PRESS TO OPERATE DOOR,EACH,,,Switches & Miscellaneous Items,,Call for price,68
59R4-HSS,MsSedco. 4 1/2 inch Round Push Plate Switch. Stainless Steel with Blue Paint Filled Legend. WHEELCHAIR/PRESS TO OPERATE DOOR,EACH,,,Switches & Miscellaneous Items,,Call for price,68
59R4-P,MsSedco. 4 1/2 inch Round Push Plate Switch. Stainless Steel with Black Paint Filled Legend. PRESS TO OPERATE DOOR,EACH,,,Switches & Miscellaneous Items,,Call for price,68
59R4-W,MsSedco. 4 1/2 inch Round Push Plate Switch. Blue Powder Coat with White Wheelchair,EACH,,,Switches & Miscellaneous Items,,Call for price,68
59R4-WSS,MsSedco. 4 1/2 inch Round Push Plate Switch. Stainless Steel with Blue Wheelchair,EACH,,,Switches & Miscellaneous Items,,Call for price,68
59R4-PLAIN,MsSedco. 4 1/2 inch Round Push Plate Switch. Stainless Steel with no legend,EACH,,,Switches & Miscellaneous Items,,Call for price,68
59R6-HSS,"MsSedco 6"" round stainless steel face plate - WHEELCHAIR/PRESS TO OPERATE DOOR",EACH,,,Switches & Miscellaneous Items,,Call for price,68
59R6-P,"MsSedco 6"" stainless steel face plate - PRESS TO OPERATE DOOR",EACH,,,Switches & Miscellaneous Items,,Call for price,68
59R6-W,"MsSedco 6"" blue face plate - WHEELCHAIR",EACH,,,Switches & Miscellaneous Items,,Call for price,68
59R6-WSS,"MsSedco 6"" stainless steel face plate - WHEELCHAIR",EACH,,,Switches & Miscellaneous Items,,Call for price,68
59R6-PLAIN,"MsSedco 6"" stainless steel face plate - NO LEGEND",EACH,,,Switches & Miscellaneous Items,,Call for price,68
59R6-H,"MsSedco 6"" round blue face plate - WHEELCHAIR/PRESS TO OPERATE DOOR",EACH,,,Switches & Miscellaneous Items,,Call for price,68
59-H,MsSedco. 4 1/2 inch Square Stainless Steel Switch; Blue Face Plate WHEELCHAIR/PRESS TO OPERATE DOOR,EACH,,,Switches & Miscellaneous Items,,Call for price,68
59-HSS,"MsSedco Push plate, 4.5x4.5. Stainless steel construction with momentary contacts. Other markings, colors and shapes available.",EACH,,,Switches & Miscellaneous Items,,Call for price,68
59-P,MsSedco. 4 1/2 inch Square Stainless Steel Plate PRESS TO OPERATE DOOR,EACH,,,Switches & Miscellaneous Items,,Call for price,68
59-W,MsSedco. 4 1/2 inch Square Stainless Steel Switch; Blue Powder Coat with White Paint Filled Legend. WHEELCHAIR,EACH,,,Switches & Miscellaneous Items,,Call for price,68
59-WSS,"MsSedco, Door activation switch, stainless steel face plate WHEELCHAIR",EACH,,,Switches & Miscellaneous Items,,Call for price,68
59-PLAIN,MsSedco. 4 1/2 inch Square Stainless Steel Plate with no legend.,EACH,,,Switches & Miscellaneous Items,,Call for price,68
59-E-R,MsSedco. 4 1/2 inch Red Face Plate PUSH TO EXIT.,EACH,,,Switches & Miscellaneous Items,,Call for price,68
59J-H,MSSedco 59J Series Jamb Style Push Plate Switch. 1 11/16-in x 4 1/2-in formed stainless steel back plate. Blue Powder Coat w/White Paint Filled Legend.,EACH,,,Switches & Miscellaneous Items,,Call for price,68
59J-HSS,"MsSedco Push plate, 1.68x4.5. Stainless steel construction with momentary contacts. Other markings and colors available (previously 619-HSS)",EACH,,,Switches & Miscellaneous Items,,Call for price,68
59J-P,MSSedco 59J Series Jamb Style Push Plate Switch. 1 11/16-in x 4 1/2-in formed stainless steel back plate. Stainless Steel w/Black Paint Filled Legend.,EACH,,,Switches & Miscellaneous Items,,Call for price,68
59J-W,MSSedco 59J Series Jamb Style Push Plate Switch. 1 11/16-in x 4 1/2-in formed stainless steel back plate. Blue Powder Coat w/White Paint Filled Legend,EACH,,,Switches & Miscellaneous Items,,Call for price,68
59J-WSS,MSSedco 59J Series Jamb Style Push Plate Switch. 1 11/16-in x 4 1/2-in formed stainless steel back plate. Stainless Steel with Blue Paint Filled Legend,EACH,,,Switches & Miscellaneous Items,,Call for price,68
59J-PLAIN,MSSedco 59J Series Jamb Style Push Plate Switch. 1 11/16-in x 4 1/2-in formed stainless steel back plate. Stainless Steel with No Legend,EACH,,,Switches & Miscellaneous Items,,Call for price,68
59J-E-R,MSSedco 59J Series Jamb Style Push Plate Switch. 1 11/16-in x 4 1/2-in formed stainless steel back plate. Red Face Plate PUSH TO EXIT,EACH,,,Switches & Miscellaneous Items,,Call for price,68
216,"MsSedco Touchless Push Plate, Hands free activation. Fits into single and double boxes. Infrared technologies that is adjustable from 6 to 30 inches.",EACH,,,Switches & Miscellaneous Items,,Call for price,68
216-IR,"Touchless Switch, IR Switch & 4 1/2 inch Square Face Plate (Fits single and 2-Gang Junction Boxes)",EACH,,,Switches & Miscellaneous Items,,Call for price,68
216-L,Infrared Touchless Door Activator Switch. Face Plate Size: 2 3MsSedco Infrared Touchless Door Activator Switch. Face Plate Size: 2 3/4-in W x 4 1/2-in H,EACH,,,Switches & Miscellaneous Items,,Call for price,68
OS-12C,Optex photo electric safety beam controller (module only) Beams sold separately.,EACH,,,Switches & Miscellaneous Items,,Call for price,69
SH-7MC,"Optex cable and beam set (23 feet, 7m)",EACH,,,Switches & Miscellaneous Items,,Call for price,69
SH-10MC,Optex cable and beam set (33 feet -10mm),EACH,,,Switches & Miscellaneous Items,,Call for price,69
