Part Number,Description,UOM,List Price,Net Price,Category,Manufacturer Part,Notes
49-H,Blue Face Plate WHEELCHAIR/PRESS TO OPERATE DOOR,EA,80.0,32.0,4 ½” Square Stainless Steel Switches,,
49-HSS,Stainless Steel Face Plate WHEELCHAIR/PRESS TO OPERATE DOOR,EA,80.0,32.0,4 ½” Square Stainless Steel Switches,,
49-P,Stainless Steel Face Plate PRESS TO OPERATE DOOR,EA,80.0,32.0,4 ½” Square Stainless Steel Switches,,
49-W,Blue Face Plate WHEELCHAIR,EA,80.0,32.0,4 ½” Square Stainless Steel Switches,,
49-WSS,Stainless Steel Face Plate WHEELCHAIR,EA,80.0,32.0,4 ½” Square Stainless Steel Switches,,
49-PLAIN,Stainless Steel Face Plate NO LEGEND,EA,80.0,32.0,4 ½” Square Stainless Steel Switches,,
-NY,Add New York style handicap logo to any switch series.,EA,80.0,32.0,4 ½” Square Stainless Steel Switches,,
59-H,Blue Face Plate WHEELCHAIR/PRESS TO OPERATE DOOR,EA,80.0,32.0,4 ½” Square Stainless Steel Switches,,
59-HSS,Stainless Steel Face Plate WHEELCHAIR/PRESS TO OPERATE DOOR,EA,80.0,32.0,4 ½” Square Stainless Steel Switches,,
59-P,Stainless Steel Face Plate PRESS TO OPERATE DOOR,EA,80.0,32.0,4 ½” Square Stainless Steel Switches,,
59-W,Blue Face Plate WHEELCHAIR,EA,80.0,32.0,4 ½” Square Stainless Steel Switches,,
59-WSS,Stainless Steel Face Plate WHEELCHAIR,EA,80.0,32.0,4 ½” Square Stainless Steel Switches,,
59-PLAIN,Stainless Steel Face Plate NO LEGEND,EA,80.0,32.0,4 ½” Square Stainless Steel Switches,,
59R4-H,Blue Face Plate WHEELCHAIR/PRESS TO OPERATE DOOR,EA,80.0,32.0,4 ½” Round Stainless Steel Switches,,
59R4-HSS,Stainless Steel Face Plate WHEELCHAIR/PRESS TO OPERATE DOOR,EA,80.0,32.0,4 ½” Round Stainless Steel Switches,,
59R4-P,Stainless Steel Face Plate PRESS TO OPERATE DOOR,EA,80.0,32.0,4 ½” Round Stainless Steel Switches,,
59R4-W,Blue Face Plate WHEELCHAIR,EA,80.0,32.0,4 ½” Round Stainless Steel Switches,,
59R4-WSS,Stainless Steel Face Plate WHEELCHAIR,EA,80.0,32.0,4 ½” Round Stainless Steel Switches,,
59R4-PLAIN,Stainless Steel Face Plate NO LEGEND,EA,80.0,32.0,4 ½” Round Stainless Steel Switches,,
59R6-H,Blue Face Plate WHEELCHAIR/PRESS TO OPERATE DOOR,EA,89.0,35.6,6” Round Stainless Steel Switches,,
59R6-HSS,Stainless Steel Face Plate WHEELCHAIR/PRESS TO OPERATE DOOR,EA,89.0,35.6,6” Round Stainless Steel Switches,,
59R6-P,Stainless Steel Face Plate PRESS TO OPERATE DOOR,EA,89.0,35.6,6” Round Stainless Steel Switches,,
59R6-W,Blue Face Plate WHEELCHAIR,EA,89.0,35.6,6” Round Stainless Steel Switches,,
59R6-WSS,Stainless Steel Face Plate WHEELCHAIR,EA,89.0,35.6,6” Round Stainless Steel Switches,,
59R6-PLAIN,Stainless Steel Face Plate NO LEGEND,EA,89.0,35.6,6” Round Stainless Steel Switches,,
59J-H,Blue Face Plate WHEELCHAIR/PUSH TO OPEN,EA,76.0,30.4,1 11/16” x 4 ½” Stainless Steel Jamb Switches,,
59J-HSS,Stainless Steel Face Plate WHEELCHAIR/PUSH TO OPEN,EA,76.0,30.4,1 11/16” x 4 ½” Stainless Steel Jamb Switches,,
59J-P,Stainless Steel Face Plate PUSH TO OPEN,EA,76.0,30.4,1 11/16” x 4 ½” Stainless Steel Jamb Switches,,
59J-W,Blue Face Plate WHEELCHAIR,EA,76.0,30.4,1 11/16” x 4 ½” Stainless Steel Jamb Switches,,
59J-WSS,Stainless Steel Face Plate WHEELCHAIR,EA,76.0,30.4,1 11/16” x 4 ½” Stainless Steel Jamb Switches,,
59J-PLAIN,Stainless Steel Face Plate NO LEGEND,EA,76.0,30.4,1 11/16” x 4 ½” Stainless Steel Jamb Switches,,
59J-E-R,Red Face Plate PUSH TO EXIT,EA,76.0,30.4,1 11/16” x 4 ½” Stainless Steel Jamb Switches,,
59V-H,2 Blue Face Plates WHEELCHAIR/PUSH TO OPEN/ARROWS,EA,160.0,64.0,1 11/16” x 4 ½” Stainless Steel Jamb Switches,,
59V-HSS,2 Stainless Steel Face Plates WHEELCHAIR/PUSH TO OPEN/ ARROWS,EA,160.0,64.0,1 11/16” x 4 ½” Stainless Steel Jamb Switches,,
59V-P,2 Stainless Steel Face Plates PUSH TO OPEN/ARROWS,EA,160.0,64.0,1 11/16” x 4 ½” Stainless Steel Jamb Switches,,
59V-W,2 Blue Face Plates WHEELCHAIR/ARROWS,EA,160.0,64.0,1 11/16” x 4 ½” Stainless Steel Jamb Switches,,
59V-WSS,2 Stainless Steel Face Plates WHEELCHAIR/ARROWS,EA,160.0,64.0,1 11/16” x 4 ½” Stainless Steel Jamb Switches,,
59V-PLAIN,2 Stainless Steel Face Plates NO LEGEND,EA,160.0,64.0,1 11/16” x 4 ½” Stainless Steel Jamb Switches,,
89-H,Blue Acrylic Face Plate WHEELCHAIR/PRESS TO OPERATE DOOR,EA,80.0,32.0,4 ½” Square Switches and Heat Resistant Acrylic Face Plate,,
89-HSS,Silver Acrylic Face Plate WHEELCHAIR/PRESS TO OPERATE DOOR,EA,80.0,32.0,4 ½” Square Switches and Heat Resistant Acrylic Face Plate,,
614-SS,4 1⁄2” Square Stainless Steel Face Plate,EA,130.0,52.0,614 Series Door Activation Switches,,
614-NSS,1 11/16” x 4 1⁄2” Stainless Steel Face Plate,EA,130.0,52.0,614 Series Door Activation Switches,,
830-A,Maintained Keyswitch & 4 1⁄2” Square Face Plate,EA,75.0,30.0,614 Series Door Activation Switches,,
830-B,Momentary Keyswitch & 4 1⁄2” Square Face Plate (Fits Single & 2-Gang Boxes),EA,75.0,30.0,614 Series Door Activation Switches,,
830-AL,Maintained Keyswitch & 2 3⁄4” x 4 1⁄2” Face Plate,EA,75.0,30.0,614 Series Door Activation Switches,,
830-BL,Momentary Keyswitch & 2 3⁄4” x 4 1⁄2” Face Plate (Fits Single-Gang Box),EA,75.0,30.0,614 Series Door Activation Switches,,
830-AN,Maintained Keyswitch 1 11/16” x 4 1⁄2” Face Plate,EA,75.0,30.0,614 Series Door Activation Switches,,
830-BN,Momentary Keyswitch 1 11/16” x 4 1⁄2” Face Plate (Fits 1 3⁄4” Door Frame),EA,75.0,30.0,614 Series Door Activation Switches,,
-RG,Add RG to any of the part numbers to include red or green LED options.,EA,40.0,16.0,614 Series Door Activation Switches,,
830A-59J-H,Maintained Keyswitch & 59J-H,EA,141.0,56.4,830 Series Combo Keyswitch/59 Series,,
830B-59J-H,Momentary Keyswitch & 59J-H,EA,141.0,56.4,830 Series Combo Keyswitch/59 Series,,
830A-59J-HSS,Maintained Keyswitch & 59J-HSS,EA,141.0,56.4,830 Series Combo Keyswitch/59 Series,,
830B-59J-HSS,Momentary Keyswitch & 59J-HSS,EA,141.0,56.4,830 Series Combo Keyswitch/59 Series,,
830A-59J-P,Maintained Keyswitch & 59J-P,EA,141.0,56.4,830 Series Combo Keyswitch/59 Series,,
830B-59J-P,Momentary Keyswitch & 59J-P,EA,141.0,56.4,830 Series Combo Keyswitch/59 Series,,
830A-59J-W,Maintained Keyswitch & 59J-W,EA,141.0,56.4,830 Series Combo Keyswitch/59 Series,,
830B-59J-W,Momentary Keyswitch & 59J-W,EA,141.0,56.4,830 Series Combo Keyswitch/59 Series,,
830A-59J-WSS,Maintained Keyswitch & 59J-WSS,EA,141.0,56.4,830 Series Combo Keyswitch/59 Series,,
830B-59J-WSS,Momentary Keyswitch & 59J-WSS,EA,141.0,56.4,830 Series Combo Keyswitch/59 Series,,
830A-59J-PLAIN,Maintained Keyswitch & 59J-PLAIN,EA,141.0,56.4,830 Series Combo Keyswitch/59 Series,,
830B-59J-PLAIN,Momentary Keyswitch & 59J-PLAIN,EA,141.0,56.4,830 Series Combo Keyswitch/59 Series,,
-DPDT,Double Pole Double Throw switch. Add suffix DPDT to part number (example: 59-H-DPDT).,EA,16.0,6.4,830 Series Combo Keyswitch/59 Series,,
-IP68,"Weatherproof option for all switches (49, 59, and 89 series).",EA,40.0,16.0,830 Series Combo Keyswitch/59 Series,,
59-XXX,"For “Face Plate Only”, add “-PO” to the part number. Excludes custom face plates and dual vestibule switches.",EA,47.0,18.8,830 Series Combo Keyswitch/59 Series,,"Also listed at $38.00 (For “Face Plate Only”, on vestibule dual)"
ESC-59R4,Escutcheon Plate for 59R4 Series Switches. Attractive stainless steel plates that can be surface mounted directly to the wall or attached to a single-gang or 2-gang electrical box.,EA,79.0,31.6,Switch Accessories,,
ESC-59R6,Escutcheon Plate for 59R6 Series Switches. Attractive stainless steel plates that can be surface mounted directly to the wall or attached to a single-gang or 2-gang electrical box.,EA,89.0,35.6,Switch Accessories,,
E13-25JA,UL listed replacement SPDT micro-switch. Includes mounting nuts and spring.,EA,14.0,5.6,Switch Accessories,,
E19-00J,UL listed DPDT micro-switch. Includes mounting nuts and spring,EA,29.0,11.6,Switch Accessories,,
HDWE-XX,Screw packs for mounting switches. Specify switch series.,EA,5.0,2.0,Switch Accessories,,
HDWE-SECURITY-XX,Screw packs for security mounting switches. Specify switch series.,EA,5.0,2.0,Switch Accessories,,
1035,One piece mounting box. 2” deep jamb box. Compatible with 59J Series switches and many other switches designed for jamb mount.,EA,35.0,14.0,Surface Mount Boxes / Exterior Grade Polycarbonate,,
1010,Two piece mounting box. 2 Piece design makes battery replacement quick and easy for wireless applications. Compatible with 59J & 614-NSS Series switches.,EA,35.0,14.0,Surface Mount Boxes / Exterior Grade Polycarbonate,,
1015,"Two piece mounting box. 2 Piece design makes battery replacement quick and easy for wireless applications. Compatible with 59, 59V, 1078, 216, 830, & 614 series switches.",EA,37.0,14.8,Surface Mount Boxes / Exterior Grade Polycarbonate,,
1020,"Two piece mounting box. 2 Piece design makes battery replacement quick and easy for wireless applications. Compatible with 59, 216, & 614 Series switches.",EA,37.0,14.8,Surface Mount Boxes / Exterior Grade Polycarbonate,,
1025,Two piece mounting box. 2 Piece design makes battery replacement quick and easy for wireless applications. Round boxes compatible with all 59R4 Series switches.,EA,37.0,14.8,Surface Mount Boxes / Exterior Grade Polycarbonate,,
1030,Two piece mounting box. 2 Piece design makes battery replacement quick and easy for wireless applications. Round boxes compatible with all 59R6 Series switches.,EA,37.0,14.8,Surface Mount Boxes / Exterior Grade Polycarbonate,,
NGS-IR-A,NexGen Infrared WIRELESS Touchless Activation Switch. Replaceable battery with estimated 3-year battery life.,EA,295.0,118.0,Surface Mount Boxes / Exterior Grade Polycarbonate,,
NG-IR-A,NexGen Infrared WIRED Touchless Activation Switch. Can also be used with the 2WIRE MODULE.,EA,213.0,85.2,Surface Mount Boxes / Exterior Grade Polycarbonate,,
216,IR Switch & 4 1⁄2” Face Plate (Fits Single & 2-Gang Junction Boxes) Can also be used with the 2WIRE MODULE.,EA,257.0,102.8,216 Series Touchless Switches,,
216-L,IR Switch & 2 3⁄4” x 4 1⁄2” Face Plate (Fits Single-Gang Box) Can also be used with the 2WIRE MODULE.,EA,257.0,102.8,216 Series Touchless Switches,,
216-N,IR Switch & 1 11/16” x 4 1⁄2” Face Plate (Fits 1 3⁄4” Door Frame) Can also be used with the 2WIRE MODULE.,EA,257.0,102.8,216 Series Touchless Switches,,
2WIRE-216,"Single Door Wired Kit - 2:216, 1:2WIRE MODULE",EA,578.0,231.2,Touchless Kits,,
2WIRE-216L,"Single Door Wired Kit - 2:216-L, 1:2WIRE MODULE",EA,578.0,231.2,Touchless Kits,,
2WIRE-216N,"Single Door Wired Kit - 2:216-N, 1:2WIRE MODULE",EA,578.0,231.2,Touchless Kits,,
2WIRE-NG-IR-A,"Single Door Wired Kit - 2:NG-IR-A, 1:2WIRE MODULE",EA,470.0,188.0,Touchless Kits,,
STK-NGS-IR-A,Single Door IR Kit - 2:NGS-IR-A; 1:S-COR,EA,742.0,296.8,Touchless Kits,,
S-COR,Spectrum S-COR Coordinator- functions similar to the stan- dard radio control receiver. Provides two outputs. Compatible with NexGen NGS-IR-A and all S-TRX transceivers. 2.4 GHz frequency provides superior activation reliability. Pairs with up to 64 transceivers.,EA,219.0,87.6,Touchless Accessories,,
2WIRE MODULE,2WIRE Module: Enable power and signal with the use of 2 wires only. Great solution when retrofitting from a push plate to a wired touchless switch.,EA,129.0,51.6,Touchless Accessories,,
1015-A,Angled mounting box for direct sunlight mounting of NG and NGS switches.,EA,60.0,24.0,Touchless Accessories,,
NGS-RPL-BAT,Replacement battery for NGS-IR-A. QTY 5 No Discount Eligible,EA,45.0,45.0,Touchless Accessories,,
CP-TX (59),,EA,95.0,38.0,Touchless Accessories,,
CP-TX-R4 (59R4),"Wall mount transmitters. Complete with transmitter, integrated signal enhancing antennas, wire harness and 9V battery installed in a surface mounting box. For 1015 surface box, specify CP/TX-1015.",EA,95.0,38.0,Touchless Accessories,,
CP-TX-R6 (59R6),,EA,95.0,38.0,Touchless Accessories,,
CP-STX(59),"Vestibule sequencing transmitters. Vestibule sequencing version of the CP/TX. Sequence the opening of vestibule doors one after the other from either direction. For 1015 surface box, specify CP/STX-1015.",EA,125.0,50.0,Touchless Accessories,,
CP-STX-R4(59R4),,EA,125.0,50.0,Touchless Accessories,,
CP-STX-R6(59R6),,EA,125.0,50.0,Touchless Accessories,,
CP-TX-J,"Jamb mount transmitter. Complete with transmitter, wire harness and 9V battery installed in the 1010 jamb surface mounting box.",EA,95.0,38.0,Touchless Accessories,,
CP-STX-J,Jamb sequencing transmitter. Vestibule sequencing version,EA,125.0,50.0,Touchless Accessories,,
CP-TX-V,"Dual transmitters. Complete with 2 transmitters, wire harnesses and 9V batteries installed in the 1015 surface mounting box. Individually operate 2 doors in a vestibule when used in combination with the 59V Vestibule Series Switches.",EA,176.0,70.4,Touchless Accessories,,
CP-TX-P,"Bollard transmitter. Complete with transmitter, wire harness and 9V battery installed on a mounting platform that spans the top of the 608 Series Post assembly.",EA,95.0,38.0,Touchless Accessories,,
CP-STX-P,Bollard sequencing transmitter. Vestibule sequencing ver- sion of the CP/TX-P. Sequence the opening of vestibule doors one after the other from either direction via 608 Series Posts.,EA,125.0,50.0,Touchless Accessories,,
CP-TX-VP,"Bollard dual transmitter. Complete with 2 transmitters, wire harnesses and 9V batteries installed on a mounting platform that spans the top of the 608 Series post assembly. Individually operate 2 doors in a vestibule when used in combination with the 608 Series Vestibule Posts.",EA,181.0,72.4,Touchless Accessories,,
CP-TX-PCB,ClearPath transmitter only - no box,EA,90.0,36.0,Touchless Accessories,,
CP-TX-HH1,Handheld Micro-Transmitter. 1-button micro-transmitter combines small overall size with a large easy to activate button. Small enough to wear on a neck chain (included).,EA,99.0,39.6,Touchless Accessories,,
CP-TX-HH2,Handheld Micro-Transmitter. 2-button micro-transmitter combines small overall size with 2 large easy to activate buttons. Small enough to wear on a neck chain (included).,EA,107.0,42.8,Touchless Accessories,,
CP-RX,Multi-Mode Receiver. Compact Receiver: Includes Mode 1 & 2.,EA,99.0,39.6,Touchless Accessories,,
CP-RXM,"Multi-Mode Receiver with Sequenced Output. Compact Receiver: Includes Mode 1, 2, 3 & 4. RXM provides sequenced output which allows processes such as releasing a lock before activating an opener.",EA,139.0,55.6,Touchless Accessories,,
CP-RXR,"Multi-Mode Receiver with Ratcheting Relay. Compact Receiver: Includes Mode 1, 2, & 5. RXR provides ratcheting relay which allows for a continuous output until a second activation signal is received.",EA,111.0,44.4,Touchless Accessories,,
CTP-X,Single Door Kit - 2:59-X; 2:CP/TX; 1:CP/RX,EA,407.0,162.8,ClearPath Kits,,
CTP-R4-X,Single Door Kit - 2:59R4-X; 2:CP/TX-R4; 1:CP/RX,EA,407.0,162.8,ClearPath Kits,,
CTP-R6-X,Single Door Kit - 2:59R6-X; 2:CP/TX-R6; 1:CP/RX,EA,433.0,173.2,ClearPath Kits,,
CTP-J-X,Single Door Kit - 2:59J-X; 2:CP/TX-J; 1:CP/RX,EA,399.0,159.6,ClearPath Kits,,
CTP-XV,Vestibule Kit - 2:59-X; 2:CP/STX; 1:59V-X; 1:CP/TX-V; 2:CP/RX,EA,829.0,331.6,ClearPath Kits,,
CTP-J-XV,Vestibule Kit - 2:59J-X; 1:59V-X; 2:CP/STX-J; 1:CP/TX-V; 2:CP/RX,EA,829.0,331.6,ClearPath Kits,,
CTP2-X,Dual Door Kit -4:59-X; 4:CP/TX; 1:CP/RX,EA,796.0,318.4,ClearPath Kits,,
RXM,Plug-in module kit to field activate Mode 3 & 4.,EA,50.0,20.0,ClearPath Kits,,
S-TRX,"2.4 GHz transceiver, 1020 box, wire harness, 9v battery",EA,142.0,56.8,ClearPath Kits,,
S-TRX-R4,"2.4 GHz transceiver, 1025 box, wire harness, 9v battery",EA,142.0,56.8,ClearPath Kits,,
S-TRX-R6,"2.4 GHz transceiver, 1030 box, wire harness, 9v battery",EA,142.0,56.8,ClearPath Kits,,
S-TRX-J,"2.4 GHz jamb-mount transceiver, 1010 box, wire harness, 9v battery.",EA,142.0,56.8,ClearPath Kits,,
S-TRX-V,"2) 2.4 GHz transceivers, 1015 box, wire harnesses, 9v battery.",EA,264.0,105.6,ClearPath Kits,,
S-TRX-P,"2.4 GHz transceiver, wire harness, and 9v battery installed on a mounting platform that spans the top of a 608 Series post assembly.",EA,142.0,56.8,ClearPath Kits,,
S-TRX-VP,"(2) 2.4 GHz transceivers, wire harness, and 9v battery installed on a mounting platform that spans the top of a 608 Series post assembly.",EA,264.0,105.6,ClearPath Kits,,
S-TRX-HH,1-button hand-held transceiver with lanyard.,EA,163.0,65.2,ClearPath Kits,,
STK-X,Single Door Kit - 2:59-X; 2:S-TRX; 1:S-COR,EA,589.0,235.6,Kits,,
STK-R4-X,Single Door Kit - 2:59R4-X; 2:S-TRX; 1:S-COR,EA,589.0,235.6,Kits,,
STK-R6-X,Single Door Kit - 2:59R6-X; 2:S-TRX; 1:S-COR,EA,,235.6,Kits,,
STK-J-X,Single Door Kit - 2:59J-X; 2:S-TRX; 1:S-COR,EA,589.0,235.6,Kits,,
STK-XV,Vestibule Kit - 2:59-X; 2:S-TRX; 1:59V-X; 1:S-TRX-V; 2:S-COR,EA,1130.0,452.0,Kits,,
STK-J-XV,Vestibule Kit - 2:59J-X; 1:59V-X; 2:S-TRX-J; 1:S-TRX-V; 2:S-COR,EA,1130.0,452.0,Kits,,
TDM,"Time Delay Module. Universal Time Delay Module provides up to 4 inputs that can be converted to sequential relay outputs. Each output is adjustable 0-99 seconds. The TDM can add additional time of 0-99 seconds, sequence electric locks and automatic doors or sequence vestibule doors all from a single device.",EA,125.0,50.0,Kits,,
TDM-HC,"High-Current Time Delay Module. TDM with both output relays rated for a current inrush of 20 amps, making the TDM- HC compatible with all common locking devices.",EA,194.0,77.6,Kits,,
PTM,Module and wire harness only.,EA,174.0,69.6,PTM - Privacy Timing Module,,
PTM-KIT,"Includes module, wire harness, interior dual switch (59V-PTM), exterior combo switch (830B-59J-PTM), and door position switch.",EA,405.0,162.0,PTM - Privacy Timing Module,,
MicroStar,Microwave motion sensor with Human Presence RadarTM (HPR) for activating all types of automatic doors. HPR helps to maintain detection of extremely slow moving individuals in approach zone of the door.,EA,285.0,114.0,PTM - Privacy Timing Module,,
VPR-27,Short Range Sensor High-mount microwave motion sensor with detection range of approximately 60 feet,EA,800.0,400.0,PTM - Privacy Timing Module,,
DH-400,Active infrared presence sensor for pedestrian doors. Not monitoring capable.,EA,414.0,165.6,Presence Sensors (Safety Only),,
DH100-CT,Active infrared presence sensor for pedestrian doors. Presence monitoring capable.,EA,373.0,149.2,Presence Sensors (Safety Only),,
SSS-5L1,Door-mounted monitored infrared presence sensor: 40” housing length.,EA,502.0,200.8,Presence Sensors (Safety Only),,
SSS-5M1,Door-mounted monitored infrared presence sensor: 27” housing length.,EA,490.0,196.0,Presence Sensors (Safety Only),,
3H-IR14C,Active infrared presence sensor for pedestrian doors. Presence monitoring capable.,EA,305.0,122.0,Combination Sensors (Activation and Safety),,
SSR-3F/BL,Microwave & active infrared sensor. Presence monitoring capable.,EA,357.0,142.8,Combination Sensors (Activation and Safety),,
DB-11,Flush-mount infrared emitter and receiver safety beam set with a 0’ to 40’ range and GDB mounting brackets included.,EA,163.0,65.2,Combination Sensors (Activation and Safety),,
GD11-GDB,Surface-mount infrared emitter and receiver safety beam set with a 0’ to 40’ range and GDB mounting brackets included.,EA,184.0,73.6,Combination Sensors (Activation and Safety),,
HP2,"Infrared modular beam system consists of one control module, 2 transmitter beams with cables and 2 receiver beams with cables.",EA,180.0,72.0,Combination Sensors (Activation and Safety),,
12024,24V AC transformer.,EA,30.0,12.0,Motion Sensor Accessories,,
MS-BDB,Microstar- universal mounting bracket.,EA,30.0,12.0,Motion Sensor Accessories,,
MSRC,Microstar- rain cover.,EA,48.0,19.2,Motion Sensor Accessories,,
WC-ID-BL,Molded plastic rain cover for DH400 & DH100.,EA,88.0,35.2,Motion Sensor Accessories,,
608-NP-NT-GR-SM,"Bollard & Cap Assy, No Switch Prep, No Transmitter, Gray, Surface Mount.",EA,446.0,178.4,Motion Sensor Accessories,,
608-NP-NT-BR-SM,"Bollard & Cap Assy, No Switch Prep, No Transmitter, Dk Bronze, Surface Mount.",EA,446.0,178.4,Motion Sensor Accessories,,
608-SP-NT-GR-SM,"Bollard & Cap Assy, Flush Switch Prep, No Transmitter, Gray, Surface Mount.",EA,394.0,157.6,Motion Sensor Accessories,,
608-SP-NT-BR-SM,"Bollard & Cap Assy, Flush Switch Prep, No Transmitter, Dk Bronze, Surface Mount.",EA,394.0,157.6,Motion Sensor Accessories,,
608-RP-NT-GR-SM,"Bollard & Cap Assy, Recessed Switch Prep, No Transmitter, Gray, Surface Mount.",EA,499.0,199.6,Motion Sensor Accessories,,
608-RP-NT-BR-SM,"Bollard & Cap Assy, Recessed Switch Prep, No Transmitter, Dk Bronze, Surface Mount.",EA,499.0,199.6,Motion Sensor Accessories,,
Replace Surface Mount Shoe with In-ground Shoe.,,EA,49.0,19.6,Motion Sensor Accessories,,
Add (1) 300/390 MHz Transmitter.,,EA,95.0,38.0,Motion Sensor Accessories,,
Add (1) 300/390 MHz Sequencing Transmitter.,,EA,126.0,50.4,Motion Sensor Accessories,,
Add (2) 300/390 MHz Transmitters.,,EA,182.0,72.8,Motion Sensor Accessories,,
Add (1) 2.4 GHz Transmitter.,,EA,139.0,55.6,Motion Sensor Accessories,,
Add (2) 2.4 GHz Transmitters.,,EA,264.0,105.6,Motion Sensor Accessories,,
608-SHOE-SM,Surface Mount Shoe & Hardware for 608 Bollard.,EA,60.0,24.0,Motion Sensor Accessories,,
608-SHOE-IG,In-ground Mount Shoe & Hardware for 608 Bollard.,EA,107.0,42.8,Motion Sensor Accessories,,
608-CAP,Plastic Cap & Hardware for 608 Bollard.,EA,60.0,24.0,Motion Sensor Accessories,,
MSS-1,"Blue & White, 1 qty",EA,12.0,4.8,Motion Sensor Accessories,,
MSS-1-40,"Blue & White, 40 qty",EA,252.0,100.8,Motion Sensor Accessories,,
MSS-2,"Yellow & Black, 1 qty",EA,12.0,4.8,Motion Sensor Accessories,,
MSS-2-40,"Yellow & Black, 40 qty",EA,252.0,100.8,Motion Sensor Accessories,,
MSS-3,"Green, Black & White, 1 qty",EA,12.0,4.8,Motion Sensor Accessories,,
MSS-3-40,"Green, Black & White, 40 qty",EA,252.0,100.8,Motion Sensor Accessories,,
MSS-4,"Red, Black & White/Green, Black & White, 1 qty",EA,12.0,4.8,Motion Sensor Accessories,,
MSS-4-40,"Red, Black & White/Green, Black & White, 40 qty",EA,252.0,100.8,Motion Sensor Accessories,,
MSS-5,"White & Blue, 1 qty",EA,12.0,4.8,Motion Sensor Accessories,,
MSS-5-40,"White & Blue, 40 qty",EA,252.0,100.8,Motion Sensor Accessories,,
MSS-6,"Red & White, 1 qty",EA,12.0,4.8,Motion Sensor Accessories,,
MSS-6-40,"Red & White, 40 qty",EA,252.0,100.8,Motion Sensor Accessories,,
MSS-13,"Red & White, 1 qty",EA,12.0,4.8,Motion Sensor Accessories,,
MSS-13-40,"Red & White, 40 qty",EA,252.0,100.8,Motion Sensor Accessories,,
MSS-15,"Yellow, Black & Blue, 1 qty",EA,12.0,4.8,Motion Sensor Accessories,,
MSS-15-40,"Yellow, Black & Blue, 40 qty",EA,252.0,100.8,Motion Sensor Accessories,,
TC-OA-SDLC,Intersector SDLC Stop bar & advanced detection; SDLC bus compatible Radar detection with presence-tracking capabilities Provides both stop bar and advanced detection capabilities in a single sensor Intersector HUB & SDLC Bus compatible,EA,7000.0,3125.0,Motion Sensor Accessories,,
TC-CK1-SBE-2.0,Intersector SBE 2.0 Stop bar & advanced detection Radar detection with presence-tracking capabilities Provides both stop bar and advanced detection capabilities in a single sensor TCIB-UNI compatible,EA,7000.0,3125.0,Motion Sensor Accessories,,
TC-HUB,Intersector Hub Communication link for up to 6 Intersector SDLC sensors Integrated power supply Integrated WiFi & ethernet switch Integrated data reporting Provides sensor setup via web-based user interface Remote sensor monitoring & setup capability,EA,2875.0,1437.5,Intersector Interface Products,,
TCIB-UNI-2.1,TCIB-UNI-2.1 = 2 Outputs/Single Cabinet Slot,EA,700.0,350.0,Intersector Interface Products,,
TCIB-UNI-4.1,TCIB-UNI-4.1 = 4 Outputs/Single Cabinet Slot,EA,700.0,350.0,Intersector Interface Products,,
TCIB-UNI-4.2,TCIB-UNI-4.2 = 4 Outputs/2 Cabinet Slots,EA,700.0,350.0,Intersector Interface Products,,
TCIPI-4,Intersector Power Injector Robust power supply for up to 4 sensors Injects 24V DC on the Ethernet cable between each TCIB Card and sensor,EA,930.0,465.0,Intersector Accessories,,
TCIP-CC,"Intersector Card Cage Hardware and Cable necessary to power and operate a TCIB-UNI-2.1 or 4.1, 60” cable assembly included",EA,825.0,412.5,Intersector Accessories,,
ECX,Ethernet Cable Extender Extends the maximum cable length for sensors from 300 ft. to 600 ft.,EA,825.0,412.5,Intersector Accessories,,
VPR-26,Long Range Sensor Detects cars up to 350 ft within target zone Selectable approach/depart or bi-direction motion detection,EA,1000.0,500.0,Intersector Accessories,,
TCPS-170,"Isolation Card - 170, 179, 2070 Single channel isolation/surge protection Single 12V AC output powers up to 2 sensors",EA,200.0,100.0,Motion Sensor Accessories,,
TCPS-NEMA,Isolation Card - NEMA (Cabinet) Dual channel isolation/surge protection Two 12V AC output powers up to 2 sensors,EA,200.0,100.0,Motion Sensor Accessories,,
TCPS-IRM,Isolation Relay Module Single channel isolation/surge protection Single 24V AC output powers up to 1 sensor,EA,70.0,35.0,Motion Sensor Accessories,,
