Part Number,Description,UOM,List Price,Net Price,Category,Manufacturer Part,Notes,Model,Product Family,Division
A10031104,OA-FLEX-T — AIR Motion/Presence Sensor with BLUE ZONE (Self monitored),EA,640.0,224.0,Swing Door Safety,,,OA-FLEX-T,OA-FLEX T,OI ETR
C16000086,OA FLEX MOUNT — Mounting Kit for OA-Flex T,EA,95.0,33.25,Swing Door Safety,,,OA FLEX MOUNT,OA-Flex T Accessories,OI ETR
A10031577,"OA-EDGE1 T(34.5)B — DM Swing Safety Sensor 34.5"" & 1 Primary MDL (Self monitored)",EA,547.0,191.45,Swing Door Safety,,,OA-EDGE1 T(34.5)B,OA-Edge T,OI ETR
A10031579,"OA-EDGE2 T(34.5)B — DM Swing Safety Sensor 34.5"" & 1 Primary + 1 Secondary MDL (Self monitored)",EA,862.0,301.7,Swing Door Safety,,,OA-EDGE2 T(34.5)B,OA-Edge T,OI ETR
A10031578,"OA-EDGE1 T(44)B — DM Swing Safety Sensor 44"" & 1 Primary MDL (Self monitored)",EA,616.0,215.6,Swing Door Safety,,,OA-EDGE1 T(44)B,OA-Edge T,OI ETR
A10031580,"OA-EDGE2 T(40)B — DM Swing Safety Sensor 40"" & 1 Primary + 1 Secondary MDL (Self monitored)",EA,898.0,314.3,Swing Door Safety,,,OA-EDGE2 T(40)B,OA-Edge T,OI ETR
A10031581,"OA-EDGE2 T(44)B — DM Swing Safety Sensor 44"" & 1 Primary + 1 Secondary MDL (Self monitored)",EA,933.0,326.55,Swing Door Safety,,,OA-EDGE2 T(44)B,OA-Edge T,OI ETR
A10030860,OA-EDGE_LED — EDGE LED Module,EA,102.0,35.7,Swing Door Safety,,,OA-EDGE_LED,OA-Edge T Accessories,OI ETR
A10030899,PROFILE 1600 BL — EDGE Profile 1600 BL,EA,295.0,103.25,Swing Door Safety,,,PROFILE 1600 BL,OA-Edge T Accessories,OI ETR
A10088724,"ED_CAB_COM_10 — OA-EDGE 10"" Black Communication Cable",EA,103.0,36.05,Swing Door Safety,,,ED_CAB_COM_10,OA-Edge T Accessories,OI ETR
A10088725,"ED_CAB_COM_35 — OA-EDGE 35"" Black Communication Cable",EA,66.0,23.1,Swing Door Safety,,,ED_CAB_COM_35,OA-Edge T Accessories,OI ETR
A10088870,ED_PRT_WIN_44IN — OA-EDGE Window 44 inch,EA,116.0,40.6,Swing Door Safety,,,ED_PRT_WIN_44IN,OA-Edge T Accessories,OI ETR
A10088742,EDT_CAB_PWR — OA-EDGE T Power Cable,EA,119.0,41.65,Swing Door Safety,,,EDT_CAB_PWR,OA-Edge T Accessories,OI ETR
A10088737,"RH-E 1200 — Rain Hood For OA-EDGE Series (1200 mm, 47.2 inch)",EA,127.0,44.45,Swing Door Safety,,,RH-E 1200,OA-Edge T Accessories,OI ETR
A10031584,OA-EDGE T Primary Module — OA-EDGE T Primary module (old part number: A10030850),EA,451.0,157.85,Swing Door Safety,,,OA-EDGE T Primary Module,OA-Edge T Accessories,OI ETR
A10031585,OA-EDGE T Secondary Module — OA-EDGE T Secondary module (old part number: A10030851),EA,440.0,154.0,Swing Door Safety,,,OA-EDGE T Secondary Module,OA-Edge T Accessories,OI ETR
C16000069,ED_PRT_CAP_KIT — EDGE End Cap Kit,EA,9.0,3.15,Swing Door Safety,,,ED_PRT_CAP_KIT,OA-Edge T Accessories,OI ETR
A10088750,ED_CLIPS — Edge Clips,EA,44.0,15.4,Swing Door Safety,,,ED_CLIPS,OA-Edge T Accessories,OI ETR
A10031089,Pro-Swing Premier T — HM Swing Safety Sensor + Controler (Self monitored),EA,561.0,196.35,Swing Door Safety,,,Pro-Swing Premier T,Pro-Swing Premier T,OI ETR
C16000036,Premier Mount — Proswing Premier mounting bracket,EA,55.0,19.25,Swing Door Safety,,,Premier Mount,Pro-Swing Premier T Accessories,OI ETR
A10088603,"PR_CAB_COM_40"" — Premier Mk1& Mk2 40"" Black Cable",EA,124.0,43.4,Swing Door Safety,,,"PR_CAB_COM_40""",Pro-Swing Premier T Accessories,OI ETR
A10031081,Pro-Swing Elite T — DM Swing Safety Sensor + Controler (Self monitored),EA,1292.0,452.2,Swing Door Safety,,,Pro-Swing Elite T,Pro-Swing Elite,OI ETR
A10031082,EL_SH_603 T — ELITE Sensor head OA-603 T (Self monitored),EA,746.0,261.1,Swing Door Safety,,,EL_SH_603 T,Pro-Swing Elite Accessories,OI ETR
A10031083,EL_COT_904 T — ELITE Controller OC-904C T (Self monitored),EA,380.0,133.0,Swing Door Safety,,,EL_COT_904 T,Pro-Swing Elite Accessories,OI ETR
A10030636,OMS-102 — ELITE Position Sensor (New Version),EA,561.0,196.35,Swing Door Safety,,,OMS-102,Pro-Swing Elite Accessories,OI ETR
A10088733,HC-ELITE — Housing Cover For ELITE (Black),EA,156.0,54.6,Swing Door Safety,,,HC-ELITE,Pro-Swing Elite Accessories,OI ETR
A10088729,EL_CAB_COM_4FT — ELITE Mk1& Mk2 4' Gray Cable From Door Loop To Controller,EA,143.0,50.05,Swing Door Safety,,,EL_CAB_COM_4FT,Pro-Swing Elite Accessories,OI ETR
A10088752,EL_HWK_102 — ELITE MK1&MK2 Hardware Pkg includes parts for OMS-102,EA,55.0,19.25,Swing Door Safety,,,EL_HWK_102,Pro-Swing Elite Accessories,OI ETR
A10088602,"EL_CAB_COM_7IN — ELITE Mk1 & Mk2 & ST 7"" Black Cable Between 2 Sensor Head",EA,157.0,54.95,Swing Door Safety,,,EL_CAB_COM_7IN,Pro-Swing Elite Accessories,OI ETR
C16000035,"ELITE Mount — Pro-Swing Elite T & ELITE PRO Mounting Brackets, (cable, caps, and srews)",EA,241.0,84.35,Swing Door Safety,,,ELITE Mount,Pro-Swing Elite Accessories,OI ETR
A10031478,"ELITE PRO LE (low energy) — Contains (1) Wi-Fi door mounted swing door safety sensor + (1) controller (Self- Monitored) for low energy, knowing act door applications",EA,992.0,347.2,Swing Door Safety,,,ELITE PRO LE (low energy),ELITE PRO Series,OI ETR
A10031479,ELITE PRO — Contains (2) Wi-Fi door mounted swing door safety sensor + (1) controller (Self- Monitored) for both knowing act & full energy single door applications,EA,1774.0,620.9,Swing Door Safety,,,ELITE PRO,ELITE PRO Series,OI ETR
A10031480,ELITE PRO2 — Contains (4) Wi-Fi door mounted swing door safety sensor + (1) controller (Self- Monitored) for both knowing act & full energy double door applications,EA,3193.0,1117.55,Swing Door Safety,,,ELITE PRO2,ELITE PRO Series,OI ETR
A10031562,OC-907C_T_UNIT — OC-907C T Controller Unit (ELITE PRO),EA,369.0,129.15,Swing Door Safety,,,OC-907C_T_UNIT,ELITE PRO Accessories,OI ETR
A10031564,OA-607T_SENSORHEAD — Sensor (OA-607T) Head Unit for ELITE PRO,EA,646.0,226.1,Swing Door Safety,,,OA-607T_SENSORHEAD,ELITE PRO Accessories,OI ETR
A16001137,ELITE PRO sensor head OA-607T cover — ELITE PRO sensor head OA-607T cover,EA,65.0,22.75,Swing Door Safety,,,ELITE PRO sensor head OA-607T cover,ELITE PRO Accessories,OI ETR
A10031563,OC-907_HARNESS KIT — Controller (OC-907C T) Harness Kit for ELITE PRO,EA,109.0,38.15,Swing Door Safety,,,OC-907_HARNESS KIT,ELITE PRO Accessories,OI ETR
A10031565,ELITE_PRO_WH&HW_KIT — ELITE PRO Harness & Hardware Kit,EA,92.0,32.2,Swing Door Safety,,,ELITE_PRO_WH&HW_KIT,ELITE PRO Accessories,OI ETR
A10031566,ELITE_PRO_Y-HARNESS — ELITE PRO Y Harness Kit,EA,81.0,28.35,Swing Door Safety,,,ELITE_PRO_Y-HARNESS,ELITE PRO Accessories,OI ETR
A10031511,REACTION-TWO(B) — UNI-Detectional Microwave Motion Sensor Black,EA,403.0,141.05,Swing Door: Activation,,,REACTION-TWO(B),Reaction Two,OI ETR
A10031516,HC-OM-105/106(BL) — Housing Cover For REACTION One/Two (Black),EA,29.0,10.15,Swing Door: Activation,,,HC-OM-105/106(BL),Reaction Two Accessories,OI ETR
A10030474,RH-S — Rain Hood For REACTION Series & Microwave,EA,90.0,31.5,Swing Door: Activation,,,RH-S,Reaction Two Accessories,OI ETR
A10030473,MW-CEILING — Microwave Ceilling Mount Kit,EA,105.0,36.75,Swing Door: Activation,,,MW-CEILING,Reaction Two Accessories,OI ETR
A10030830,OA-72C — AIR Recess Mount Sensor,EA,610.0,213.5,Swing Door: Activation,,,OA-72C,OA-72C,OI ETR
A10003700,OP-08CBL — PIR Access Control Sensor 12-24V/Form C Black,EA,294.0,102.9,Request to Exit Sensors,,,OP-08CBL,OP-08 Series,OI ETR
A10003998,OP-08CS — PIR Access Control Sensor 12-24V/Form C SILVER,EA,294.0,102.9,Request to Exit Sensors,,,OP-08CS,OP-08 Series,OI ETR
A10003701,OP-08CW — PIR Access Control Sensor 12-24V/Form C White,EA,294.0,102.9,Request to Exit Sensors,,,OP-08CW,OP-08 Series,OI ETR
A10031105,AIR-SLIDE T(BL) — AIR Sensor and Door Switch with BLUEZONE (Self monitored),EA,703.0,246.05,Slide Door Sensors,,,AIR-SLIDE T(BL),Air-Slide T,OI ETR
C16000185,AIR-SLIDE T(BL) with Foot Sticker — AIR Sensor and Door Switch with BLUEZONE (Self monitored) + Foot Sticker (A10031105 + A16000336),EA,730.0,255.5,Slide Door Sensors,,,AIR-SLIDE T(BL) with Foot Sticker,Air-Slide T,OI ETR
C16000186,AIR-SLIDE T(BL) with Hand Sticker — AIR Sensor and Door Switch with BLUEZONE (Self monitored) + Hand Sticker (A10031186 + A16000336),EA,730.0,255.5,Slide Door Sensors,,,AIR-SLIDE T(BL) with Hand Sticker,Air-Slide T,OI ETR
C16000187,AIR-SLIDE T(BL) with Foot + Hand Sticker — AIR Sensor and Door Switch with BLUEZONE (Self monitored) + Foot + Hand Sticker (A10031105 + A10031186 + A16000336),EA,774.0,270.9,Slide Door Sensors,,,AIR-SLIDE T(BL) with Foot + Hand Sticker,Air-Slide T,OI ETR
A16000337,AIR HAND Sticker — AIR SLIDE Hand Wave Sticker only,EA,44.0,15.4,Slide Door Sensors,,,AIR HAND Sticker,Air-Slide T Accessories,OI ETR
A16000336,AIR FOOT Sticker — Air-Slide Foot Wave Sticker only,EA,44.0,15.4,Slide Door Sensors,,,AIR FOOT Sticker,Air-Slide T Accessories,OI ETR
A10031358,i-oneX T — AIR Wide Pattern Motion/Presence Sensor (Self monitored),EA,561.0,196.35,Slide Door Sensors,,,i-oneX T,i-oneX T,OI ETR
A16000984,i-oneX T HD Protector — i-oneX T HD Protector,EA,99.0,34.65,Slide Door Sensors,,,i-oneX T HD Protector,i-oneX T Accessories,OI ETR
A10088751,XZ_CAB_PWR_8PN — X-ZONE & I-ONE XT CABLE 8 PIN,EA,44.0,15.4,Slide Door Sensors,,,XZ_CAB_PWR_8PN,i-oneX T Accessories,OI ETR
A10087004,HC-I-ONEXT(BL) — Housing Cover For i-oneX T (Black),EA,39.0,13.65,Slide Door Sensors,,,HC-I-ONEXT(BL),i-oneX T Accessories,OI ETR
C16000090,RH-IXT — RAIN HOOD FOR I-ONE X T,EA,108.0,37.8,Slide Door Sensors,,,RH-IXT,i-oneX T Accessories,OI ETR
A10031343,X-Zone T — MW-IR Combination Sensor with BLUE ZONE & Safety Input,EA,542.0,189.7,Slide Door Sensors,,,X-Zone T,X-Zone T,OI ETR
A16000900,X-ZONE T HD PROTECTOR — X-ZONE T HD PROTECTOR,EA,99.0,34.65,Slide Door Sensors,,,X-ZONE T HD PROTECTOR,X-Zone T Accessories,OI ETR
A10088566,HC-OA-AXIS (BL) — Housing Cover for OA-AXIS and X-Zone T (Black),EA,39.0,13.65,Slide Door Sensors,,,HC-OA-AXIS (BL),X-Zone T Accessories,OI ETR
A10088565,HC-X-ZONE(CHROME) — Housing Cover For X-ZONE (Chrome Plated),EA,54.0,18.9,Slide Door Sensors,,,HC-X-ZONE(CHROME),X-Zone T Accessories,OI ETR
A10030967,Built in bracket — Built-In Bracket For OA-AXIS/X-ZONE (White),EA,194.0,67.9,Slide Door Sensors,,,Built in bracket,X-Zone T Accessories,OI ETR
A10030462,SPACER_X-ZONE_T — XZ_SPACER_10MM,EA,36.0,12.6,Slide Door Sensors,,,SPACER_X-ZONE_T,X-Zone T Accessories,OI ETR
A10031050,RH-01(BL) — Rain Hood For X-ZONE/ i-oneX T,EA,207.0,72.45,Slide Door Sensors,,,RH-01(BL),X-Zone T Accessories,OI ETR
A10031543,Mirage T — AIR Built-In type Motion/Presence Sensor with two outputs for activation,EA,615.0,215.25,Slide Door Sensors,,,Mirage T,Mirage T,OI ETR NEW
A10031544,MIRAGE T Surface mounting kit (BL) — MIRAGE T Surface mounting kit (BL),EA,65.0,22.75,Slide Door Sensors,,,MIRAGE T Surface mounting kit (BL),Mirage T Accessories,OI ETR NEW
A10031545,MIRAGE T Surface mounting kit (S) — MIRAGE T Surface mounting kit (S),EA,65.0,22.75,Slide Door Sensors,,,MIRAGE T Surface mounting kit (S),Mirage T Accessories,OI ETR NEW
C16000046,REACTION-MOUNT — Mount for Reaction Series,EA,63.0,22.05,Folding Door: Activation,,,REACTION-MOUNT,Reaction Two Accessories,OI ETR
A10031556,SH-10MC — SH-10MC Beam with 33' Continuous Cable (old PN: A10030318),EA,96.0,33.6,Safety Beams,,,SH-10MC,Safety Beams,OI ETR
A10031095,OS-12CT — Auto set-up Safety beam controller (Self monitored),EA,208.0,72.8,Safety Beams,,,OS-12CT,OS-12CT,OI ETR
A10031570,SH-7MC — SH-7MC Beam with 23' Continuous Cable (moving to P/N: A10031570 late 2025),EA,93.0,32.55,Safety Beams,,,SH-7MC,SH-7MC,OI ETR
C16000163,SH-TRBL-SET — Trim Ring set of 10pcs,EA,,,Components,,,SH-TRBL-SET,SH Series Components,OI ETR
A10003692,"PP-B — OS Mounting Plate, Point/Point (Bronze)",EA,44.0,15.4,Components,,,PP-B,OS Series Components,OI ETR
A10003693,"PP-S — OS Mounting Plate, Point/Point (Silver)",EA,44.0,15.4,Components,,,PP-S,OS Series Components,OI ETR
A10003695,"P-S — OS Mounting Plate, Reflector (Silver)",EA,49.0,17.15,Components,,,P-S,OS Series Components,OI ETR
A10003709,OS-BH — OS-Series Head Holder 1 PR (Gray),EA,39.0,13.65,Components,,,OS-BH,OS Series Components,OI ETR
A10031059,OS-BH(BL) — OS-Series Head Holder 1 PR (Black),EA,39.0,13.65,Components,,,OS-BH(BL),OS Series Components,OI ETR
A10088136,"PR-B — OS Mounting Plate, Refrector (Bronze)",EA,40.0,14.0,Components,,,PR-B,OS Series Components,OI ETR
A10088137,"PR-S — OS Mounting Plate, Refrector (Silver)",EA,39.0,13.65,Components,,,PR-S,OS Series Components,OI ETR
A10088141,PP-C — OS Mounting Plate Set (Chrome),EA,55.0,19.25,Components,,,PP-C,OS Series Components,OI ETR
A10088142,"PR-C — OS Mounting Plate, Reflection (Chrome Plated)",EA,55.0,19.25,Components,,,PR-C,OS Series Components,OI ETR
A10088220,"PO-C — OS Mounting Plate, Push-in, Chrome 2 pcs (Chrome Plated)",EA,55.0,19.25,Components,,,PO-C,OS Series Components,OI ETR
A10088226,"P-C — OS Mounting Plate, Reflection (Chrome Plated)",EA,55.0,19.25,Components,,,P-C,OS Series Components,OI ETR
A10030000,Infrared Finder — Infrared Beam Finder,EA,261.0,91.35,Components,,,Infrared Finder,OS Series Head Holders,OI ETR
A10088587,REFLECTOR — Reflector For OS-10CR (Replacement) Slim,EA,76.0,26.6,Components,,,REFLECTOR,Other Components,OI ETR
C16000164,SH-TRCL-SET — Trim Ring set of 10pcs,EA,116.0,40.6,Components,,,SH-TRCL-SET,Other Components,OI ETR
A10030825,"RH-L — Rain Hood For OA-202/OA-601/OA-AXIS ""RH-3""",EA,192.0,67.2,Components,,,RH-L,Other Components,OI ETR
A10030406,RH-4 (RH-XXL) — Rain Hood For OA-6500,EA,200.0,70.0,Components,,,RH-4 (RH-XXL),Other Components,OI ETR
A10031492,OAM-EXPLORER US — Combination Motion and Presence Sensor for the Industrial Door Market,EA,712.0,249.2,Industrial & High Performance Doors,,,OAM-EXPLORER US,OAM Explorer,OI ETR
A10031111,OA-6500 T — AIR High Mount Industrial Door Sensor (Self monitored),EA,1158.0,405.3,Industrial & High Performance Doors,,,OA-6500 T,OA-6500 T,OI ETR
A16000953,OAM-Explorer Mount — 36” Extension Mounting Bracket for OAM-Explorer,EA,328.0,114.8,Industrial & High Performance Doors,,,OAM-Explorer Mount,Industrial Door Accessories,OI ETR
A16001022,OAM-Explorer-S-Mount — Sectional door mount for the OAM Explorer,EA,462.0,161.7,Industrial & High Performance Doors,,,OAM-Explorer-S-Mount,Industrial Door Accessories,OI ETR
A16001048,OAM CABLE 10M (4515640) — OAM-Explorer Power Cable,EA,209.0,73.15,Industrial & High Performance Doors,,,OAM CABLE 10M (4515640),Industrial Door Accessories,OI ETR
A16001138,Stock Angle Adjustment Bracket — Stock Angle Adjustment Bracket for OAM-Explorer,EA,149.0,52.15,Industrial & High Performance Doors,,,Stock Angle Adjustment Bracket,Industrial Door Accessories,OI ETR
C16000177,OAM-Explorer RH — OAM Explorer Rain Hood,EA,103.0,36.05,Industrial & High Performance Doors,,,OAM-Explorer RH,Industrial Door Accessories,OI ETR
A10031402,Link-BT1 — Wireless Dry Contact Converter for OAM-EXPLORER,EA,417.0,145.95,Industrial & High Performance Doors,,,Link-BT1,Industrial Door Accessories,OI ETR
A16000668,OA-6500S T CABLE — OA-6500S T power cable,EA,121.0,42.35,Industrial & High Performance Doors,,,OA-6500S T CABLE,Industrial Door Accessories,OI ETR
A10009214,OVS-01GT — 18' Range Vehicle Presence Sensor,EA,699.0,315.0,Vehicle Sensing,,,OVS-01GT,Smart Mobility Sensors (SMS),OI ETR
A10009247,OVS-02GT — Virtual Loop Vehicle Presence Sensor with 26' Range,EA,789.0,354.0,Vehicle Sensing,,,OVS-02GT,Smart Mobility Sensors (SMS),OI ETR
A10009248,OVS-02GT(GR) — Virtual Loop Vehicle Presence Sensor with 26' Range (color gray),EA,799.0,374.0,Vehicle Sensing,,,OVS-02GT(GR),Smart Mobility Sensors (SMS),OI ETR
A10009236,OVS-01GTWH — 18' Range Vehicle Presence Sensor (color white),EA,799.0,320.0,Vehicle Sensing,,,OVS-01GTWH,Smart Mobility Sensors (SMS),OI ETR
A10009216,OVS-01CC — 26' Range Vehicle Presence Sensor 2 Output (moving vehicles),EA,799.0,359.0,Vehicle Sensing,,,OVS-01CC,Smart Mobility Sensors (SMS),OI ETR
C16000174,OVS-50 TNR — Monitored Hybrid Photoelectric Through Beam,EA,700.0,322.0,Vehicle Sensing,,,OVS-50 TNR,Smart Mobility Sensors (SMS),OI ETR
A16000773,"OVS-MPB — 30"" Mini Post for Road Surface Mounting OVS Series - Black",EA,250.0,129.0,Vehicle Sensing,,,OVS-MPB,SMS Accessories,OI ETR
A16000774,"OVS-MPY — 30"" Mini Post for Road Surface Mounting OVS Series - Yellow",EA,250.0,129.0,Vehicle Sensing,,,OVS-MPY,SMS Accessories,OI ETR
A16000802,"OVS-MPYCURB — 23"" Mini Post for Curb Mounting OVS Series - Yellow",EA,250.0,129.0,Vehicle Sensing,,,OVS-MPYCURB,SMS Accessories,OI ETR
A16000801,"OVS-MPBCURB — 23"" Mini Post for Curb Mounting OVS Series - Black",EA,250.0,129.0,Vehicle Sensing,,,OVS-MPBCURB,SMS Accessories,OI ETR
A16000844,OVS-LBWH — White Aluminum L-Bracket for Mounting the OVS-01GT and OVS-01CC,EA,215.0,47.0,Vehicle Sensing,,,OVS-LBWH,SMS Accessories,OI ETR
A16000845,OVS-LBBL — Black Aluminum L-Bracket for Mounting the OVS-01GT and OVS-01CC,EA,139.0,62.0,Vehicle Sensing,,,OVS-LBBL,SMS Accessories,OI ETR
A16000889,OVS-HDCAGE — Anti Vandal Cage Powder coated black,EA,135.0,55.0,Vehicle Sensing,,,OVS-HDCAGE,SMS Accessories,OI ETR
A10031589,OMH-100D US (CleanWave Switch) — Hands Free Door Activation Switch (White),EA,308.0,107.8,Hands Free Door Activation,,,OMH-100D US (CleanWave Switch),CleanWave Switch,OI ETR
A16000354,"CX-33 — Advanced Logic Relay w/ 15 Modes,",EA,146.0,118.26,"Camden Push Plate, Switches & Kits",,,CX-33,"Push Plate, Switches & Kits",OI ETR NEW
A16000360,"CM-RFK464 — KINETIC Switch Kit CM-46K/4, RX90 & CM-43CBL Boxes DG",EA,550.0,445.5,"Camden Push Plate, Switches & Kits",,,CM-RFK464,"Push Plate, Switches & Kits",OI ETR NEW
A16000361,"CM-RFK354 — KINETIC Switch Kit CM-35K/4, RX90 & CM-34BL Boxes SG",EA,459.0,371.79,"Camden Push Plate, Switches & Kits",,,CM-RFK354,"Push Plate, Switches & Kits",OI ETR NEW
A16000362,"CM-45K/4 — 4-1/2"" KINETIC Switch Square w/ Wheelchair Icon Push To Open",EA,212.0,171.72,"Camden Push Plate, Switches & Kits",,,CM-45K/4,"Push Plate, Switches & Kits",OI ETR NEW
A16000363,CM-35K/4 — 1 Gang KINETIC Switch Wheelchair Icon/Push To Open,EA,197.0,159.57,"Camden Push Plate, Switches & Kits",,,CM-35K/4,"Push Plate, Switches & Kits",OI ETR NEW
A16000364,CM-RX-90 — LAZERPOINT RF™ V2 & Kinetic Single Relay Receiver,EA,95.0,76.95,"Camden Push Plate, Switches & Kits",,,CM-RX-90,"Push Plate, Switches & Kits",OI ETR NEW
A16000366,"CM-RFL464-LPA — LAZERPOINT Switch Kit CM-46/4, TX9, RX90 & CM-43LP Boxes DG",EA,495.0,400.95,"Camden Push Plate, Switches & Kits",,,CM-RFL464-LPA,"Push Plate, Switches & Kits",OI ETR NEW
A16000367,"CM-RFL354-A — LAZERPOINT Switch Kit CM-35/4, TX9, RX90 & CM-34BL Boxes SG",EA,450.0,364.5,"Camden Push Plate, Switches & Kits",,,CM-RFL354-A,"Push Plate, Switches & Kits",OI ETR NEW
A16000368,"CM-RFL604-69A — LAZERPOINT Switch Kit CM-60/4, TX9, RX90 & CM-69S Boxes R",EA,495.0,400.95,"Camden Push Plate, Switches & Kits",,,CM-RFL604-69A,"Push Plate, Switches & Kits",OI ETR NEW
A16001036,"CM-46/4 — 4-1/2"" Square Push Plate Sw.SPDT Mom. WC & 'Push to Open'",EA,102.0,82.62,"Camden Push Plate, Switches & Kits",,,CM-46/4,"Push Plate, Switches & Kits",OI ETR NEW
A16001037,"CM-35/4 — 4-1/2"" Push Plate Switch 1Gang, WC & 'Push to Open'",EA,87.0,70.47,"Camden Push Plate, Switches & Kits",,,CM-35/4,"Push Plate, Switches & Kits",OI ETR NEW
A16001038,"CM-60/4 — 6"" Round SS Push Plate Sw.SPDT.Wheelchair & 'Push to Open'",EA,96.0,77.76,"Camden Push Plate, Switches & Kits",,,CM-60/4,"Push Plate, Switches & Kits",OI ETR NEW
A16001039,CX-247H-24 — 7 Day Programmable Timer 24v AC/DC 1st. Man In Option,EA,140.0,113.4,"Camden Push Plate, Switches & Kits",,,CX-247H-24,"Push Plate, Switches & Kits",OI ETR NEW
A16001142,CX-247-24 — 7 Day Programmable Timer 24v AC/DC,EA,100.0,81.0,"Camden Push Plate, Switches & Kits",,,CX-247-24,"Push Plate, Switches & Kits",OI ETR NEW
A16001143,"CX-TRK-2450 — 24VAC, 40VA Standard Mount Transformer & AC to DC Rectifier",EA,76.0,61.56,"Camden Push Plate, Switches & Kits",,,CX-TRK-2450,"Push Plate, Switches & Kits",OI ETR NEW
A16001144,CX-TRX-5024 — 24V AC 50VA Standard Mount Transformer,EA,54.0,43.74,"Camden Push Plate, Switches & Kits",,,CX-TRX-5024,"Push Plate, Switches & Kits",OI ETR NEW
A10031571,OB-11C Smart Entrance Sensor — BLE beacon transmitter authentication device for hands-free mobile access control,EA,241.0,84.35,OMNICITY for Access Control,,,OB-11C Smart Entrance Sensor,OMNICITY,OI ETR NEW
