Part Number,Description,UOM,List Price,Net Price,Category,Manufacturer Part,Notes,Used On,Suggested Resale,Link
20240016,"""S"" Hook",EA,0.4,0.2,"Used on 131, 275, BO-10, FM-10",,,"131, 275, BO-10, FM-10",0.3,
40010023,Bumper W/Washer Gry,EA,0.5,0.3,"Used on 131, BO-10, FM-10",,,"131, BO-10, FM-10",0.4,
20112141,Cable - Auto Latch (Solenoid),EA,6.6,3.3,"Used on 131, BO-10, FM-10",,,"131, BO-10, FM-10",5.3,
20112148,Cable - Beam Box (cut connecter for Super Scan),EA,24.0,12.0,"Used on 131, BO-10, FM-10",,,"131, BO-10, FM-10",18.0,
20112143,Cable - Eye (Waist High),EA,20.0,10.0,"Used on 131, 275, BO-10, FM-10",,,"131, 275, BO-10, FM-10",15.0,
20112147,Cable - Micro Switch Wiring Harness,EA,23.7,11.9,"Used on 131, BO-10, FM-10",,,"131, BO-10, FM-10",19.0,
20112144,Cable - Motor,EA,5.0,2.5,"Used on 131, BO-10, FM-10",,,"131, BO-10, FM-10",3.75,
20112142,Cable - Power,EA,40.0,20.0,"Used on 131, BO-10, FM-10",,,"131, BO-10, FM-10",30.0,
85153600,"Cable & Chain Assy BO-10, 131",EA,70.0,35.0,"Used on 131, BO-10",,,"131, BO-10",52.5,http://www.partstown.com/ready_access/rdy85153600
95150900,Cable Clamp -( Order 1 screw 10010026),EA,3.2,1.6,"Used on 131, BO-10, FM-10",,,"131, BO-10, FM-10",2.6,
95151001,Cable Clamp Bracket (Manual and Electric) order 2 screws 10010026,EA,8.0,4.0,"Used on 131, BO-10, FM-10",,,"131, BO-10, FM-10",6.0,
85163200,Clutch Assy 131M (Manual Arbor) ***NO MORE IN STOCK***,EA,139.0,69.0,Used on 131,,Discontinued / no stock,131,105.0,
85152700,"Clutch Assy BO-10, 131 ***NO MORE***",EA,,,"Used on 131, 275, BO-10",,Discontinued / no stock,"131, 275, BO-10",,
65152201,Cover - Motor- Brz,EA,32.0,16.0,"Used on 131, BO-10, FM-10",,,"131, BO-10, FM-10",24.0,
85005100,Cover BEA Sensor ***NO MORE***,EA,,,"Used on 131, 275, 600",,Discontinued / no stock,"131, 275, 600",,
85002001,DC3 - Universal Control Board,EA,475.0,238.0,"Used on 131, 275, 600, 606, BO-1, BO-10, BO-2, FM-10",,,"131, 275, 600, 606, BO-1, BO-10, BO-2, FM-10",361.0,http://www.partstown.com/ready_access/rdy85002001
85183601,Door 131-6-E Left - Bronze,EA,404.0,202.0,Used on 131,,,131,307.0,
85183603,Door 131-6-E Left - Clear,EA,404.0,202.0,Used on 131,,,131,307.0,
85183602,Door 131-6-E Right - Bronze,EA,404.0,202.0,Used on 131,,,131,307.0,
85183604,Door 131-6-E Right - Clear,EA,404.0,202.0,Used on 131,,,131,307.0,
85183501,Door 131-E Left - Bronze,EA,379.0,190.0,Used on 131,,,131,288.0,
85183301,Door 131-E Left - Clear,EA,379.0,190.0,Used on 131,,,131,288.0,
85183502,Door 131E Right - Bronze,EA,379.0,190.0,Used on 131,,,131,288.0,
85183302,Door 131-E Right - Clear,EA,379.0,190.0,Used on 131,,,131,288.0,
85183304,Door 131-E Right - Pow,EA,540.0,270.0,Used on 131,,,131,410.0,
95119900,Door Angle (4 inside each door) screw (10010114 bronze) (10010115 silver),EA,8.0,4.0,"Used on 131, 275, 600, BO-10, FM-10",,,"131, 275, 600, BO-10, FM-10",6.0,
65107301,Door Guard 131 Bronze (Center Stop),EA,30.0,15.0,Used on 131,,,131,20.0,
65107302,Door Guard 131 Clear (Center Stop),EA,30.0,15.0,Used on 131,,,131,20.0,
65107401,Door Guard 131-6 Bronze (Center Stop),EA,30.0,15.0,"Used on 131, 131-6",,,"131, 131-6",20.0,
65107402,Door Guard 131-6 Clear (Center Stop),EA,30.0,15.0,"Used on 131, 131-6 SC",,,"131, 131-6 SC",20.0,
85003500,Door Guide Kit - BO10 / 131,EA,57.0,28.0,"Used on 131, BO-10",,,"131, BO-10",43.0,http://www.partstown.com/ready_access/rdy85003500
85002600,"Door Handle Kit BO10,FM-10, & 131 MANUAL UNITS ONLY ***NO MORE***",EA,,,"Used on 131, BO-10, FM-10",,Discontinued / no stock,"131, BO-10, FM-10",,http://www.partstown.com/ready_access/rdy85002600;sid=CHNMFYrWEghMFdOAnUZ_GyIWzUcWjE_iUuo=
00650269,Door Handle Spring,EA,0.5,0.25,"Used on 131, 275, 600, BO-1, BO-10, BO-2, BO-4, FM-1, FM-10, FM-2, FM-3, FM-4",,,"131, 275, 600, BO-1, BO-10, BO-2, BO-4, FM-1, FM-10, FM-2, FM-3, FM-4",0.35,
85040000,"Electric Eye Assy Small Chnl - BO-10,131,275 (not BO-1,2,4) Has no on/off switch",EA,395.0,198.0,"Used on 131, 275, BO-10",,,"131, 275, BO-10",300.0,
85000200,Electric Eye Sensor Kit-waist level operation,EA,178.0,89.0,"Used on 131, 275, 600, BO-1, BO-10, BO-2, BO-4, FM-10",,,"131, 275, 600, BO-1, BO-10, BO-2, BO-4, FM-10",135.0,http://www.partstown.com/ready_access/rdy85000200;sid=Y0Px_7UNpTjx_-xYIMnH8R3Nl5-x-3A5Odo=
84000300,Eye Switch Retrofit,EA,150.0,75.0,"Used on 131, 275, 600, BO-1, BO-10, BO-2, BO-4, FM-10",,,"131, 275, 600, BO-1, BO-10, BO-2, BO-4, FM-10",120.0,
20110229,Fuse - .5A /250VAC,EA,3.2,1.6,"Used on 131, 275, 600, 602, 604, 606, BO-1, BO-10, BO-2, BO-4, CLVW, FM-3",,,"131, 275, 600, 602, 604, 606, BO-1, BO-10, BO-2, BO-4, CLVW, FM-3",2.5,http://www.partstown.com/ready_access/rdy20110229;sid=IqEGxZ4RmJYGxcUndJoxyzbR1n1GwWrNYqU=
00651464,Hanging Hardware (SINGLE BLACK RUBBER WASHER ONLY),EA,0.4,0.2,"Used on 131, 600, 601, 602, BO-10",,,"131, 600, 601, 602, BO-10",0.3,
85183400,Hanging Hardware Bi-Parting Door (Adjustment Nut (2),EA,34.0,17.0,"Used on 131, 600, BO-10",,,"131, 600, BO-10",25.5,http://www.partstown.com/ready_access/rdy85183400;sid=Y0Px_7UNpTjx_-xYIMnH8R3Nl5-x-3A5Odo=
65161301,"Header Cover, Electric, Bronze",EA,59.4,29.7,Used on 131,,,131,47.5,
65161302,"Header Cover, Electric, Clear",EA,51.7,25.9,Used on 131,,,131,41.4,
65162601,"Header Cover, Manual, Bronze",EA,68.2,34.1,Used on 131,,,131,54.6,
65162602,"Header Cover, Manual, Clear",EA,72.0,36.0,Used on 131,,,131,54.0,
00650929,Housing - Elect Eye (Order 2 screws 10010110),EA,70.0,35.0,"Used on 131, 275, BO-10",,,"131, 275, BO-10",52.5,
10280010,Key Ring for Solenoid (Split Ring),EA,2.0,1.0,"Used on 131, 275, 600, BO-10",,,"131, 275, 600, BO-10",1.5,
85004800,Lock Bar Set BO-10 RX & 131Clr (BO-10 mounts on door 131 mounts on jamb)82.00,EA,165.0,82.0,"Used on 131, BO-10",,,"131, BO-10",125.0,
85004700,Lock Bar Set BO-10 RX & 131 Brz (BO-10 mounts on door 131 mounts on jamb),EA,165.0,82.0,"Used on 131, BO-10",,,"131, BO-10",125.0,
85145800,Lock Latch Kit- (Sash Lock)*** NO MORE ***,EA,,,"Used on 131, BO-10, FM-10",,Discontinued / no stock,"131, BO-10, FM-10",,
85004200,Manual Latch For Bo10 / 131/ 275,EA,81.0,40.0,"Used on 131, BO-10",,,"131, BO-10",61.0,http://www.partstown.com/ready_access/rdy85004200;sid=Y0Px_7UNpTjx_-xYIMnH8R3Nl5-x-3A5Odo=
85152100,"Manual Release Handle BO-10, 131",EA,45.0,22.0,"Used on 131, BO-10",,,"131, BO-10",34.0,http://www.partstown.com/ready_access/rdy85152100;sid=Y0Px_7UNpTjx_-xYIMnH8R3Nl5-x-3A5Odo=
85178200,Motor & Sprocket Assy 131,EA,264.0,132.0,Used on 131,,,131,200.0,http://www.partstown.com/ready_access/rdy85178200;sid=Y0Px_7UNpTjx_-xYIMnH8R3Nl5-x-3A5Odo=
10010039,Motor Mount Screw,EA,0.1,0.1,"Used on 131, 275, 600",,,"131, 275, 600",0.1,
10270009,Motor Roll Pin,EA,0.3,0.1,"Used on 131, 275, 600, BO-10",,,"131, 275, 600, BO-10",0.2,
20110241,Power Receptacle,EA,4.4,2.2,"Used on 131, 275, BO-10, FM-10",,,"131, 275, BO-10, FM-10",3.5,
85001200,"Power Supply 110V - BO10, 131***NO MORE***",EA,170.0,85.0,"Used on 131, BO-10",,Discontinued / no stock,"131, BO-10",127.5,http://www.partstown.com/ready_access/rdy85001200;sid=7_3pWz0nZMnpW2Rxsu7aVZXnKsmzwsn7r_k=
85006200,"Power Supply 110V Class 2 - BO-10, 131 (2 Fuses)",EA,124.0,62.0,"Used on 131, BO-10",,,"131, BO-10",94.0,http://www.partstown.com/ready_access/rdy85006200;sid=7_3pWz0nZMnpW2Rxsu7aVZXnKsmzwsn7r_k=
85001500,"Power Supply 220V - Bo10, 131***NO MORE***",EA,190.0,95.0,"Used on 131, BO-10",,Discontinued / no stock,"131, BO-10",142.5,
10010162,Pulley Bolt,EA,0.1,0.1,"Used on 131, 275, 600, BO-10",,,"131, 275, 600, BO-10",0.1,
10130007,Pulley Lock Nut,EA,0.1,0.1,"Used on 131, 275, 600, BO-10",,,"131, 275, 600, BO-10",0.1,
20200142,Pulley-Kilrol (Cable),EA,50.0,25.0,"Used on 131, 275, BO-10, FM-10",,,"131, 275, BO-10, FM-10",35.0,http://www.partstown.com/ready_access/rdy20200142;sid=Y0Px_7UNpTjx_-xYIMnH8R3Nl5-x-3A5Odo=
84001800,Retro Kit - Foot Pedal Switch,EA,149.0,74.0,"Used on 131, 275, 606, BO-1, BO-2, BO-4",,,"131, 275, 606, BO-1, BO-2, BO-4",113.0,
10180009,Rivet,EA,0.4,0.2,"Used on 131, 275, 600, AA100, AA300, BO-1, BO-10, BO-2, BO-4, FM-1, FM-10, FM-2, FM-3, FM-4",,,"131, 275, 600, AA100, AA300, BO-1, BO-10, BO-2, BO-4, FM-1, FM-10, FM-2, FM-3, FM-4",0.3,
10180010,Rivet For Bearing Slides Long Shank,EA,0.4,0.2,"Used on 131, BO-10, FM-10",,,"131, BO-10, FM-10",0.3,
10180024,Rivet For Door Guide,EA,0.4,0.2,"Used on 131, 275, BO-10, FM-10",,,"131, 275, BO-10, FM-10",0.3,
10010110,Screw,EA,0.1,0.1,"Used on 131, 275, 600, BO-1, BO-10, BO-2, BO-4, FM-1, FM-10, FM-2, FM-3, FM-4",,,"131, 275, 600, BO-1, BO-10, BO-2, BO-4, FM-1, FM-10, FM-2, FM-3, FM-4",0.1,
10010114,"Screw (Header cover, etc-BLACK)",EA,0.1,0.1,"Used on 131, 275, 600, BO-1, BO-10, BO-2, BO-4, FM-1, FM-10, FM-3, FM-4, Straw",,,"131, 275, 600, BO-1, BO-10, BO-2, BO-4, FM-1, FM-10, FM-3, FM-4, Straw",0.1,
10010115,"Screw (Header cover,) SILVER",EA,0.1,0.1,"Used on 131, 275, 600, BO-10",,,"131, 275, 600, BO-10",0.1,
10010026,Screw for Cable Clamp,EA,0.1,0.1,"Used on 131, BO-10, FM-10",,,"131, BO-10, FM-10",0.1,
10060087,Screw for Door Guide (Need 4),EA,0.2,0.1,"Used on 131, 275, FM-1, FM-3, FM-4",,,"131, 275, FM-1, FM-3, FM-4",0.2,
85100901,Sensor - Beam Box (Bronze) 131 or MOER,EA,546.0,364.0,"Used on 131, 275 M.O.E.R.",,,"131, 275 M.O.E.R.",455.0,http://www.partstown.com/ready_access/rdy85100901;sid=CHNMFYrWEghMFdOAnUZ_GyIWzUcWjE_iUuo=
85100902,Sensor - Beam Box (Clear) 131 or MOER,EA,546.0,364.0,"Used on 131, 275 M.O.E.R.",,,"131, 275 M.O.E.R.",455.0,http://www.partstown.com/ready_access/rdy85100902;sid=CHNMFYrWEghMFdOAnUZ_GyIWzUcWjE_iUuo=
85100702,Sensor Assy - 131 Not used any longer (Use Beam Box),EA,,,Used on 131,,,131,,
85000100,Slide Kit For Bo-10 & 131,EA,90.0,45.0,"Used on 131, BO-10, FM-10",,,"131, BO-10, FM-10",67.5,http://www.partstown.com/ready_access/rdy85000100;sid=Y0Px_7UNpTjx_-xYIMnH8R3Nl5-x-3A5Odo=
85150510,Solenoid & Hook R/L Assy R1 2002 (Horizontal),EA,170.0,85.0,"Used on 131, 275, BO-10, FM-10",,,"131, 275, BO-10, FM-10",127.5,http://www.partstown.com/ready_access/rdy85150510;sid=Y0Px_7UNpTjx_-xYIMnH8R3Nl5-x-3A5Odo=
85004010,Solenoid Latch Arm Only R/L R1 & R2 (No Key Ring),EA,45.0,30.0,"Used on 131, 275, 600, BO-10",,,"131, 275, 600, BO-10",37.0,http://www.partstown.com/ready_access/rdy85004010;sid=Y0Px_7UNpTjx_-xYIMnH8R3Nl5-x-3A5Odo=
20060026,Spring - Compression (Motor & Clutch),EA,1.8,0.9,"Used on 131, 275, BO-10, FM-10",,,"131, 275, BO-10, FM-10",1.4,
20060025,Spring - Extension (Chain & Cable),EA,4.0,2.0,"Used on 131, BO-10, FM-10",,,"131, BO-10, FM-10",3.0,http://www.partstown.com/ready_access/rdy20060025;sid=CHNMFYrWEghMFdOAnUZ_GyIWzUcWjE_iUuo=
65151101,"Striker Plate - Sensor Striker - Rev ""C""",EA,12.0,6.0,"Used on 131, BO-10, FM-2",,,"131, BO-10, FM-2",9.0,
20110281,Switch - Micro,EA,9.5,4.75,"Used on 131, 275, 600, BO-10, FM-1",,,"131, 275, 600, BO-10, FM-1",7.15,http://www.partstown.com/ready_access/rdy20110281;sid=Y0Px_7UNpTjx_-xYIMnH8R3Nl5-x-3A5Odo=
20110214,Switch - Rocker - for PCBA Cover,EA,8.4,4.2,"Used on 131, 275, BO-1, BO-10, BO-2, BO-4, FM-2",,,"131, 275, BO-1, BO-10, BO-2, BO-4, FM-2",6.8,http://www.partstown.com/ready_access/rdy20110214;sid=7_3pWz0nZMnpW2Rxsu7aVZXnKsmzwsn7r_k=
85151300,"Switch Assembly Micro Switch Assy BO-10, 131",EA,123.0,61.0,"Used on 131, BO-10",,,"131, BO-10",93.0,http://www.partstown.com/ready_access/rdy85151300;sid=Y0Px_7UNpTjx_-xYIMnH8R3Nl5-x-3A5Odo=
85004500,Thumb Turn For Bo10/131/600/375,EA,57.0,28.0,"Used on 131, BO-10",,,"131, BO-10",43.0,http://www.partstown.com/ready_access/rdy85004500;sid=Y0Px_7UNpTjx_-xYIMnH8R3Nl5-x-3A5Odo=
10230104,Washer - Plastic - (Clutch),EA,4.4,2.2,"Used on 131, 275, 600, BO-10",,,"131, 275, 600, BO-10",3.3,
85104000,"Weather Strip Kit BO-2,4,10, 275",EA,14.0,6.0,"Used on 131, 275, BO-10, BO-4, CLVW",,,"131, 275, BO-10, BO-4, CLVW",10.0,http://www.partstown.com/ready_access/rdy85104000;sid=FjseRUIgPgIeRRt9HLgrS-rgsN9x5uTEeZg=
65162501,Wired Switch Cover -Brz- PCBA Control Panel,EA,180.0,90.0,Used on 131,,,131,135.0,http://www.partstown.com/ready_access/rdy65162501;sid=Y0Px_7UNpTjx_-xYIMnH8R3Nl5-x-3A5Odo=
65162502,Wired Switch Cover -Clr - PCBA Control Panel,EA,180.0,90.0,Used on 131,,,131,135.0,http://www.partstown.com/ready_access/rdy65162502;sid=Y0Px_7UNpTjx_-xYIMnH8R3Nl5-x-3A5Odo=
65107500,"AA100/131 ""M"" Switch Kit Option",EA,136.2,68.1,"Used on 131 SC, 275, AA100",,,"131 SC, 275, AA100",109.0,
85153700,"Cable (PVC) for BO-10 SC, 131 SC (No Chain)",EA,26.0,12.0,"Used on 131 SC, BO-10 SC",,,"131 SC, BO-10 SC",19.0,http://www.partstown.com/ready_access/rdy85153700;sid=CHNMFYrWEghMFdOAnUZ_GyIWzUcWjE_iUuo=
85183201,Door 131 SC Left - Clear,EA,500.0,250.0,Used on 131 SC,,,131 SC,375.0,
85183202,Door 131 SC Right - Clear,EA,500.0,250.0,Used on 131 SC,,,131 SC,375.0,
85183701,Door 131-6 SC Left - Bronze,EA,500.0,250.0,Used on 131 SC,,,131 SC,375.0,
85183703,Door 131-6 SC Left - Clear,EA,500.0,250.0,Used on 131 SC,,,131 SC,375.0,
85183702,Door 131-6 SC Right - Bronze,EA,500.0,250.0,Used on 131 SC,,,131 SC,375.0,
85183704,Door 131-6 SC Right - Clear,EA,500.0,250.0,Used on 131 SC,,,131 SC,375.0,
85002700,Door Handle Kit for Self Closer (Cable Drive only),EA,62.0,31.0,"Used on 131 SC, BO-10 SC",,,"131 SC, BO-10 SC",47.0,http://www.partstown.com/ready_access/rdy85002700;sid=IqEGxZ4RmJYGxcUndJoxyzbR1n1GwWrNYqU=
20010012,Roller Block - Banana Slot - (Order 2 screws 10010107),EA,12.8,6.4,"Used on 131 SC, 275, BO-10 SC",,,"131 SC, 275, BO-10 SC",10.2,
85000150,Symmetrical Track - Bi-Part Slider (comes with 2 tracks and 6 rivets),EA,180.0,90.0,"Used on 131-6, BO-10 SC",,,"131-6, BO-10 SC",135.0,
85197300,275 Door Handle Spring Kit,EA,29.0,14.0,Used on 275,,,275,22.0,http://www.partstown.com/ready_access/rdy85197300;sid=FjseRUIgPgIeRRt9HLgrS-rgsN9x5uTEeZg=
85000700,Adjustment Track Bracket-275 only(complete w/mounting screws)),EA,41.0,20.0,Used on 275,,,275,31.0,
10060086,Bumber Screw (8x1-1/2 Phillips Pan Hd),EA,0.1,0.1,"Used on 275, 600, 602, 604, CLVW",,,"275, 600, 602, 604, CLVW",0.1,
40010030,Bumper,EA,4.0,2.0,"Used on 275, CLVW",,,"275, CLVW",3.0,http://www.partstown.com/ready_access/rdy40010030;sid=IqEGxZ4RmJYGxcUndJoxyzbR1n1GwWrNYqU=
85660300,Bumber West Coast Only,EA,24.0,12.0,Used on 275,,,275,18.0,
20112105,Cable - Auto Latch (Solenoid),EA,6.6,3.3,Used on 275,,,275,5.3,
20112104,Cable - Beam Box To Control Board (New Chassis) (See Jeff for Super Scan Cable),EA,10.8,5.4,"Used on 275, 600",,,"275, 600",8.1,
20112140,Cable - Micro Switch,EA,4.8,2.4,Used on 275,,,275,3.9,
20112101,Cable - Motor (20112145 replacement),EA,10.6,5.3,Used on 275,,,275,8.5,
20112102,Cable - Power,EA,14.3,7.2,"Used on 275, 600",,,"275, 600",11.5,
85182000,"Cable & Chain Assy 275 (2002 and older-no spring) 51-1/2""",EA,70.0,35.0,Used on 275,,,275,52.5,http://www.partstown.com/ready_access/rdy85182000;sid=Y0Px_7UNpTjx_-xYIMnH8R3Nl5-x-3A5Odo=
85001800,"Cable & Chain Assy 275/600 55"" (2003 and newer-chassis style w/spring)",EA,60.0,30.0,"Used on 275, 600, CLVW",,,"275, 600, CLVW",45.0,http://www.partstown.com/ready_access/rdy85001800;sid=Y0Px_7UNpTjx_-xYIMnH8R3Nl5-x-3A5Odo=
96123600,Cable Clamp (Order 2 screws 10010107),EA,3.0,1.0,"Used on 275, 600",,,"275, 600",2.0,
85002120,Chassis 275 E L/R Electric 2003,EA,900.0,500.0,Used on 275,,,275,672.0,
85002110,Chassis 275 E R/L Electric 2003,EA,900.0,500.0,Used on 275,,,275,672.0,
66123401,Cover (Inspection) Bronze Order 2 Screws 10010114,EA,16.0,8.0,"Used on 275, 600",,,"275, 600",12.0,
66123402,Cover (Inspection) Clear Order 2 Screws 10010115,EA,16.0,8.0,"Used on 275, 600",,,"275, 600",12.0,
85003803,Cover Pow - 275,EA,266.0,133.0,Used on 275,,,275,202.0,
85199521,"Door ""2002"" 275E 30H L/R Brz ***NO MORE***",EA,599.0,300.0,Used on 275,,Discontinued / no stock,275,455.0,
85199522,"Door ""2002"" 275E 30H L/R Clr ***NO MORE***",EA,599.0,300.0,Used on 275,,Discontinued / no stock,275,455.0,
85199523,"Door ""2002"" 275E 30H L/R Pow***NO MORE***",EA,699.0,400.0,Used on 275,,Discontinued / no stock,275,555.0,
85199511,"Door ""2002"" 275E 30H R/L Brz***NO MORE***",EA,599.0,300.0,Used on 275,,Discontinued / no stock,275,455.0,
85199512,"Door ""2002"" 275E 30H R/L Clr***NO MORE***",EA,599.0,300.0,Used on 275,,Discontinued / no stock,275,455.0,
85199513,"Door ""2002"" 275E 30H R/L Pow***NO MORE***",EA,699.0,400.0,Used on 275,,Discontinued / no stock,275,555.0,
85199421,"Door ""2002"" 275E 35-3/4H L/R Brz***NO MORE***",EA,599.0,300.0,Used on 275,,Discontinued / no stock,275,455.0,
85199422,"Door ""2002"" 275E 35-3/4H L/R Clr***NO MORE***",EA,599.0,300.0,Used on 275,,Discontinued / no stock,275,455.0,
85199423,"Door ""2002"" 275E 35-3/4H L/R Pow***NO MORE***",EA,699.0,400.0,Used on 275,,Discontinued / no stock,275,555.0,
85199411,"Door ""2002"" 275E 35-3/4H R/L Brz***NO MORE***",EA,599.0,300.0,Used on 275,,Discontinued / no stock,275,455.0,
85199412,"Door ""2002"" 275E 35-3/4H R/L Clr***NO MORE***",EA,599.0,300.0,Used on 275,,Discontinued / no stock,275,455.0,
85199413,"Door ""2002"" 275E 35-3/4H R/L Pow***NO MORE***",EA,699.0,400.0,Used on 275,,Discontinued / no stock,275,555.0,
85199321,"Door ""2002"" 275E 43-1/2H L/R Brz***NO MORE***",EA,599.0,300.0,Used on 275,,Discontinued / no stock,275,455.0,
85199322,"Door ""2002"" 275E 43-1/2H L/R Clr***NO MORE***",EA,599.0,300.0,Used on 275,,Discontinued / no stock,275,455.0,
85199323,"Door ""2002"" 275E 43-1/2H L/R Pow***NO MORE***",EA,699.0,400.0,Used on 275,,Discontinued / no stock,275,555.0,
85199311,"Door ""2002"" 275E 43-1/2H R/L Brz***NO MORE***",EA,599.0,300.0,Used on 275,,Discontinued / no stock,275,455.0,
85199312,"Door ""2002"" 275E 43-1/2H R/L Clr***NO MORE***",EA,599.0,300.0,Used on 275,,Discontinued / no stock,275,455.0,
85199313,"Door ""2002"" 275E 43-1/2H R/L Pow***NO MORE***",EA,699.0,400.0,Used on 275,,Discontinued / no stock,275,555.0,
85199821,"Door ""2002"" 275SC 30H L/R Brz***NO MORE***",EA,599.0,300.0,Used on 275,,Discontinued / no stock,275,455.0,
85199822,"Door ""2002"" 275SC 30H L/R Clr***NO MORE***",EA,599.0,300.0,Used on 275,,Discontinued / no stock,275,455.0,
85199823,"Door ""2002"" 275SC 30H L/R Pow***NO MORE***",EA,699.0,400.0,Used on 275,,Discontinued / no stock,275,555.0,
85199811,"Door ""2002"" 275SC 30H R/L Brz***NO MORE***",EA,599.0,300.0,Used on 275,,Discontinued / no stock,275,455.0,
85199812,"Door ""2002"" 275SC 30H R/L Clr***NO MORE***",EA,599.0,300.0,Used on 275,,Discontinued / no stock,275,455.0,
85199813,"Door ""2002"" 275SC 30H R/L Pow***NO MORE***",EA,699.0,400.0,Used on 275,,Discontinued / no stock,275,555.0,
85199721,"Door ""2002"" 275SC 35-3/4H L/R Brz***NO MORE***",EA,599.0,300.0,Used on 275,,Discontinued / no stock,275,455.0,
85199722,"Door ""2002"" 275SC 35-3/4H L/R Clr***NO MORE***",EA,599.0,300.0,Used on 275,,Discontinued / no stock,275,455.0,
85199723,"Door ""2002"" 275SC 35-3/4H L/R Pow***NO MORE***",EA,699.0,400.0,Used on 275,,Discontinued / no stock,275,555.0,
85199711,"Door ""2002"" 275SC 35-3/4H R/L Brz***NO MORE***",EA,599.0,300.0,Used on 275,,Discontinued / no stock,275,455.0,
85199712,"Door ""2002"" 275SC 35-3/4H R/L Clr***NO MORE***",EA,599.0,300.0,Used on 275,,Discontinued / no stock,275,455.0,
85199713,"Door ""2002"" 275SC 35-3/4H R/L Pow***NO MORE***",EA,699.0,400.0,Used on 275,,Discontinued / no stock,275,555.0,
85199621,"Door ""2002"" 275SC 43-1/2H L/R Brz***NO MORE***",EA,599.0,300.0,Used on 275,,Discontinued / no stock,275,455.0,
85199622,"Door ""2002"" 275SC 43-1/2H L/R Clr***NO MORE***",EA,599.0,300.0,Used on 275,,Discontinued / no stock,275,455.0,
85199623,"Door ""2002"" 275SC 43-1/2H L/R Pow***NO MORE***",EA,699.0,400.0,Used on 275,,Discontinued / no stock,275,555.0,
85199611,"Door ""2002"" 275SC 43-1/2H R/L Brz***NO MORE***",EA,599.0,300.0,Used on 275,,Discontinued / no stock,275,455.0,
85199612,"Door ""2002"" 275SC 43-1/2H R/L Clr***NO MORE***",EA,599.0,300.0,Used on 275,,Discontinued / no stock,275,455.0,
85209222,Door 2003 275 SC 35-3/4 SQ CLEAR LP,EA,599.0,300.0,Used on 275,,,275,455.0,
85220021,"Door ""2003"" 275E (West Coast) 35-3/4 L/R Brz",EA,599.0,300.0,Used on 275,,,275,455.0,
85198921,"Door ""2003"" 275E 30H L/R Brz",EA,599.0,300.0,Used on 275,,,275,455.0,
85198922,"Door ""2003"" 275E 30H L/R Clr",EA,599.0,300.0,Used on 275,,,275,455.0,
85198923,"Door ""2003"" 275E 30H L/R Pow",EA,699.0,400.0,Used on 275,,,275,555.0,
85198911,"Door ""2003"" 275E 30H R/L Brz",EA,599.0,300.0,Used on 275,,,275,455.0,
85198912,"Door ""2003"" 275E 30H R/L Clr",EA,599.0,300.0,Used on 275,,,275,455.0,
85198913,"Door ""2003"" 275E 30H R/L Pow",EA,699.0,400.0,Used on 275,,,275,555.0,
85198821,"Door ""2003"" 275E 35-3/4H L/R Brz",EA,599.0,300.0,Used on 275,,,275,455.0,
85198822,"Door ""2003"" 275E 35-3/4H L/R Clr",EA,599.0,300.0,Used on 275,,,275,455.0,
85198823,"Door ""2003"" 275E 35-3/4H L/R Pow",EA,699.0,400.0,Used on 275,,,275,555.0,
85198811,"Door ""2003"" 275E 35-3/4H R/L Brz",EA,599.0,300.0,Used on 275,,,275,455.0,
85198812,"Door ""2003"" 275E 35-3/4H R/L Clr",EA,599.0,300.0,Used on 275,,,275,455.0,
85198813,"Door ""2003"" 275E 35-3/4H R/L Pow",EA,699.0,400.0,Used on 275,,,275,555.0,
85198721,"Door ""2003"" 275E 43-1/2H L/R Brz",EA,599.0,300.0,Used on 275,,,275,455.0,
85198722,"Door ""2003"" 275E 43-1/2H L/R Clr",EA,599.0,300.0,Used on 275,,,275,455.0,
85198723,"Door ""2003"" 275E 43-1/2H L/R Pow",EA,699.0,400.0,Used on 275,,,275,555.0,
85198711,"Door ""2003"" 275E 43-1/2H R/L Brz",EA,599.0,300.0,Used on 275,,,275,455.0,
85198712,"Door ""2003"" 275E 43-1/2H R/L Clr",EA,599.0,300.0,Used on 275,,,275,455.0,
85198713,"Door ""2003"" 275E 43-1/2H R/L Pow",EA,699.0,400.0,Used on 275,,,275,555.0,
85199221,"Door ""2003"" 275SC 30H L/R Brz",EA,599.0,300.0,Used on 275,,,275,455.0,
85199222,"Door ""2003"" 275SC 30H L/R Clr",EA,599.0,300.0,Used on 275,,,275,455.0,
85199223,"Door ""2003"" 275SC 30H L/R Pow",EA,699.0,400.0,Used on 275,,,275,555.0,
85199211,"Door ""2003"" 275SC 30H R/L Brz",EA,599.0,300.0,Used on 275,,,275,455.0,
85199212,"Door ""2003"" 275SC 30H R/L Clr",EA,599.0,300.0,Used on 275,,,275,455.0,
85199213,"Door ""2003"" 275SC 30H R/L Pow",EA,699.0,400.0,Used on 275,,,275,555.0,
85199121,"Door ""2003"" 275SC 35-3/4H L/R Brz",EA,599.0,300.0,Used on 275,,,275,455.0,
85199122,"Door ""2003"" 275SC 35-3/4H L/R Clr",EA,599.0,300.0,Used on 275,,,275,455.0,
85199123,"Door ""2003"" 275SC 35-3/4H L/R Pow",EA,699.0,400.0,Used on 275,,,275,555.0,
85199111,"Door ""2003"" 275SC 35-3/4H R/L Brz",EA,599.0,300.0,Used on 275,,,275,455.0,
85199112,"Door ""2003"" 275SC 35-3/4H R/L Clr",EA,599.0,300.0,Used on 275,,,275,455.0,
85199113,"Door ""2003"" 275SC 35-3/4H R/L Pow",EA,699.0,400.0,Used on 275,,,275,555.0,
85199021,"Door ""2003"" 275SC 43-1/2H L/R Brz",EA,599.0,300.0,Used on 275,,,275,455.0,
85199022,"Door ""2003"" 275SC 43-1/2H L/R Clr",EA,599.0,300.0,Used on 275,,,275,455.0,
85199023,"Door ""2003"" 275SC 43-1/2H L/R Pow",EA,699.0,400.0,Used on 275,,,275,555.0,
85199011,"Door ""2003"" 275SC 43-1/2H R/L Brz",EA,599.0,300.0,Used on 275,,,275,455.0,
85199012,"Door ""2003"" 275SC 43-1/2H R/L Clr",EA,599.0,300.0,Used on 275,,,275,455.0,
85199013,"Door ""2003"" 275SC 43-1/2H R/L Pow",EA,699.0,400.0,Used on 275,,,275,555.0,
85003400,Door Guide Kit - 275,EA,52.0,26.0,Used on 275,,,275,40.0,http://www.partstown.com/ready_access/rdy85003400
85197000,Door Handle Kit (275 SC),EA,82.0,41.0,Used on 275,,,275,57.0,http://www.partstown.com/ready_access/rdy85197000
85210021,"Door SC WC L/R 275 35-3/4"" Brz",EA,549.0,275.0,Used on 275,,,275,417.0,
85210022,"Door SC WC L/R 275 35-3/4"" Clr",EA,549.0,275.0,Used on 275,,,275,417.0,
66122401,Electric Panel - Bronze (Beam Box Only) Customer will modify for SuperscanFOR 606 ALSO,EA,40.0,20.0,"Used on 275, 600",,,"275, 600",30.0,
66122402,Electric Panel - Clear (Beam Box Only) Customer will modify for SuperscanFOR 606 ALSO,EA,40.0,20.0,"Used on 275, 600",,,"275, 600",30.0,
65120101,Header Cover 275 ( SC Only) Bronze (NO INSPECTION COVERS),EA,80.0,40.0,Used on 275,,,275,65.0,
65120102,Header Cover 275 ( SC Only) Clear (NO INSPECTION COVERS),EA,80.0,40.0,Used on 275,,,275,65.0,
65110401,Header Cover ( Electric Only ) - Bronze,EA,80.0,40.0,Used on 275,,,275,65.0,
65110402,Header Cover ( Electric Only) - Clear,EA,80.0,40.0,Used on 275,,,275,65.0,
85002200,Limit Switch For Chassis,EA,69.0,34.0,Used on 275,,,275,52.0,
65023601,Lock Bar - Lower - Swing Brkt,EA,4.5,2.3,"Used on 275, BO-1, FM-1, FM-2, FM-3, FM-4",,,"275, BO-1, FM-1, FM-2, FM-3, FM-4",3.6,
65182801,Lock Bar Catch Bracket,EA,2.7,1.4,"Used on 275, 275 M.O.E.R., 600",,,"275, 275 M.O.E.R., 600",2.2,
85078201,"Lock Bar Kit Brz--For 30"" High Window",EA,200.0,100.0,Used on 275,,,275,150.0,
85197101,Lock Bar Kit 275 - Brz -21-1/2 Long-NOT FOR 600 - OK FOR LPHV,EA,137.0,68.0,Used on 275,,,275,104.0,http://www.partstown.com/ready_access/rdy85197101;sid=Y0Px_7UNpTjx_-xYIMnH8R3Nl5-x-3A5Odo=
85197102,Lock Bar Kit 275 - Clr - 21-1/2 Long-NOT FOR 600 - OK FOR LPHV,EA,137.0,68.0,Used on 275,,,275,104.0,http://www.partstown.com/ready_access/rdy85197102
85197103,Lock Bar Kit 275 - Pow - 21-1/2 Long-NOT FOR 600 - OK FOR LPHV,EA,286.0,143.0,Used on 275,,,275,217.0,
85002702,Lock Bar Kit W. Coast - Clear- 25-1/4 Long,EA,200.0,100.0,Used on 275,,,275,150.0,
85002701,Lock Bar Kit W. Coast - Brz - 25-1/4 Long,EA,200.0,100.0,Used on 275,,,275,150.0,
85186620-DNR,"Manual Release Handle Kit 275 L/R ""2002"" R1(NO MORE)",EA,0.0,0.0,Used on 275,,Discontinued / no stock,275,0.0,
85002320,"Manual Release Handle Kit 275 L/R ""2003"" R2",EA,69.0,34.0,Used on 275,,,275,52.0,http://www.partstown.com/ready_access/rdy85002320;sid=CHNMFYrWEghMFdOAnUZ_GyIWzUcWjE_iUuo=
85186610-DNR,"Manual Release Handle Kit 275 R/L ""2002"" R1(NO MORE)",EA,0.0,0.0,Used on 275,,Discontinued / no stock,275,0.0,
85002310,"Manual Release Handle Kit 275 R/L ""2003"" R2",EA,69.0,34.0,Used on 275,,,275,52.0,http://www.partstown.com/ready_access/rdy85002310;sid=CHNMFYrWEghMFdOAnUZ_GyIWzUcWjE_iUuo=
85186700,"Motor Sprocket Assy 275, FM-10 (SAVE BRACKET FOR FM-10)",EA,250.0,125.0,"Used on 275, 600, FM-10",,,"275, 600, FM-10",190.0,http://www.partstown.com/ready_access/rdy85186700;sid=Y0Px_7UNpTjx_-xYIMnH8R3Nl5-x-3A5Odo=
85006300,"Power Supply 110 v Class 2 275,600 (2 Fuses)",EA,124.0,62.0,"Used on 275, 600",,,"275, 600",94.0,http://www.partstown.com/ready_access/rdy85006300;sid=7_3pWz0nZMnpW2Rxsu7aVZXnKsmzwsn7r_k=
85001400,"Power Supply 110V - 600, ""R2"" 275 (chassis style) ***NO MORE**",EA,150.0,75.0,"Used on 275, 600, CLVW",,Discontinued / no stock,"275, 600, CLVW",112.5,http://www.partstown.com/ready_access/rdy85001400;sid=7_3pWz0nZMnpW2Rxsu7aVZXnKsmzwsn7r_k=
85001300,"Power Supply 110V - BO, ""R1"" 275***NO MORE***",EA,160.0,80.0,"Used on 275, BO-1, BO-2, BO-4",,Discontinued / no stock,"275, BO-1, BO-2, BO-4",120.0,
85001700,"Power Supply 220V- 600, ""R2"" 275 (chassis style)***NO MORE***",EA,137.0,68.0,"Used on 275, 600, FM-1",,Discontinued / no stock,"275, 600, FM-1",104.0,http://www.partstown.com/ready_access/rdy85001700;sid=7_3pWz0nZMnpW2Rxsu7aVZXnKsmzwsn7r_k=
85001750,Power Supply 220V Class 2 (International) 2-Fuses,EA,137.0,68.0,"Used on 275, 600",,,"275, 600",104.0,
85001600,Power Supply 220V- R1 275,EA,137.0,68.0,"Used on 275, BO-1, BO-2, BO-4",,,"275, BO-1, BO-2, BO-4",104.0,
66122200,"Pulley Bracket (600,275)",EA,6.4,3.2,"Used on 275, 600",,,"275, 600",4.0,
65197201,Retro Fit Kit - 275 MANUAL/SELF CLOSE,EA,96.4,48.2,Used on 275,,,275,77.1,
84027520,Retro Fit Kit - SC/ADJUSTABLE L/R,EA,141.4,70.7,Used on 275,,,275,113.1,
84001221,"Retro Kit - 275 L/R Brz ""R2"" Manl-Elec",EA,,,Used on 275,,,275,990.0,
84001222,"Retro Kit - 275 L/R Clr ""R2"" Manl-Elec",EA,,,Used on 275,,,275,990.0,
84001223,"Retro Kit - 275 L/R Pow ""R2"" Manl-Elec",EA,,,Used on 275,,,275,1290.0,
84001211,"Retro Kit - 275 R/L Brz ""R2"" Manl-Elec",EA,,,Used on 275,,,275,990.0,
84001212,"Retro Kit - 275 R/L Clr ""R2"" Manl-Elec",EA,,,Used on 275,,,275,990.0,
84001213,"Retro Kit - 275 R/L Pow ""R2"" Manl-Elec",EA,,,Used on 275,,,275,1290.0,
84001420,Retro Kit - Chassis Wire Guard 275 - L/R,EA,31.0,15.0,"Used on 275, 600",,,"275, 600",23.0,
84001410,Retro Kit - Chassis Wire Guard 275 - R/L,EA,31.0,15.0,"Used on 275, 600",,,"275, 600",23.0,
84000511,Retro Kit - Electric - Self Close Brz (2003),EA,200.0,100.0,Used on 275,,,275,150.0,
84000512,Retro Kit - Electric - Self Close Clr (2003),EA,200.0,100.0,Used on 275,,,275,150.0,
84001100,Retro Kit - Florida Water Stop,EA,248.0,124.0,Used on 275,,,275,188.0,
84027510,Retro Kit - SC/Adjustable R/L,EA,149.0,74.0,Used on 275,,,275,113.0,
84001721,Retro Kit - W.Coast L/R Brz Manl-Elec,EA,,990.0,Used on 275,,,275,1235.0,
84001722,Retro Kit - W.Coast L/R Clr Manl-Elec,EA,,990.0,Used on 275,,,275,1235.0,
84001723,Retro Kit - W.Coast L/R Pow Manl-Elec,EA,,1290.0,Used on 275,,,275,1590.0,
84001711,Retro Kit - W.Coast R/L Brz Manl-Elec,EA,,990.0,Used on 275,,,275,1235.0,
84001712,Retro Kit - W.Coast R/L Clr Manl-Elec,EA,,990.0,Used on 275,,,275,1235.0,
84001713,Retro Kit - W.Coast R/L Pow Manl-Elec,EA,,1290.0,Used on 275,,,275,1590.0,
85003100,Roller Block Assy Kit - 275,EA,185.0,92.0,Used on 275,,,275,140.0,http://www.partstown.com/ready_access/rdy85003100;sid=Y0Px_7UNpTjx_-xYIMnH8R3Nl5-x-3A5Odo=
85003600,Roller Grove Bearing (Single Roller),EA,58.0,29.0,"Used on 275, 600",,,"275, 600",44.0,http://www.partstown.com/ready_access/rdy85003600;sid=Y0Px_7UNpTjx_-xYIMnH8R3Nl5-x-3A5Odo=
10010107,Screw w/lock washers for roller blocks,EA,0.9,0.3,"Used on 275, BO-2, BO-4",,,"275, BO-2, BO-4",0.6,
10010150,Screw W/Lock Washers For Roller Grv Brg,EA,0.8,0.4,"Used on 275, FM-10, Straw",,,"275, FM-10, Straw",0.6,
85100801,Sensor - Beam Box (Bronze) 275 or 600,EA,546.0,364.0,"Used on 275, 600",,,"275, 600",455.0,http://www.partstown.com/ready_access/rdy85100801;sid=Y0Px_7UNpTjx_-xYIMnH8R3Nl5-x-3A5Odo=
85100802,Sensor - Beam Box (Clear) 275 or 600,EA,546.0,364.0,"Used on 275, 600",,,"275, 600",455.0,http://www.partstown.com/ready_access/rdy85100802;sid=Y0Px_7UNpTjx_-xYIMnH8R3Nl5-x-3A5Odo=
85100701,Sensor Assy - Not used any longer Ser#68024(Use Beam Box),EA,,,"Used on 275, 600",,,"275, 600",,
85002920,Solenoid & Hook Assy - L/R for Electric Chasis (Vertical),EA,160.0,80.0,"Used on 275, 600",,,"275, 600",120.0,http://www.partstown.com/ready_access/rdy85002920;sid=Y0Px_7UNpTjx_-xYIMnH8R3Nl5-x-3A5Odo=
85002910,Solenoid & Hook Assy - R/L for Electric Chasis (Vertical),EA,160.0,80.0,"Used on 275, 600, 606",,,"275, 600, 606",120.0,http://www.partstown.com/ready_access/rdy85002910;sid=Y0Px_7UNpTjx_-xYIMnH8R3Nl5-x-3A5Odo=
85150520,Solenoid & Hook L/R Assy R1 2002 (Horizontal),EA,170.0,85.0,Used on 275,,,275,127.5,http://www.partstown.com/ready_access/rdy85150520;sid=Y0Px_7UNpTjx_-xYIMnH8R3Nl5-x-3A5Odo=
85004020,Solenoid Latch Arm Only L/R R1 & R2 (No Key Ring),EA,45.0,30.0,"Used on 275, 600",,,"275, 600",37.0,http://www.partstown.com/ready_access/rdy85004020;sid=Y0Px_7UNpTjx_-xYIMnH8R3Nl5-x-3A5Odo=
20060001,Spring - Cable and Chain Assy - New Chassis 275 and 600 Series,EA,5.2,2.6,"Used on 275, 600, 602, 606",,,"275, 600, 602, 606",3.25,http://www.partstown.com/ready_access/rdy20060001;sid=7_3pWz0nZMnpW2Rxsu7aVZXnKsmzwsn7r_k=
85000300,Spring & Ball Knob Kit (3 each),EA,15.0,7.0,"Used on 275, BO-1, BO-10, BO-2, BO-4, FM-10, FM-3T",,,"275, BO-1, BO-10, BO-2, BO-4, FM-10, FM-3T",11.0,http://www.partstown.com/ready_access/rdy85000300;sid=7_3pWz0nZMnpW2Rxsu7aVZXnKsmzwsn7r_k=
65115520,Stricker Extender L/R (West Coast Only) order 2 screws 10010107--275 ONLY,EA,26.0,13.0,Used on 275,,,275,19.0,
65115510,Stricker Extender R/L (West Coast Only) order 2 screws 10010107--275 ONLY,EA,26.0,13.0,Used on 275,,,275,19.0,
65181120,Striker L/R (2002 R1 NON CHASSIS) (HOLDS S HOOKS) ***NO MORE***,EA,12.6,6.3,Used on 275,,Discontinued / no stock,275,9.45,
65111600,Striker Plate and Cable Bracket 2 screws 10010107 (R2-2003) (275 only),EA,20.0,10.0,Used on 275,,,275,15.0,
95183600,Striker Plate For Handle (Order 2 Pop Rivets 10180010),EA,12.0,6.0,Used on 275,,,275,9.0,http://www.partstown.com/ready_access/rdy95183600;sid=FpZdZi7EMbhcZnRwAqRuaIYEFgU5cevwTA8=
65181110,Striker R/L (2002 R1 NON CHASSIS) (HOLDS S HOOKS) ***NO MORE***,EA,12.6,6.3,Used on 275,,Discontinued / no stock,275,9.45,
66122000,Switch - Bracket- Micro (L/R & R/L Chassis Only) 10010188-2 SCREWS FOR MS,EA,10.0,5.0,Used on 275,,,275,4.5,
95110700,Symmetrical Track - Single Panel Slider (order 6 rivets10180010),EA,100.0,50.0,Used on 275,,,275,75.0,
20110024,Terminal Block Gray Base for 275,EA,20.0,10.0,Used on 275,,,275,15.0,
65184701,Wired Switch Cover - Bronze FOR 606 ALSO,EA,170.0,85.0,Used on 275,,,275,127.5,http://www.partstown.com/ready_access/rdy65184701;sid=Y0Px_7UNpTjx_-xYIMnH8R3Nl5-x-3A5Odo=
65184702,Wired Switch Cover - Clear FOR 606 ALSO,EA,170.0,85.0,Used on 275,,,275,127.5,http://www.partstown.com/ready_access/rdy65184702;sid=Y0Px_7UNpTjx_-xYIMnH8R3Nl5-x-3A5Odo=
85620021,"Door 275 LP HV L/R Brz 43-1/2 1/4"" Glass*** NO MORE***",EA,492.0,328.0,Used on 275 LPHV,,Discontinued / no stock,275 LPHV,410.0,
85620122,Door 275 LP HV L/R Clr 43.5 INSULATED GLASS** NO MORE***,EA,678.0,450.0,Used on 275 LPHV,,Discontinued / no stock,275 LPHV,565.0,
85620022,"Door 275 LP HV L/R Clr 43-1/2 1/4"" Glass** NO MORE***",EA,492.0,328.0,Used on 275 LPHV,,Discontinued / no stock,275 LPHV,410.0,
85620011,"Door 275 LP HV R/L Brz 43-1/2 1/4"" Glass** NO MORE***",EA,492.0,328.0,Used on 275 LPHV,,Discontinued / no stock,275 LPHV,410.0,
85620111,Door 275 LP HV R/L Clr 43.5 INSULATED GLASS** NO MORE***,EA,678.0,450.0,Used on 275 LPHV,,Discontinued / no stock,275 LPHV,565.0,
85620012,"Door 275 LP HV R/L Clr 43-1/2 1/4"" Glass** NO MORE***",EA,492.0,328.0,Used on 275 LPHV,,Discontinued / no stock,275 LPHV,410.0,
85104300,Weather Strip Kit-Self Stick (Brown) 275 LPHV** NO MORE***,EA,12.0,6.0,Used on 275 LPHV,,Discontinued / no stock,275 LPHV,9.0,
85104400,Weather Strip Kit-Self Stick (Silver) 275 LPHV** NO MORE***,EA,12.0,6.0,Used on 275 M.O.E.R.,,Discontinued / no stock,275 M.O.E.R.,9.0,
20112100,Control Board (MOER) (Board w/cord only),EA,118.0,59.0,Used on 275 M.O.E.R.,,,275 M.O.E.R.,74.0,http://www.partstown.com/ready_access/rdy20112100
85100820,"Moer ""2002"" L/R Controller Assy (Not Available)",EA,,,Used on 275 M.O.E.R.,,,275 M.O.E.R.,,
85100810,"Moer ""2002"" R/L Controller Assy (Not Available)",EA,,,Used on 275 M.O.E.R.,,,275 M.O.E.R.,,
85100840,"Moer ""2003"" L/R Controller Assy (PCB & MAGNET)",EA,472.0,236.0,Used on 275 M.O.E.R.,,,275 M.O.E.R.,358.0,
85100830,"Moer ""2003"" R/L Controller Assy (PCB & MAGNET)",EA,472.0,236.0,Used on 275 M.O.E.R.,,,275 M.O.E.R.,358.0,
65112400,Moer Magnet Catch (order 2 screws 10010107)600 catch 65119200,EA,6.3,4.2,Used on 275 M.O.E.R.,,,275 M.O.E.R.,5.25,
85100850,Moer Magnet Kit (40 lb with mounting bracket-(NO PC BOARD),EA,252.0,126.0,Used on 275 M.O.E.R.,,,275 M.O.E.R.,191.0,http://www.partstown.com/ready_access/rdy85100850;sid=7_3pWz0nZMnpW2Rxsu7aVZXnKsmzwsn7r_k=
85186900,Moer Magnet Upgrade Kit,EA,273.0,136.0,Used on 275 M.O.E.R.,,,275 M.O.E.R.,207.0,
84000721,"Retro Kit - ""2003"" Moer L/R Bronze (THESE KITS NOT FOR 600 SERIES)",EA,,,Used on 275 M.O.E.R.,,,275 M.O.E.R.,750.0,
84000722,"Retro Kit - ""2003"" Moer L/R Clear",EA,,,Used on 275 M.O.E.R.,,,275 M.O.E.R.,750.0,
84000723,"Retro Kit - ""2003"" Moer L/R Pow",EA,,,Used on 275 M.O.E.R.,,,275 M.O.E.R.,950.0,
84000711,"Retro Kit - ""2003"" Moer R/L Bronze",EA,,,Used on 275 M.O.E.R.,,,275 M.O.E.R.,750.0,
84000712,"Retro Kit - ""2003"" Moer R/L Clear",EA,,,Used on 275 M.O.E.R.,,,275 M.O.E.R.,750.0,
84000713,"Retro Kit - ""2003"" Moer R/L Pow",EA,,,Used on 275 M.O.E.R.,,,275 M.O.E.R.,950.0,
85100700,Sensor Assy - Moer Not used any longer (Use Beam Box),EA,,,Used on 375,,,375,,
85004400,Manual Latch For 375-Older 600 (Hook Always Out),EA,77.0,38.0,"Used on 375, 600",,,"375, 600",58.0,
85003300,Roller Block Assy Kit - 375,EA,408.0,204.0,Used on 600,,,600,310.0,
85127500,Adjustment Track Bracket-600 Series only (complete w/mounting screws),EA,41.0,20.0,Used on 600,,,600,31.0,
40010031,Bumber (600 Large) Need Screw & Washer,EA,5.6,2.8,"Used on 600, 602",,,"600, 602",3.5,
10230026,Bumber Washer,EA,0.1,0.1,"Used on 600, 602",,,"600, 602",0.1,
85880020,Chassis L/R 600 w/ ENCODER MOTOR,EA,932.0,466.0,Used on 600,,,600,590.0,
85880010,Chassis R/L 600 w/ ENCODER MOTOR,EA,932.0,466.0,Used on 600,,,600,590.0,
85660222,"Door E L/R L1 Clr 43.5 600,1,2",EA,,1300.0,Used on 600,,,600,,
85660211,"Door E R/L L1 Brz 43.5 600,1,2",EA,,1300.0,Used on 600,,,600,,
85660212,"Door E R/L L1 Clr 43.5 600,1,2",EA,,1300.0,Used on 600,,,600,,
858...,Door Solarban Insulated All,EA,,550.0,Used on 600,,,600,980.0,
85760121,"Door SC L/R Ins Brz 43.5 600,1,2 Insulated",EA,987.0,495.0,Used on 600,,,600,750.0,
85760122,"Door SC L/R Ins Clr 43.5 600,1,2 Insulated",EA,966.0,485.0,Used on 600,,,600,750.0,
85760123,"Door SC L/R Ins Pow 43.5 600,1,2 Insulated",EA,1088.0,541.0,Used on 600,,,600,820.0,
85660121,"Door SC L/R L1 Brz 43.5 600,1,2",EA,,1300.0,Used on 600,,,600,,
85660122,"Door SC L/R L1 Clr 43.5 600,1,2",EA,,1300.0,Used on 600,,,600,,
85660123,"Door SC L/R L1 Pow 43.5 600,1,2",EA,,1500.0,Used on 600,,,600,,
85860124,"Door SC L/R Smash Chp 43.5 600,1,2",EA,1815.0,910.0,Used on 600,,,600,1379.0,
85860122,"Door SC L/R Smash Clr 43.5 600,1,2",EA,1420.0,710.0,Used on 600,,,600,980.0,
85860123,"Door SC L/R Smash Pow 43.5 600,1,2",EA,1083.0,722.0,Used on 600,,,600,1200.0,
85760111,"Door SC R/L Ins Brz 43.5 600,1,2",EA,987.0,495.0,Used on 600,,,600,750.0,
85760112,"Door SC R/L Ins Clr 43.5 600,1,2",EA,987.0,495.0,Used on 600,,,600,750.0,
85760113,"Door SC R/L Ins Pow 43.5 600,1,2",EA,1079.0,541.0,Used on 600,,,600,820.0,
85660111,"Door SC R/L L1 Brz 43.5"" 600,1,2",EA,,1300.0,Used on 600,,,600,,
85660112,"Door SC R/L L1 Clr 43.5 600,1,2",EA,,1300.0,Used on 600,,,600,1500.0,
85660113,"Door SC R/L L1 Pow 43.5 600,1,2",EA,,1500.0,Used on 600,,,600,1500.0,
85860114,"Door SC R/L Smash Chp 43.5 600,1,2",EA,1815.0,910.0,Used on 600,,,600,1379.0,
85860112,"Door SC R/L Smash Clr 43.5 600,1,2",EA,1420.0,710.0,Used on 600,,,600,980.0,
85860113,"Door SC R/L Smash Pow 43.5 600,1,2",EA,1815.0,910.0,Used on 600,,,600,1379.0,
65103300,Handle 600 E (Stainless curved for manual open),EA,26.0,13.0,"Used on 600, 601, 602",,,"600, 601, 602",17.0,
66121601,Header Cover 600 SC Only Bronze (NO INSPECTION COVERS),EA,100.0,50.0,Used on 600,,,600,75.0,
66121602,Header Cover 600 SC Only Clear (NO INSPECTION COVERS),EA,100.0,50.0,Used on 600,,,600,75.0,
66121501,Header Cover 600 E or MOER Bronze,EA,100.0,50.0,Used on 600,,,600,75.0,
66121502,Header Cover 600 E or MOER Clear,EA,100.0,50.0,"Used on 600, 601, 602, 604",,,"600, 601, 602, 604",75.0,
66123001,Cover (Inspection) Bronze MOER-Has hole for sensor mounting,EA,20.0,10.0,Used on 600,,,600,15.0,
66123002,Cover (Inspection) Clear MOER-Has hole for sensor mounting,EA,20.0,10.0,Used on 600,,,600,15.0,
85078111,Lock Bar Kit Brz-600 CARIBOU only,EA,137.0,68.0,Used on 600,,,600,104.0,
85078101,Lock Bar Kit Brz-600 Series only,EA,137.0,68.0,Used on 600,,,600,104.0,
85078802,Lock Bar Kit WEST COAST Clear,EA,153.0,76.0,Used on 600,,,600,116.0,
85078102,Lock Bar Kit Clr-600 Series only,EA,137.0,68.0,Used on 600,,,600,104.0,
20090086,Lock - Mortise - Deadbolt (comes with faceplate),EA,90.0,45.0,"Used on 600, 602, 604, 606",,,"600, 602, 604, 606",67.5,http://www.partstown.com/ready_access/rdy20090086;sid=SXw0wIVAJ2E0wNwlChwAzi2AjEhuWXGcCXg=
20090084,Lock - Mortise Thumb-Turn (larger round 600 only) uses 200090086,EA,42.0,21.0,Used on 600,,,600,31.5,http://www.partstown.com/ready_access/rdy20090084;sid=SXw0wIVAJ2E0wNwlChwAzi2AjEhuWXGcCXg=
20090085,Lock - Pad,EA,35.3,17.7,Used on 600,,,600,28.3,
85004300,Manual Latch For 600E,EA,77.0,38.0,Used on 600,,,600,58.0,
85002420,Manual Release Handle Kit 600 L/R,EA,85.0,42.0,Used on 600,,,600,64.0,
85002410,Manual Release Handle Kit 600 R/L,EA,85.0,42.0,Used on 600,,,600,64.0,
20010037,Door Guide in bottom frame of window-need 2,EA,10.0,5.0,Used on 600,,,600,7.5,
20110567,Push Pin for 600 Series THIS IS THE BARBED NYLON TACK-not the square block,EA,0.5,0.25,Used on 600,,,600,0.35,
84001321,Retro Kit - 600 Series L/R Brz Manl-Elec,EA,,,Used on 600,,,600,990.0,
84001322,Retro Kit - 600 Series L/R Clr Manl-Elec,EA,,,Used on 600,,,600,990.0,
84001323,Retro Kit - 600 Series L/R Pow Manl-Elec,EA,,,Used on 600,,,600,1290.0,
84001311,Retro Kit - 600 Series R/L Brz Manl-Elec,EA,,,Used on 600,,,600,990.0,
84001312,Retro Kit - 600 Series R/L Clr Manl-Elec,EA,,,Used on 600,,,600,990.0,
84001313,Retro Kit - 600 Series R/L Pow Manl-Elec,EA,,,Used on 600,,,600,1290.0,
84001921,Retro Kit - Electric - Self Closer Bronze (600 Series),EA,300.0,150.0,Used on 600,,,600,200.0,
84001912,Retro Kit - Electric - Self Closer Clear (600 Series),EA,300.0,150.0,Used on 600,,,600,200.0,
85003200,Roller Block Assy Kit - 600,EA,270.0,135.0,Used on 600,,,600,202.5,http://www.partstown.com/ready_access/rdy85003200
65113320,Solenoid Latch Striker L/R -V Shape Catch-Top of Door,EA,14.4,7.2,"Used on 600, 601, 602",,,"600, 601, 602",10.8,
65113310,Solenoid Latch Striker R/L- V Shape Catch-Top of Door,EA,14.4,7.2,"Used on 600, 602",,,"600, 602",10.8,
65115920,Stricker Extender L/R (West Coast Only) order 2 screws 10010107 --600 ONLY-MOER ALSO,EA,26.0,13.0,Used on 600,,,600,19.0,
65115910,Stricker Extender R/L (West Coast Only) order 2 screws 10010107--600 ONLY MOER ALSO,EA,26.0,13.0,Used on 600,,,600,19.0,
66122300,Striker Plate and Cable Bracket (R2-2003) (600 only),EA,22.4,11.2,Used on 600,,,600,14.0,
84001411,600 S/C TO MOER R/L BRONZE,EA,,,Used on 600 MOER,,,600 MOER,750.0,
84001412,600 S/C TO MOER R/L CLEAR,EA,,,Used on 600 MOER,,,600 MOER,750.0,
84001421,600 S/C TO MOER L/R BRONZE,EA,,,Used on 600 MOER,,,600 MOER,750.0,
84001422,600 S/C TO MOER L/R CLEAR,EA,,,Used on 600 MOER,,,600 MOER,750.0,
85104010,Weather Strip Kit- 600 Series & 606,EA,20.0,10.0,"Used on 601, 603, AA100",,,"601, 603, AA100",15.0,
66121200,Panel - Inside Face (Next to Big Reach Drawer),EA,56.8,28.4,Used on 602,,,602,45.5,
85005200,603 Nyc Unit Glass,EA,1289.0,646.0,Used on 603,,,603,979.0,
20112114,Cable - Motor - 606,EA,7.4,3.7,Used on 606,,,606,5.9,
20112115,Cable - Power Connecting Cord - 606,EA,3.2,1.6,Used on 606,,,606,2.6,
85004900,Chain & Cable Assembly 606 OLD STYLE SMALL SPRING,EA,60.0,30.0,Used on 606,,,606,46.0,
85005400,Chain & Cable Assembly 606-54 NEW STYLE LARGE SPRING,EA,60.0,30.0,Used on 606,,,606,46.0,
85870101,Door Left Bronze 606 E (Have to paint bronze-only clear-check stock),EA,800.0,400.0,Used on 606,,,606,600.0,
85870102,Door Right Bronze 606 E (Have to paint bronze-only clear-check stock),EA,800.0,400.0,Used on 606,,,606,600.0,
85005501,SELF CLOSE Cable for 606-80,EA,100.0,50.0,Used on 606-80,,,606-80,75.0,
85005500,Cable Chain for 606-80,EA,110.0,55.0,Used on 606-80,,,606-80,70.0,
85005000,AA100 Manual Switch Controller,EA,212.0,106.0,Used on AA100,,,AA100,161.0,
85001000,Blower Assembly AA100 (has deflection plate) (Fasco # 70902466),EA,980.0,690.0,Used on AA100,,,AA100,810.0,http://www.partstown.com/ready_access/rdy85001000;sid=FjseRUIgPgIeRRt9HLgrS-rgsN9x5uTEeZg=
30103300,Blower Deflection Plate (Not for hubble plug model),EA,36.0,12.0,Used on AA100,,,AA100,25.0,
85129001,"Harness Switch Assy Brz ""Sgl Speed""",EA,220.0,110.0,"Used on AA100, AA300",,,"AA100, AA300",167.0,
85129002,"Harness Switch Assy Clr ""Sgl Speed""",EA,219.0,109.0,"Used on AA100, AA300",,,"AA100, AA300",166.0,
84174601,"Retro Kit- Convert 16"" Transom to AA100 Transom (Bronze) (No Glass)",EA,360.0,180.0,Used on AA100,,,AA100,270.0,
84174602,"Retro Kit- Convert 16"" Transom to AA100 Transom (Clear) (No Glass)",EA,360.0,180.0,Used on AA100,,,AA100,270.0,
20010004,Switch - AA100 on/off Push Button,EA,30.0,15.0,Used on AA100,,,AA100,22.5,http://www.partstown.com/ready_access/rdy20010004
20112108,Timer Box for AA100 (Self Closer) Only Box,EA,160.0,80.0,Used on AA100,,,AA100,100.0,http://www.partstown.com/ready_access/rdy20112108;sid=SXw0wIVAJ2E0wNwlChwAzi2AjEhuWXGcCXg=
85127800,"Blower Assembly ""Single Speed"" Old Style Hubbel Plug (Fasco 7063-5884)NO MORE",EA,770.0,385.0,Used on AA300,,Discontinued / no stock,AA300,577.5,
85028000,Blower Assembly Dual Speed (no deflection plate) (Fasco # 70902603),EA,980.0,690.0,Used on AA300,,,AA300,810.0,http://www.partstown.com/ready_access/rdy85028000;sid=FjseRUIgPgIeRRt9HLgrS-rgsN9x5uTEeZg=
30100301,Cover - Inside - Bronze,EA,140.0,70.0,Used on AA300,,,AA300,105.0,
30100302,Cover - Inside - Clear,EA,140.0,70.0,Used on AA300,,,AA300,105.0,
85003000,Control Board AA300,EA,304.0,152.0,Used on AA300,,,AA300,231.0,http://www.partstown.com/ready_access/rdy85003000;sid=IqEGxZ4RmJYGxcUndJoxyzbR1n1GwWrNYqU=
30100201,Cover - Outside - Bronze,EA,200.0,100.0,Used on AA300,,,AA300,150.0,
30100202,Cover - Outside - Clear,EA,200.0,100.0,Used on AA300,,,AA300,150.0,
85187000,Cover - Outside - Powder,EA,330.0,230.0,Used on AA300,,,AA300,280.0,
30228000,Disconnect for AA300 ***NO MORE***,EA,310.0,155.0,Used on AA300,,Discontinued / no stock,AA300,195.0,
85028120,Heater Assy L/R,EA,565.0,283.0,Used on AA300,,,AA300,429.0,
85028110,Heater Assy R/L (used on 131),EA,565.0,283.0,Used on AA300,,,AA300,429.0,
85127900,Fan Muffin,EA,140.0,70.0,Used on AA300,,,AA300,100.0,http://www.partstown.com/ready_access/rdy85127900;sid=IqEGxZ4RmJYGxcUndJoxyzbR1n1GwWrNYqU=
84174600,Filler Panel Retrofit Kit,EA,498.0,249.0,Used on AA300,,,AA300,378.0,
00650101,Aluminum Grid under quartz lamp 20x 4-1/2,EA,20.0,10.0,Used on AA300,,,AA300,15.0,
85079200,"Fuse Kit-AA300 (4 - 3A, 4 - 250mA)",EA,39.0,19.0,Used on AA300,,,AA300,29.0,http://www.partstown.com/ready_access/rdy85079200;sid=IqEGxZ4RmJYGxcUndJoxyzbR1n1GwWrNYqU=
85129100,Quartz Lamp,EA,153.0,76.0,Used on AA300,,,AA300,116.0,http://www.partstown.com/ready_access/rdy85129100
20110418,Quartz Lamp Socket ( Single Socket),EA,12.4,6.2,Used on AA300,,,AA300,9.3,
20110513,Relay - 40 Amp,EA,105.0,52.5,Used on AA300,,,AA300,84.0,http://www.partstown.com/ready_access/rdy20110513;sid=IqEGxZ4RmJYGxcUndJoxyzbR1n1GwWrNYqU=
20110528,Relay - Omron,EA,58.4,29.2,Used on AA300,,,AA300,46.7,http://www.partstown.com/ready_access/rdy20110528;sid=IqEGxZ4RmJYGxcUndJoxyzbR1n1GwWrNYqU=
20110529,Switch - Winter/Summer - AA300,EA,16.25,8.0,Used on AA300,,,AA300,13.0,http://www.partstown.com/ready_access/rdy20110529;sid=IqEGxZ4RmJYGxcUndJoxyzbR1n1GwWrNYqU=
20110530,Switch (The other 2 next to summer/winter switch),EA,8.5,4.25,Used on AA300,,,AA300,6.0,http://www.partstown.com/ready_access/rdy20110530;sid=IqEGxZ4RmJYGxcUndJoxyzbR1n1GwWrNYqU=
20110514,Terminal Block for 220v on AA300,EA,111.0,74.0,Used on AA300,,,AA300,92.0,
20110017,Thermostat - Selco Kisco,EA,28.2,14.1,Used on AA300,,,AA300,22.6,
85004100,Bearing Kit - Linear Actuator (3 Only),EA,120.0,60.0,"Used on BO-1, BO-2, BO-4",,,"BO-1, BO-2, BO-4",90.0,
85077800,"Belt Manual Window ( Full Length 32"") 322L075 on Belt *** NO MORE***",EA,,,"Used on BO-1, FM-1",,Discontinued / no stock,"BO-1, FM-1",,http://www.partstown.com/ready_access/rdy85077800;sid=SXw0wIVAJ2E0wNwlChwAzi2AjEhuWXGcCXg=
10130001,Belt Nut For Belt Seperator Shaft (Need 2),EA,0.1,0.1,"Used on BO-1, FM-1, FM-3, FM-4",,,"BO-1, FM-1, FM-3, FM-4",0.1,
00650263,Belt Separator (Nylon),EA,12.8,6.4,"Used on BO-1, FM-1, FM-3, FM-4",,,"BO-1, FM-1, FM-3, FM-4",8.0,
00650262,Belt Spacer Shaft For Belt Seperator,EA,13.5,6.8,"Used on BO-1, FM-1, FM-3, FM-4",,,"BO-1, FM-1, FM-3, FM-4",10.8,
85003900,BO Window Install Hardware Kit,EA,35.0,17.0,"Used on BO-1, BO-10, BO-2, BO-4",,,"BO-1, BO-10, BO-2, BO-4",26.0,
95023001,"Bracket, Lower Lock (1)",EA,8.7,4.4,"Used on BO-1, FM-1",,,"BO-1, FM-1",6.9,
65028101,Bushing Need 2 Each Side (Brass w/ Notch),EA,3.0,1.5,"Used on BO-1, FM-1, FM-2, FM-3, FM-4",,,"BO-1, FM-1, FM-2, FM-3, FM-4",2.4,
10230055,Bushing Spacer (Nylon),EA,3.0,1.5,"Used on BO-1, FM-3",,,"BO-1, FM-3",2.0,
20112150,Cable - Motor,EA,6.4,3.2,"Used on BO-1, BO-2, BO-4",,,"BO-1, BO-2, BO-4",5.1,
20112149,Cable - Power,EA,10.3,5.2,"Used on BO-1, BO-2, BO-4",,,"BO-1, BO-2, BO-4",8.3,
85077700,Ceiling Tile,EA,47.0,23.0,"Used on BO-1, BO-2, BO-4",,,"BO-1, BO-2, BO-4",35.0,
85079001,"Center Stop (Bronze) BO-1, FM-3",EA,33.0,16.0,"Used on BO-1, FM-3",,,"BO-1, FM-3",25.0,
85079002,"Center Stop (Clear) BO-1, FM-3",EA,33.0,16.0,"Used on BO-1, FM-3",,,"BO-1, FM-3",25.0,
10300003,Clevis Pin For Push Rod,EA,1.0,0.5,"Used on BO-1, BO-2, BO-4",,,"BO-1, BO-2, BO-4",0.8,
10040009,Coupling - Set Screw,EA,1.6,0.8,"Used on BO-1, BO-2, BO-4",,,"BO-1, BO-2, BO-4",1.2,
00651100,Coupling (order 2 set screws 10040009) (the 2 supplied with it are too short-discard),EA,30.0,15.0,"Used on BO-1, BO-2",,,"BO-1, BO-2",22.5,
85065801,Cover Front Bronze,EA,149.0,74.0,"Used on BO-1, BO-2, BO-4",,,"BO-1, BO-2, BO-4",113.0,
85065802,Cover Front Clear,EA,149.0,74.0,"Used on BO-1, BO-2, BO-4",,,"BO-1, BO-2, BO-4",113.0,
85065803,Cover Front Painted,EA,274.0,137.0,"Used on BO-1, BO-2, BO-4",,,"BO-1, BO-2, BO-4",208.0,
85065601,"Cover Left Side Bronze BO-1,2,4",EA,81.0,40.0,"Used on BO-1, BO-2, BO-4",,,"BO-1, BO-2, BO-4",61.0,
85065602,"Cover Right Side Bronze BO-1,2,4",EA,81.0,40.0,"Used on BO-1, BO-2, BO-4",,,"BO-1, BO-2, BO-4",61.0,
85065401,Door Assy - Brz Lt Hand BO-1/FM1***NO MORE AVAILABLE***,EA,350.0,175.0,"Used on BO-1, FM-1",,Discontinued / no stock,"BO-1, FM-1",266.0,
85065402,Door Assy - Brz Rt Hand BO-1/FM1***NO MORE AVAILABLE***,EA,350.0,175.0,"Used on BO-1, FM-1",,Discontinued / no stock,"BO-1, FM-1",266.0,
85065501,Door Assy - Clr Lt Hand BO-1/FM1***NO MORE AVAILABLE***,EA,350.0,175.0,"Used on BO-1, FM-1",,Discontinued / no stock,"BO-1, FM-1",266.0,
85065502,Door Assy - Clr Rt Hand BO-1/FM1***NO MORE AVAILABLE***,EA,350.0,175.0,"Used on BO-1, FM-1",,Discontinued / no stock,"BO-1, FM-1",266.0,
85097700,"Door Handle Set BO-1, FM-3 (2 in kit w/rivets)",EA,33.0,16.0,"Used on BO-1, FM-3",,,"BO-1, FM-3",25.0,
85104100,"Drive Shaft Kit Bo-1,2,4 E",EA,83.0,41.0,"Used on BO-1, BO-2, BO-4",,,"BO-1, BO-2, BO-4",63.0,
65199901,"Electric Eye Housing Cup (switch cut out for BO-1,2,4)(order 2 screws 10010110)",EA,60.0,30.0,"Used on BO-1, BO-2, BO-4",,,"BO-1, BO-2, BO-4",45.0,
85000900,"Electric Eye Sensor Assembly - Bo-1,2,4 (24"" long)",EA,470.0,235.0,"Used on BO-1, BO-2, BO-4",,,"BO-1, BO-2, BO-4",352.5,http://www.partstown.com/ready_access/rdy85000900;sid=FjseRUIgPgIeRRt9HLgrS-rgsN9x5uTEeZg=
85065100,"Glass - Front Kit, RM (No UPS shipping)***NO MORE***",EA,383.0,192.0,"Used on BO-1, FM-1",,Discontinued / no stock,"BO-1, FM-1",291.0,
85065300,Glass - Side Kit ***NO MORE****,EA,95.0,47.0,Used on BO-1,,Discontinued / no stock,BO-1,72.0,
65066700,Guide Block Retainer - Push Rod,EA,8.3,4.2,"Used on BO-1, BO-2",,,"BO-1, BO-2",6.7,
85054500,Hinge Bottom-Field Kit (L & R Door),EA,100.0,50.0,"Used on BO-1, FM-3",,,"BO-1, FM-3",75.0,http://www.partstown.com/ready_access/rdy85054500;sid=SXw0wIVAJ2E0wNwlChwAzi2AjEhuWXGcCXg=
85054600,Hinge Top-Field Kit (L & R Door),EA,200.0,100.0,"Used on BO-1, FM-3",,,"BO-1, FM-3",150.0,http://www.partstown.com/ready_access/rdy85054600;sid=SXw0wIVAJ2E0wNwlChwAzi2AjEhuWXGcCXg=
10300004,Hitch Pin For Push Rod,EA,0.4,0.2,"Used on BO-1, BO-2",,,"BO-1, BO-2",0.3,
85078900,J-Nut Kit BO Series,EA,15.0,7.0,"Used on BO-1, BO-10, BO-2, BO-4",,,"BO-1, BO-10, BO-2, BO-4",11.0,http://www.partstown.com/ready_access/rdy85078900;sid=Y0Px_7UNpTjx_-xYIMnH8R3Nl5-x-3A5Odo=
85000500,Linear Actuator Kit,EA,520.0,313.0,"Used on BO-1, BO-2, BO-4",,,"BO-1, BO-2, BO-4",412.0,http://www.partstown.com/ready_access/rdy85000500;sid=7_3pWz0nZMnpW2Rxsu7aVZXnKsmzwsn7r_k=
85000400,Linkage Nyliner/Retaining Ring Kit,EA,40.0,20.0,"Used on BO-1, BO-2, BO-4",,,"BO-1, BO-2, BO-4",30.0,http://www.partstown.com/ready_access/rdy85000400;sid=7_3pWz0nZMnpW2Rxsu7aVZXnKsmzwsn7r_k=
85083800,Linkage Pan Assy ***NO MORE***,EA,433.0,217.0,"Used on BO-1, FM-3",,Discontinued / no stock,"BO-1, FM-3",329.0,
85127400,Links UHMW Kit BO-1 Qty 2 (Dog Bone) ***NO MORE ***,EA,44.0,22.0,Used on BO-1,,Discontinued / no stock,BO-1,33.0,
85066100,Lock Bar Bottom (Bronze) ***NO MORE***,EA,58.0,29.0,"Used on BO-1, FM-1",,Discontinued / no stock,"BO-1, FM-1",44.0,
85066200,Lock Bar Bottom (Clear) ***NO MORE***,EA,58.0,29.0,Used on BO-1,,Discontinued / no stock,BO-1,44.0,
85077600,Lock Striker,EA,18.0,8.0,"Used on BO-1, FM-1, FM-2, FM-3, FM-4",,,"BO-1, FM-1, FM-2, FM-3, FM-4",13.0,
95084600,Locking Plate BO-1 (Set Screw 10040006) (Round-Connects to Hinge) ***NO MORE***,EA,30.5,15.3,Used on BO-1,,Discontinued / no stock,BO-1,24.4,
85088100,LockTop Small Doors (1 each) BO-1 Straight Tongue (SAME AS FM-3),EA,23.0,11.0,"Used on BO-1, FM-1, FM-2, FM-3, FM-4",,,"BO-1, FM-1, FM-2, FM-3, FM-4",17.0,
85003700,"Motor Assy BO-,2,4 DC (After 8/99 2 wire)",EA,310.0,155.0,"Used on BO-1, BO-2, BO-4",,,"BO-1, BO-2, BO-4",235.0,
85138700,"Motor Repair Kit Bo-1,2,4 E (Interim)",EA,107.0,53.0,"Used on BO-1, BO-2, BO-4",,,"BO-1, BO-2, BO-4",81.0,
50020018,Nylon Guide Block - Rod Assy,EA,7.8,3.9,"Used on BO-1, BO-2, BO-4",,,"BO-1, BO-2, BO-4",6.2,
85002800,"Power Switch - Bo1, Bo2, Bo4",EA,111.0,55.0,"Used on BO-1, BO-2, BO-4",,,"BO-1, BO-2, BO-4",84.0,
85078500,Pulley Hinge Pin,EA,88.0,44.0,Used on BO-1,,,BO-1,66.0,
85078600,Pulley Idler,EA,91.0,45.0,"Used on BO-1, FM-4",,,"BO-1, FM-4",69.0,
85077900,Push Pad Semi Auto,EA,80.0,40.0,"Used on BO-1, BO-2, BO-4",,,"BO-1, BO-2, BO-4",60.0,http://www.partstown.com/ready_access/rdy85077900;sid=7_3pWz0nZMnpW2Rxsu7aVZXnKsmzwsn7r_k=
20220022,"Push Rod 16"" (Rod Only)",EA,60.0,30.0,"Used on BO-1, BO-2, BO-4",,,"BO-1, BO-2, BO-4",45.0,
20220036,"Push Rod 22"" (Rod Only)",EA,63.0,42.0,"Used on BO-1, BO-2, BO-4",,,"BO-1, BO-2, BO-4",52.0,
85078016,"Push Rod Assy 16"" Lg / BO-1,2,4",EA,173.0,86.0,"Used on BO-1, BO-2, BO-4",,,"BO-1, BO-2, BO-4",131.0,http://www.partstown.com/ready_access/rdy85078016;sid=7_3pWz0nZMnpW2Rxsu7aVZXnKsmzwsn7r_k=
85078022,"Push Rod Assy 22"" Lg / BO-1,2,4",EA,223.0,111.0,"Used on BO-1, BO-2, BO-4",,,"BO-1, BO-2, BO-4",169.0,
85078030,"Push Rod Assy 30"" Lg / BO-1,2,4",EA,344.0,172.0,"Used on BO-1, BO-2, BO-4",,,"BO-1, BO-2, BO-4",261.0,
85078038,"Push Rod Assy 38"" Lg / BO-1,2,4",EA,390.0,195.0,"Used on BO-1, BO-2, BO-4",,,"BO-1, BO-2, BO-4",296.0,
00650229,Reinforcement Angle Large (Hinge Side),EA,7.3,3.65,"Used on BO-1, FM-1, FM-2, FM-4",,,"BO-1, FM-1, FM-2, FM-4",5.85,
65024001,Retainer Bottom Lock Bar,EA,3.5,1.8,"Used on BO-1, BO-2",,,"BO-1, BO-2",2.8,
84057800,Retro Kit - Manual - Semi Auto Bronze (front cover changes) ***NO MORE***,EA,658.0,330.0,Used on BO-1,,Discontinued / no stock,BO-1,500.0,
84057810,Retro Kit - Manual - Semi Auto Clear (front cover changes) ***NO MORE***,EA,658.0,330.0,Used on BO-1,,Discontinued / no stock,BO-1,500.0,
10040006,"Set Screw For Locking Plate B/O-1 S,E",EA,3.0,1.0,Used on BO-1,,,BO-1,2.0,
85103700,"Spring Extension Kit BO 1,2,4",EA,23.0,11.0,"Used on BO-1, BO-2, BO-4",,,"BO-1, BO-2, BO-4",17.0,
65073301,Stop Full Open Window (Blk Neop),EA,1.0,0.5,"Used on BO-1, BO-2",,,"BO-1, BO-2",0.8,
85103900,"Weather Strip Kit BO-1, FM-3",EA,22.0,10.0,"Used on BO-1, FM-3T",,,"BO-1, FM-3T",16.0,http://www.partstown.com/ready_access/rdy85103900;sid=FjseRUIgPgIeRRt9HLgrS-rgsN9x5uTEeZg=
85000601,Atrium Dome - Bronze,EA,302.0,151.0,Used on BO-10,,,BO-10,229.0,
85000602,Atrium Dome - Grey,EA,302.0,151.0,Used on BO-10,,,BO-10,229.0,
40010003,Bumper w/blk Lvl - 1x1,EA,1.6,0.8,"Used on BO-10, FM-10",,,"BO-10, FM-10",1.3,
95151300,Cable Clamp Bracket (Only self closer-cable driven-no chain) order 2 screws 10010026,EA,15.4,7.7,Used on BO-10,,,BO-10,11.55,
85163100,Clutch Assy BO10M & FM10M (Manual Arbor),EA,123.0,61.0,"Used on BO-10, FM-10",,,"BO-10, FM-10",93.0,
65163201,Cover - Header - Self Closer - Brz,EA,81.8,40.9,"Used on BO-10, FM-10",,,"BO-10, FM-10",65.5,
65163202,Cover - Header - Self Closer - Clr,EA,74.8,37.4,"Used on BO-10, FM-10",,,"BO-10, FM-10",59.9,
65151801,Cover - Header Electric - Bronze,EA,70.0,35.0,Used on BO-10,,,BO-10,55.0,
65151802,Cover - Header Electric - Clear,EA,70.0,35.0,Used on BO-10,,,BO-10,55.0,
65149501,"Cover - Left Side (10-1/2"") New Bronze",EA,60.0,30.0,Used on BO-10,,,BO-10,45.0,
65149503,"Cover - Left Side (10-1/2"") New Clear",EA,60.0,30.0,Used on BO-10,,,BO-10,45.0,
65152202,Cover - Motor- Clr,EA,32.0,16.0,"Used on BO-10, FM-10",,,"BO-10, FM-10",25.0,
65149502,"Cover - Right Side (10-1/2"") New Bronze",EA,60.0,30.0,Used on BO-10,,,BO-10,45.0,
65149504,"Cover - Right Side (10-1/2"") New Clear",EA,60.0,30.0,Used on BO-10,,,BO-10,45.0,
85001901,Cover BO10 Front Cover - Bronze,EA,228.0,114.0,Used on BO-10,,,BO-10,173.0,
85001902,Cover BO10 Front Cover - Clear,EA,228.0,114.0,Used on BO-10,,,BO-10,173.0,
85001903,Cover BO10 Front Cover - Painted,EA,502.0,251.0,Used on BO-10,,,BO-10,329.0,
85131201,Door Elec. Left Hand BO-10 RX Brz,EA,367.0,184.0,Used on BO-10,,,BO-10,279.0,
85131301,Door Elec. Left Hand BO-10 RX Clr,EA,367.0,184.0,Used on BO-10,,,BO-10,279.0,
85130701,"Door Elec. Left Hand BO-10,FM-10 Bronze",EA,367.0,184.0,"Used on BO-10, FM-10",,,"BO-10, FM-10",279.0,
85130901,"Door Elec. Left Hand BO-10,FM-10 Clear",EA,367.0,184.0,"Used on BO-10, FM-10",,,"BO-10, FM-10",279.0,
85130903,"Door Elec. Left Hand BO-10,FM-10 Powder",EA,568.0,284.0,"Used on BO-10, FM-10",,,"BO-10, FM-10",355.0,
85131202,Door Elec. Right Hand BO-10 RX Brz,EA,367.0,184.0,Used on BO-10,,,BO-10,279.0,
85131302,Door Elec. Right Hand BO-10 RX Clr,EA,367.0,184.0,Used on BO-10,,,BO-10,279.0,
85130702,"Door Elec. Right Hand BO-10,FM-10 Bronze",EA,367.0,184.0,"Used on BO-10, FM-10",,,"BO-10, FM-10",279.0,
85130902,"Door Elec. Right Hand BO-10,FM-10 Clear",EA,367.0,184.0,"Used on BO-10, FM-10",,,"BO-10, FM-10",279.0,
85130904,"Door Elec. Right Hand BO-10,FM-10 Powder",EA,568.0,284.0,Used on BO-10,,,BO-10,355.0,
65105201,Door Guard Brz (Center Stop),EA,30.0,15.0,Used on BO-10,,,BO-10,25.0,
65105202,Door Guard Clr (Center Stop),EA,30.0,15.0,Used on BO-10,,,BO-10,25.0,
85131001,Door Manl. Left Hand BO-10 RX Brz,EA,367.0,184.0,Used on BO-10,,,BO-10,279.0,
85131101,Door Manl. Left Hand BO-10 RX Clr,EA,367.0,184.0,Used on BO-10,,,BO-10,279.0,
85130501,"Door Manl. Left Hand BO-10,FM-10 Bronze",EA,367.0,184.0,"Used on BO-10, FM-10",,,"BO-10, FM-10",279.0,
85130601,"Door Manl. Left Hand BO-10,FM-10 Clear",EA,367.0,184.0,"Used on BO-10, FM-10",,,"BO-10, FM-10",279.0,
85131002,Door Manl. Right Hand BO-10 RX Brz,EA,367.0,184.0,Used on BO-10,,,BO-10,279.0,
85131102,Door Manl. Right Hand BO-10 RX Clr,EA,367.0,184.0,Used on BO-10,,,BO-10,279.0,
85130502,"Door Manl. Right Hand BO-10,FM-10 Bronze",EA,367.0,184.0,"Used on BO-10, FM-10",,,"BO-10, FM-10",279.0,
85130602,"Door Manl. Right Hand BO-10,FM-10 Clear",EA,367.0,184.0,"Used on BO-10, FM-10",,,"BO-10, FM-10",279.0,
85130821,Door SC Left Hand BO-10 Bronze,EA,456.0,228.0,Used on BO-10,,,BO-10,346.0,
85130822,Door SC Left Hand BO-10 Clear,EA,456.0,228.0,Used on BO-10,,,BO-10,346.0,
85130811,Door SC Right Hand BO-10 Bronze,EA,456.0,228.0,Used on BO-10,,,BO-10,346.0,
85130812,Door SC Right Hand BO-10 Clear,EA,456.0,228.0,Used on BO-10,,,BO-10,346.0,
85099000,"Electric Eye Housing & Brkt Assy (39"" long)",EA,420.0,210.0,Used on BO-10,,,BO-10,315.0,http://www.partstown.com/ready_access/rdy85099000;sid=7_3pWz0nZMnpW2Rxsu7aVZXnKsmzwsn7r_k=
85152600,Motor & Sprocket Assy Bo-10 (Gears opposite motor),EA,293.0,146.0,Used on BO-10,,,BO-10,222.0,http://www.partstown.com/ready_access/rdy85152600;sid=Y0Px_7UNpTjx_-xYIMnH8R3Nl5-x-3A5Odo=
95152501,Motor Mounting Bracket,EA,9.5,4.8,Used on BO-10,,,BO-10,7.6,
65119101,Moullion-Galvanized Channel (BO-10 only),EA,16.0,8.0,Used on BO-10,,,BO-10,12.0,
65119001,Moullion-Stainless Cover (BO-10 only),EA,40.0,20.0,Used on BO-10,,,BO-10,30.0,
65095700,Rain Cap (Stainless above BO-10 Doors),EA,24.0,12.0,Used on BO-10,,,BO-10,18.0,
84000402,Retro Fit Kit - BO-10 RX DROP BOX Clear,EA,700.0,400.0,Used on BO-10,,,BO-10,520.0,
84000500,Retro Fit Kit - RAIN CAP - BO-10,EA,160.0,80.0,Used on BO-10,,,BO-10,128.0,
84153101,Retro Kit - BO-10 MD To Electric Bronze,EA,1687.0,846.0,Used on BO-10,,,BO-10,1282.0,
84153102,Retro Kit - BO-10 MD To Electric Clear,EA,1687.0,846.0,Used on BO-10,,,BO-10,1282.0,
84000600,Retro Kit - Counter Pad,EA,127.0,63.0,Used on BO-10,,,BO-10,96.0,
84001000,Retro Kit - Inside RX Drop Box Flap,EA,132.0,66.0,Used on BO-10,,,BO-10,100.0,
10010033,Screw PCBA Cover,EA,0.1,0.1,Used on BO-10,,,BO-10,0.1,
20110283,Standoff - 1/4 OD Hex x m.f 6-32 THRD,EA,3.0,1.5,"Used on BO-10, FM-10",,,"BO-10, FM-10",2.25,
65150001,Wired Switch Cover - Bronze,EA,220.0,101.0,Used on BO-10,,,BO-10,165.0,http://www.partstown.com/ready_access/rdy65150001;sid=7_3pWz0nZMnpW2Rxsu7aVZXnKsmzwsn7r_k=
65150002,Wired Switch Cover - Clear,EA,220.0,101.0,Used on BO-10,,,BO-10,165.0,http://www.partstown.com/ready_access/rdy65150002;sid=7_3pWz0nZMnpW2Rxsu7aVZXnKsmzwsn7r_k=
50010006,Counter Top Pad for BO-10 RX,EA,100.0,50.0,Used on BO-10 RX,,,BO-10 RX,75.0,
65105701,Cover - Front Bottom Bronze Center (RX Only),EA,80.0,40.0,Used on BO-10 RX,,,BO-10 RX,60.0,
65105702,Cover - Front Bottom Clear Center (RX Only),EA,80.0,40.0,Used on BO-10 RX,,,BO-10 RX,60.0,
65105501,Cover - Left Side Bronze (RX Only),EA,80.0,40.0,Used on BO-10 RX,,,BO-10 RX,60.0,
65105502,Cover - Left Side Clear (RX Only),EA,80.0,40.0,Used on BO-10 RX,,,BO-10 RX,60.0,
65105601,Cover - Right Side Bronze (RX Only),EA,80.0,40.0,Used on BO-10 RX,,,BO-10 RX,60.0,
65105602,Cover - Right Side Clear (RX Only),EA,80.0,40.0,Used on BO-10 SC,,,BO-10 SC,60.0,
20010008,Bushing BO-2 (2 top 2 bottom),EA,2.5,1.25,Used on BO-2,,,BO-2,1.85,
20200062,Bushing Spacer ( 2 needed bottom only) (BO-2 Only),EA,0.8,0.4,Used on BO-2,,,BO-2,0.6,
85079101,Center Stop Bronze BO-2,EA,27.0,13.0,Used on BO-2,,,BO-2,20.0,
85065701,"Cover Left Side Clear BO-1,2,4",EA,81.0,40.0,Used on BO-2,,,BO-2,61.0,
85065702,"Cover Right Side Clear BO-1,2,4",EA,81.0,40.0,Used on BO-2,,,BO-2,61.0,
85078701,Door Left Hand BO-2 Brz,EA,561.0,281.0,Used on BO-2,,,BO-2,340.0,
85078703,Door Left Hand BO-2 Clr,EA,561.0,281.0,Used on BO-2,,,BO-2,340.0,
85078705,Door Left Hand BO-2 Pow,EA,669.0,335.0,Used on BO-2,,,BO-2,508.0,
85078702,Door Right Hand BO-2 Brz,EA,561.0,281.0,Used on BO-2,,,BO-2,340.0,
85078704,Door Right Hand BO-2 Clr,EA,561.0,281.0,Used on BO-2,,,BO-2,340.0,
85078706,Door Right Hand BO-2 Pow,EA,669.0,335.0,Used on BO-2,,,BO-2,508.0,
95064401,Handle (Holds lock bar also),EA,12.0,6.0,"Used on BO-2, BO-4",,,"BO-2, BO-4",9.0,
85058401,Hinge Cover Bronze (BO-2),EA,33.0,16.0,Used on BO-2,,,BO-2,25.0,
85058402,Hinge Cover Clear (BO-2),EA,31.0,15.0,Used on BO-2,,,BO-2,23.0,
85058403,Hinge Cover Pow (BO-2),EA,120.0,60.0,Used on BO-2,,,BO-2,91.0,
85094500,Hinge W/Locking Plates BO-2,EA,120.0,60.0,Used on BO-2,,,BO-2,90.0,
85098000,Linkage Pan Assy BO-2,EA,356.0,178.0,Used on BO-2,,,BO-2,270.0,http://www.partstown.com/ready_access/rdy85098000;sid=7_3pWz0nZMnpW2Rxsu7aVZXnKsmzwsn7r_k=
85078301,"Lock Bar Bottom Brz BO-2,4",EA,53.0,26.0,"Used on BO-2, BO-4",,,"BO-2, BO-4",40.0,
85078302,"Lock Bar Bottom Clr BO-2,4",EA,50.0,25.0,"Used on BO-2, BO-4",,,"BO-2, BO-4",38.0,
85078303,"Lock Bar Bottom Pow BO-2,4",EA,256.0,128.0,"Used on BO-2, BO-4",,,"BO-2, BO-4",194.0,
95061900,Locking Plate - BO-2 (Set Screw 10040004),EA,30.5,15.3,Used on BO-2,,,BO-2,24.4,
85088300,"Lock-Top Large Doors (1 each) BO-2,4 Bent Tongue Clear",EA,25.0,12.0,Used on BO-2,,,BO-2,19.0,
85088200,"Lock-Top Large Doors (1 each) BO-2,4 Bent Tongue Bronze",EA,25.0,12.0,"Used on BO-2, BO-4",,,"BO-2, BO-4",19.0,
65108001,Mounting Block - Upper Hinge - Bronze,EA,22.9,11.5,Used on BO-2,,,BO-2,18.3,
65108002,Mounting Block - Upper Hinge - Clear,EA,21.5,10.8,Used on BO-2,,,BO-2,17.2,
85097800,"Pan Slide Sub Assy BO-2,4",EA,177.0,88.0,"Used on BO-2, BO-4",,,"BO-2, BO-4",134.0,
65063101,Pivot Bracket For Door Closer,EA,17.0,8.5,"Used on BO-2, BO-4",,,"BO-2, BO-4",13.6,
65063201,Pivot Support For Door Closer,EA,6.4,3.2,"Used on BO-2, BO-4",,,"BO-2, BO-4",5.1,
85134100,"Pneumatic Closure BO-2,4 Comes with 65063101",EA,250.0,125.0,"Used on BO-2, BO-4",,,"BO-2, BO-4",187.5,http://www.partstown.com/ready_access/rdy85134100;sid=7_3pWz0nZMnpW2Rxsu7aVZXnKsmzwsn7r_k=
00650228,Reinforcement Angle Small,EA,7.4,3.7,"Used on BO-2, FM-1, FM-2, FM-3, FM-4",,,"BO-2, FM-1, FM-2, FM-3, FM-4",6.0,
84001501,Retro Kit - BO2 To Bo4 Convert Kit Brz,EA,1219.0,611.0,Used on BO-2,,,BO-2,926.0,
84001600,"Retro Kit - BO2,4 Elec. To Semi",EA,625.0,313.0,"Used on BO-2, BO-4",,,"BO-2, BO-4",475.0,
84000100,"Retro Kit - Bo2,4 Semi To Elec. 110V",EA,1610.0,807.0,"Used on BO-2, BO-4",,,"BO-2, BO-4",1007.0,
84000800,"Retro Kit - BO2,4 Semi To Elec. 220V",EA,1614.0,809.0,"Used on BO-2, BO-4",,,"BO-2, BO-4",1226.0,
85089300,Rollers - Top Track (Both L & R),EA,80.0,40.0,"Used on BO-2, BO-4",,,"BO-2, BO-4",60.0,http://www.partstown.com/ready_access/rdy85089300
10030026,Screw for pneumatic closer to slide,EA,0.3,0.2,"Used on BO-2, BO-4",,,"BO-2, BO-4",0.25,
10010154,Screw for Top Block,EA,0.1,0.1,"Used on BO-2, BO-4",,,"BO-2, BO-4",0.1,
85103800,"Screw Kit Shoulder Screw Kit-BO-2,4",EA,135.0,67.0,"Used on BO-2, BO-4",,,"BO-2, BO-4",102.0,http://www.partstown.com/ready_access/rdy85103800;sid=FjseRUIgPgIeRRt9HLgrS-rgsN9x5uTEeZg=
10040004,"Set Screw for Locking Plate B/O-2,4 S,.E",EA,3.0,1.0,"Used on BO-2, BO-4",,,"BO-2, BO-4",2.0,
10010204,"Shoulder Screw for BO-2,4 (Single Screw)",EA,8.6,4.3,"Used on BO-2, BO-4",,,"BO-2, BO-4",6.45,
10230102,"Shoulder Screw Spacer (Top of door between hinge and shoulder screw) BO-2,4",EA,0.4,0.2,"Used on BO-2, BO-4",,,"BO-2, BO-4",0.3,
20060017,Spring - Extension (for top track),EA,1.5,0.8,"Used on BO-2, BO-4",,,"BO-2, BO-4",1.2,
85073800,"Top Track Kit BO-2,4",EA,100.0,50.0,"Used on BO-2, BO-4",,,"BO-2, BO-4",76.0,
00651271,Upper Hinge Bearing (Door Guide),EA,20.0,10.0,Used on BO-4,,,BO-4,15.0,
20010005,Bearing - Flanged Bronze (top & bottom hinge),EA,3.0,1.5,Used on BO-4,,,BO-4,2.25,
65068101,Center Stop - Door (Bronze) BO-4,EA,30.4,15.2,Used on BO-4,,,BO-4,24.3,
65068102,Center Stop - Door (Clear) BO-4,EA,30.4,15.2,Used on BO-4,,,BO-4,24.3,
85067401,Door L/H Assy BO-4 Brz,EA,540.0,270.0,Used on BO-4,,,BO-4,410.0,
85067403,Door L/H Assy BO-4 Clr,EA,540.0,270.0,Used on BO-4,,,BO-4,410.0,
85067402,Door R/H Assy BO-4 Brz,EA,540.0,270.0,Used on BO-4,,,BO-4,410.0,
85067404,Door R/H Assy BO-4 Clr,EA,540.0,270.0,Used on BO-4,,,BO-4,410.0,
85067500,Hinge Assy BO-4,EA,174.0,87.0,Used on BO-4,,,BO-4,132.0,
85058501,Hinge Cover Bronze (BO-4),EA,54.0,27.0,Used on BO-4,,,BO-4,41.0,
85098500,Linkage Pan Assy BO-4,EA,356.0,178.0,Used on BO-4,,,BO-4,270.0,https://www.partstown.com/ready_access/rdy85098500;sid=ZZmMDOZ2FY6PDL0wbtq5Ak62BtrdIRKqJZ0=
95069000,Locking Plate BO-4 (Set Screw 10040004),EA,30.5,15.3,Used on BO-4,,,BO-4,24.4,
65108101,Upper Hinge Mounting Block - Bronze,EA,22.9,11.5,Used on BO-4,,,BO-4,18.3,
65108102,Upper Hinge Mounting Block - Clear,EA,21.5,10.8,Used on CLVW,,,CLVW,17.2,
85002520,Manual Release Handle Kit CV L/R,EA,85.0,42.0,Used on CLVW,,,CLVW,64.0,
85002510,Manual Release Handle Kit CV R/L,EA,85.0,42.0,Used on CLVW,,,CLVW,64.0,
85066000,Frame O/S Door W/Ret Rm (Frame around Doors),EA,348.0,174.0,Used on FM-1,,,FM-1,264.0,
85159502,Lock Bar FM-10 Clear,EA,202.0,101.0,Used on FM-10,,,FM-10,153.0,
85091400,"Belt FM-3,4 ( 49"" Full Length)",EA,262.0,131.0,"Used on FM-3, FM-4",,,"FM-3, FM-4",199.0,http://www.partstown.com/ready_access/rdy85091400;sid=SXw0wIVAJ2E0wNwlChwAzi2AjEhuWXGcCXg=
85089401,"Door Left Bronze FM-3,4",EA,300.0,150.0,"Used on FM-3, FM-4",,,"FM-3, FM-4",228.0,
85089403,"Door Left Clear FM-3,4",EA,300.0,150.0,"Used on FM-3, FM-4",,,"FM-3, FM-4",228.0,
85089405,"Door Left Painted FM-3,4",EA,623.0,312.0,"Used on FM-3, FM-4",,,"FM-3, FM-4",473.0,
85089402,"Door Right Bronze FM-3,4",EA,300.0,150.0,"Used on FM-3, FM-4",,,"FM-3, FM-4",228.0,
85089404,"Door Right Clear FM-3,4",EA,300.0,150.0,"Used on FM-3, FM-4",,,"FM-3, FM-4",228.0,
85089406,"Door Right Painted FM-3,4",EA,623.0,312.0,"Used on FM-3, FM-4",,,"FM-3, FM-4",473.0,
85089501,Lock Bar Bottom Bronze FM-3,EA,72.0,35.0,Used on FM-3,,,FM-3,54.0,
85089502,Lock Bar Bottom Clear FM-3,EA,72.0,35.0,Used on FM-3,,,FM-3,54.0,
85089503,Lock Bar Bottom Painted FM-3,EA,340.0,170.0,Used on FM-3,,,FM-3,258.0,
84091500,Retro Kit - Q-OS MCD Semi Auto,EA,173.0,86.0,"Used on FM-3, FM-4",,,"FM-3, FM-4",131.0,
85900002,Center Stop Clear FM-3T,EA,50.0,25.0,Used on FN-3T,,,FN-3T,37.5,
85067521,Door Left Bronze FM-3T (Tall Doors),EA,480.0,240.0,Used on FM-3T,,,FM-3T,360.0,
85067522,Door Left Clear FM-3T (Tall Doors),EA,480.0,240.0,Used on FM-3T,,,FM-3T,360.0,
85067511,Door Right Bronze FM-3T (Tall Doors),EA,480.0,240.0,Used on FM-3T,,,FM-3T,360.0,
85067512,Door Right Clear FM-3T (Tall Doors),EA,480.0,240.0,Used on FM-3T,,,FM-3T,360.0,
85070029,Hinge Cover Clear FM-3T (2 each side),EA,30.0,10.0,Used on FM-3T,,,FM-3T,15.0,
85030001,Blower Assy,EA,,,Used on RAC-22,,,RAC-22,795.0,
85091700,Auger Plastic,EA,43.0,21.0,Used on Straw,,,Straw,32.0,
85011700,Base Disp W / Speedserts,EA,100.0,50.0,Used on Straw,,,Straw,75.0,
00650116,Cylinder (Clear Plastic),EA,40.0,20.0,Used on Straw,,,Straw,30.0,
85091800,Dome W/Door Assy --NO MORE IN STOCK,EA,91.0,45.0,Used on Straw,,Discontinued / no stock,Straw,69.0,
10130045,Nut - Locking Hex - 1/4 x 20,EA,0.1,0.05,Used on Straw,,,Straw,0.1,
50020017,Nyliner 3/8 ID Snap-In Type 7,EA,3.4,1.7,Used on Straw,,,Straw,2.55,
20200044,"Plug - Button 5/8"" dia hole",EA,1.9,1.0,Used on Straw,,,Straw,1.6,
20200045,"Plug - Button 7/32"" dia hole",EA,1.6,0.8,Used on Straw,,,Straw,1.2,
00650122,Shaft,EA,20.7,10.4,Used on Straw,,,Straw,16.5,
00650187,Spacer Tube,EA,12.0,6.0,Used on Straw,,,Straw,8.0,
10050003,Thumb Screw - #10-32 Thumb Screw,EA,0.5,0.25,Used on Straw,,,Straw,0.35,
10280004,Truarc Ring,EA,0.1,0.1,Used on Straw,,,Straw,0.1,
10230023,"Washer - Flat 1/4"" ID",EA,0.1,0.05,Used on Straw,,,Straw,0.1,
10230020,"Washer - Flat 3/8"" ID",EA,0.1,0.05,,,,,0.1,
00650119,Wheel Dispenser,EA,14.1,7.1,,,,,11.3,
85079102.,Center Stop Clear BO-2,EA,27.0,13.0,,,,,20.0,
