Part Number,Description,UOM,List Price,Net Price,Category,Manufacturer Part,Notes,Addison Price,Door Controls Price,Best Source
102-019808221,"Transformer, 115V, Sliding, System 20",EACH,337.0,228.91,,,,,193.78,193.78
102-020808406,"CABLE, CANBUS, 8'2"" (2500mm) RIC290",EACH,79.0,53.66,,,,,,53.66075
102-020808415,"Electric Lock, VRR 20 Motorized",EACH,651.0,442.19,,,,,,442.19175
102-020808482,"Module, Expansion (FEM0)",EACH,1228.0,834.12,,,,,1129.76,834.119
102-020808513,"Mounting Set, VRR Lock Microswitch&Hardware",EACH,166.0,112.76,,,,,,112.7555
102-020808757,"Manual Unlock Handle, VRR 20 Emergency Exit",EACH,354.0,240.45,,,,,,240.45449999999997
102-020808805,"Harness, Encoder 1750mm",EACH,99.0,67.25,,,,,,67.24575
102-032136,"Wire Rope, 1.5mm",FT,7.0,4.75,,,,,,4.75475
102-032167,"Cable Sheath, 8mm VRR 20 Lock",FT,3.0,2.04,,,,,,2.03775
102-126049,"Push Arm Extension, 345mm, CL (S8100/S6100 Operator)",EACH,35.0,23.77,,,,,32.2,23.77375
102-126051,"Push Arm Extension, 230mm, CL (S8100/S6100 Operator)",EACH,35.0,23.77,,,,,,23.77375
102-126521,"Push Arm Extension, 230mm, DB (S8100/S6100 Operator)",EACH,35.0,23.77,,,,,,23.77375
102-126527,"Push Arm Extension, 345mm, DB (S8100/S6100 Operator)",EACH,35.0,23.77,,,,,,23.77375
102-127812723,"Battery Pack DFA 127 In 6"" Casing(header assy.)",EACH,1424.0,967.25,,,,,,967.252
102-127812724,Kit Battery Pack DFA 127,EACH,789.0,535.93,,,,,,535.9282499999999
102-127816013,"Adaptor, Drive Arm, 20mm, CL (S8100/S6100 Operator)",EACH,167.0,113.43,,,,131.0,153.64,113.43475
102-127816014,"Adaptor, Drive Arm, 35mm, CL (S8100/S6100 Operator)",EACH,176.0,119.55,,,,132.0,161.92,119.548
102-127816016,"Adaptor, Drive Arm, 50mm, CL (S8100/S6100 Operator)",EACH,167.0,113.43,,,,126.0,153.64,113.43475
102-127816017,"Adaptor, Drive Arm, 80mm, CL (S8100/S6100 Operator)",EACH,173.0,117.51,,,,130.0,159.16,117.51025
102-127816028,"Arm Assembly, Slide, Clear",EACH,1090.0,740.38,,,,464.1,1002.8,464.1
102-127816078,"Arm Assembly, Offset Slide, LH, Clear",EACH,1090.0,740.38,,,,722.5,1002.8,722.5
102-127816079,"Arm Assembly, Offset Slide, RH, Clear",EACH,1090.0,740.38,,,,,1002.8,740.3824999999999
102-127816085,"Adaptor, Drive Arm, 20mm, DB (S8100/S6100 Operator)",EACH,214.0,145.36,,,,,,145.3595
102-127816086,"Adaptor, Drive Arm, 35mm, DB (S8100/S6100 Operator)",EACH,214.0,145.36,,,,,196.88,145.3595
102-127816087,"Adaptor, Drive Arm, 50mm, DB (S8100/S6100 Operator)",EACH,214.0,145.36,,,,,196.88,145.3595
102-127816089,"Adaptor, Drive Arm, 80mm, DB (S8100/S6100 Operator)",EACH,214.0,145.36,,,,,,145.3595
102-127816110,"Arm Assembly, Slide, Dark Bronze",EACH,1094.0,743.1,,,,,629.05,629.05
102-127816111,"Arm Assembly, Offset Slide, LH, Dark Bronze",EACH,1094.0,743.1,,,,,,743.0994999999999
102-127816112,"Arm Assembly, Offset Slide, RH, Dark Bronze",EACH,1094.0,743.1,,,,697.0,,697
102-290808880,"Weather Shield,RIC290 Alu neutral anodized",EACH,410.0,278.49,,,,,235.75,235.75
102-401392,"RC-Swing MS1200BL Sensor OnDoor Presence, CANbus",EACH,1819.0,1235.56,,,,,,1235.55575
1025017,Push Side Doorstop Kit (HA7-100/HA7-200) **NON-STK**,EACH,58.0,39.4,,,,,,39.3965
102-902813766,Can Cable for WiDi L=180mm,EACH,71.0,48.23,,,,,,48.226749999999996
202-003118818,"Bracket, Belt Clasp, 17mm",EACH,96.0,65.21,,,,,,65.208
202-003118819,"Bracket, Belt Base, 21mm",EACH,100.0,67.92,,,,,,67.925
202-003118824,"Bracket, Drive Components Conversion Kit,Stanley,2000",EACH,590.0,400.76,,,,,,400.7575
202-003118839,"Plate, Spacer, Drive Component Conversion Kit, Stanley, 2000",EACH,126.0,85.59,,,,,,85.5855
202-003118840,"Bracket, Belt Clamp, Secondary Conversion Kit, Stanely, 2000",EACH,196.0,133.13,,,,,,133.133
202-003118841,"Bracket, Belt Clamp, Primary, Conversion Kit, Stanely, 2000",EACH,196.0,133.13,,,,,,133.133
202-003118845,"Set Screw, 1/2-20 x 1 inch Cup Point",EACH,17.0,11.55,,,,,,11.54725
202-003118853,"Square Nut, 3/8-16 x 5/8 inch",EACH,3.0,2.04,,,,,,2.03775
202-003118855,"Plate, Mounting,Elct. Comp. Conversion Kit, Stanely, 2000",EACH,311.0,211.25,,,,,,211.24675
202-003118872,"Extension Cable, Rx, M8, Male-Female, Gray",EACH,46.0,31.25,,,,,,31.2455
202-003118873,"Extension Cable, Tx, M8, Male-Female, Black",EACH,46.0,31.25,,,,,,31.2455
202-003119011,"All Glass Door Seal Channel, Clear",EACH,169.0,114.79,,,,,,114.79325
202-003119020,"Bracket, Ball Catch, Panic Modified, RH",EACH,18.0,12.23,,,,,,12.2265
202-003119267,"Dust Proof Keeper, CRL",EACH,67.0,45.51,,,,,61.64,45.509750000000004
202-003120592,"Wire Assembly, Ground Ring Tongue to Ring Tounge 36""",EACH,5.0,3.4,,,,,,3.3962499999999998
202-003120622,"Washer, 1in OD, 625in ID Rubber",EACH,1.0,0.68,,,,,,0.67925
202-003121062,"End Cap, Cover, 4.25 Header Automatic Series",EACH,127.0,86.26,,,,,,86.26474999999999
202-003121225,"Module, Extended FEM1",EACH,1561.0,1060.31,,,,,,1060.30925
202-003121449,"Sensor, Saftey, IXIO-ST, BEA **DROP SHIP**",EACH,346.0,235.02,,,,,,235.0205
202-003121688,"RIC290 Sensor, Ceiling Mount | Version **Drop Ship**",EACH,803.0,545.44,,,,,,545.43775
202-003121695,"Bracket, Header Mounting, LH 4.25 Low Pro Header",EACH,113.0,76.76,,,,,,76.75525
202-003121696,"Bracket, Header Mounting, RH 4.25 Low Pro Header",EACH,113.0,76.76,,,,,,76.75525
202-003121697,"Bracket, Cover Support 4.25 Low Pro Header",EACH,154.0,104.6,,,,,,104.6045
202-003121716,"Block, TBG, Heel Guide",EACH,289.0,196.3,,,,,,196.30325
202-003121744,"Bracket, Sidelite Strike Flushbolt",EACH,51.0,34.64,,,,,,34.641749999999995
202-003121745,"Connector, CAN End Plug",EACH,42.0,28.53,,,,29.75,,28.528499999999998
202-003121952,"Bracket, Belt Clamp, 5800",EACH,61.0,41.43,,,,,,41.43425
202-003122171,"Flushbolt, Two Way, MS880 Adams Rite 1880",EACH,960.0,652.08,,,,,,652.0799999999999
202-003122274,"Bracket, Electric Lock, VRR 20",EACH,126.0,85.59,,,,,,85.5855
202-003122353,"BEA Jamb Mounted Touchless Activation, 10MS41J",EACH,723.0,491.1,,,,,,491.09774999999996
202-003122382,"Bracket, VRR Cables",EACH,125.0,84.91,,,,,,84.90625
202-003122446,"Crimp, .0625Wire, .375long",EACH,2.0,1.36,,,,,,1.3585
202-003123555,"Bracket, UHEP Jamb, Front HDR",EACH,108.0,73.36,,,,,,73.359
202-003123556,"Bracket, UHEP Jamb, Back HDR",EACH,116.0,78.79,,,,,,78.793
202-003123564,"Bracket,Jamb Threshold Mount",EACH,19.0,12.91,,,,,,12.90575
202-003123633,"Spacer, 1.25 x 1 x .25, Al",EACH,4.0,2.72,,,,,,2.717
202-003123738,"Bumper Pad,Adhesive Back Cut-to-Length 2""",EACH,1.0,0.68,,,,,,0.67925
202-003124272,"Screw, 1/4-14 X 1/2"",Phillips, Pan, SMS, Type B, Zinc",EACH,5.0,3.4,,,,,,3.3962499999999998
202-003124834,"Kit, Vestibule Pkg 900 Push Plates, RF",EACH,1492.0,1013.44,,,,,,1013.441
202-003124835,"4.5"" BEA SQ SS Push Plate Package - 900 Mhz Wireless ""Push To Open"" EACH",EACH,844.0,573.29,,,,,,573.287
202-003125230-4,"Strip, Straight, Short, Brush and Holder, 4in",EACH,11.0,7.47,,,,,10.12,7.47175
202-003125233,"Dongle, i-record WiDi included",EACH,789.0,535.93,,,,,,535.9282499999999
202-003125413,"Mounting Tape, 3M VHB, | .5"" Wide",FT,6.0,4.08,,,,,,4.0755
202-003125484,"Bracket, Lock Strike, Standard",EACH,51.0,34.64,,,,,,34.641749999999995
202-003125517,"Bracket, Lock Strike, Telescope",EACH,62.0,42.11,,,,,92.0,42.1135
202-003128082,"BEA SS Single Gang Battery Powered MS51 ""Wave To Open"" Text & Han EACH",EACH,1218.0,827.33,,,,,,827.3265
202-003812205,"Motordrive-Plate Assembly System 20, with Brake",EACH,2901.0,1970.5,,,,,,1970.50425
202-003812218,"Kit, Conversion,Stanley 2000 Series, Locking (SN)",EACH,6575.0,4466.07,,,,,6049.28,4466.068749999999
202-003812265,PIN GUIDE ASSEMBLY 5200 FULL BREAKOUT SERIES,EACH,104.0,70.64,,,,,,70.64200000000001
202-003812714,"Kit, Conversion, Stanley, 2000 Series, Standard (SN)",EACH,5642.0,3832.33,,,,,5191.19,3832.3285
202-003813049,"Control Module, Display with Long Cable",EACH,829.0,563.1,,,,,,563.09825
202-003813999,"Bottom Guide, NBO, Floor Mounted",EACH,22.0,14.94,,,,,,14.9435
202-003814184,"Bottom Guide Ass'y, TBG Max Open, RH",EACH,303.0,205.81,,,,,,205.81275
202-003814185,"Bottom Guide Ass'y, TBG Max Open, LH",EACH,303.0,205.81,,,,,,205.81275
202-003814202,"Assy, Electric Lock, VRR 20, Motorized",EACH,1031.0,700.31,,,,,,700.30675
202-003814817,"Bracket,Flushbolt-Magnet& Switch Assembly",EACH,113.0,76.76,,,,,,76.75525
202-003814848,"Kit, UHEP Jamb, Back HDR",EACH,125.0,84.91,,,,,,84.90625
202-003814849,"Kit, UHEP Jamb, Front HDR",EACH,114.0,77.43,,,,,,77.4345
202-003814850,"Kit, Jamb, Threshold Mount",EACH,25.0,16.98,,,,,,16.98125
202-003815622,"Kit, ElectroMechanical Locking Device w/Override (5800)",EACH,1997.0,1356.46,,,,,,1356.4622499999998
202-003815662,"Seal Assembly,FBO All Glass Over 87""",EACH,400.0,271.7,,,,,,271.7
202-003815700,"Seal Assembly,FBO All Glass Under 87""",EACH,214.0,145.36,,,,,196.88,145.3595
202-003815706,"VRR 51 Lock, Electric, Fail Secure",EACH,894.0,607.25,,,,,,607.2495
202-003815707,"VRR 51 Lock, Electric, Fail Safe",EACH,894.0,607.25,,,,,,607.2495
202-003815735,"VRR 51 Lock Kit, Bi-part, Fail Safe",EACH,2026.0,1376.16,,,,1581.0,1863.92,1376.1605
202-003815736,"VRR 51 Lock Kit, Bi-part, Fail Secure",EACH,2026.0,1376.16,,,,1581.0,1863.92,1376.1605
202-003815737,"VRR 51 Lock Kit, Bi-Part, Fail Safe, Telescope",EACH,2026.0,1376.16,,,,,1863.92,1376.1605
202-003815738,"VRR 51 Lock Kit, Bi-part Fail Secure, Telescope",EACH,2026.0,1376.16,,,,,1863.92,1376.1605
202-003815747,"VRR 51 Lock, Electric, Fail Secure, Monitored",EACH,894.0,607.25,,,,,,607.2495
202-003815775,"Kit, Security Monitor Switch",EACH,22.0,14.94,,,,,,14.9435
202-003815978,"VRR 51 Lock, Electric, Fail Safe, Monitored",EACH,894.0,607.25,,,,,,607.2495
202-003816316,Transom Sag Rod Hardware Kit (Threaded Rod Sold Separately),EACH,270.0,183.4,,,,,,183.39749999999998
202-003816638,SA Floor Clip Kit,EACH,37.0,25.13,,,,,,25.13225
202-004119287CL,"Cover (5800), 4.25"" 24' Length",FT,35.0,23.77,,,,,,23.77375
202-004124191,"Strike, Positive Latch SS/CR",EACH,9.0,6.11,,,,,,6.11325
202-004126970,"Pin, Positive Latch (0.2 X 1.2 Long, 12-24 Threads",EACH,6.0,4.08,,,,,,4.0755
202-005118899,"BEA Bollard Mounting Post, Silver *DROPSHIP*",EACH,817.0,554.95,,,,,,554.94725
202-005118900,"BEA Bollard Mounting Post, Black *DROPSHIP*",EACH,817.0,554.95,,,,,,554.94725
202-005118901,"BEA Bollard Mounting Post, Dark Bronze *DROP SHIP*",EACH,817.0,554.95,,,,,,554.94725
202-005118905,"Touchless Activation MS11 ""SS"" Single""Wave to Open (OBSOLETE)",EACH,728.0,494.49,,,,,,494.49399999999997
202-005118906,"Touchless Activation,MS11,""SS"" Double""Wave to Open"" OBSOLETE",EACH,768.0,521.66,,,,,,521.664
202-005118907,BEA Black Single & Double Gang MS31 Text & Hand Logo,EACH,717.0,487.02,,,,,,487.02225
202-005118908,BEA Gray Single & Double Gang MS31 Text & Hand Logo,EACH,717.0,487.02,,,,,,487.02225
202-005118910,"Surface Mount Box,BEA for 4.5x4.5 Push Plates",EACH,79.0,53.66,,,,,,53.66075
202-005118914,"BEA Push Plate, Jamb SS,HC Push to Open",EACH,128.0,86.94,,,,,70.52,70.52
202-005120781,"Bearing Block, Pivot, Heavy Duty",EACH,36.0,24.45,,,,,,24.453
202-005121570,"End Cap, Header, 8000, BDED Cut-out, Simple Swing",EACH,42.0,28.53,,,,,,28.528499999999998
202-005121578,"Bracket, Header to Jamb, BDED Simple Swing, Left Hand",EACH,36.0,24.45,,,,,,24.453
202-005121579,"Bracket, Header to Jamb, BDED Simple Swing, Right Hand",EACH,36.0,24.45,,,,,,24.453
202-005122379,BEA 10BR3X 3-Relay Logic | module,EACH,304.0,206.49,,,,,,206.492
202-005123256,"LZR FLATSCAN SWB,BEA,kit,black OnDoor Presence Sensors,Mon.",EACH,2578.0,1751.11,,,,,,1751.1064999999999
202-005124243,"4.5""x4.5"" BEA Black SQ Push Plate Flush Mounting Box",EACH,98.0,66.57,,,,,,66.5665
202-005124412,CM-330 Battery Powered Hands- free Surewave Switch,EACH,831.0,564.46,,,,,,564.4567499999999
202-005124413,CM-RX90 Wireless Reciever,EACH,262.0,177.96,,,,,,177.9635
202-005124604,"Mounting Block, HD Pivot, Shim medium stile",EACH,19.0,12.91,,,,,,12.90575
202-005124934,"BEA 10IRA, Ixio Deluxe Rain Cover",EACH,192.0,130.42,,,,,,130.416
202-005125285,"Kit, Activation, Restroom Kit, BEA, Wireless **DROP SHIP**",EACH,711.0,482.95,,,,,,482.94675
202-005125437,"BEA SS Single Gang MS41 ""Wave To Open"" Text & Hand Logo",EACH,735.0,499.25,,,,,,499.24875
202-005125438,"BEA SS Single Gang MS41 ""Wave To Open"" Text & Hand Logo",EACH,770.0,523.02,,,,,,523.0224999999999
202-005126121,"Bracket, Display Mount, Internal",EACH,58.0,39.4,,,,,,39.3965
202-005127521,Simpleswing Spindle Cover,EACH,9.0,6.11,,,,,,6.11325
202-00518912,"BEA Surface Mount Box 1.5 x 4.75"" 10BOXJAMBSM",EACH,57.0,38.72,,,,,,38.71725
202-005812190,"Kit, 8600 Sensors, Single Door *DROP SHIP* 10LZRMICROSCAN1690",EACH,3637.0,2470.43,,,,,,2470.43225
202-005812191,Kit8600SensorsDbleDoorDROPSHIP 2-10EAGLES 10LZRMICROSCAN26EACH,EACH,5196.0,3529.38,,,,,,3529.383
202-005812192,"Kit, 8600 Sensor,Double-Egress 10LZRMICROSCAN2DE690 DROP SHIP EACH",EACH,7881.0,5353.17,,,,,,5353.16925
202-005812669,"Pivot, Bottom, Assembly, HD Surface Applied w/o Threshold",EACH,500.0,339.62,,,,,,339.625
202-005816400,"Kit, Standard Arm, CL (S8100/S6100 Operator)",EACH,707.0,480.23,,,,428.4,812.91,428.4
202-005816402,"Kit, Standard Arm, DB (S8100/S6100 Operator)",EACH,844.0,573.29,,,,,776.48,573.287
202-102117704,"Wrench, 17mm, Sheetmetal",EACH,42.0,28.53,,,,,,28.528499999999998
202-127962,0562 Dome Plug,EACH,2.0,1.36,,,,,,1.3585
202-128102,"Nylon Plastic Snap, 3-Point Locking",EACH,1.0,0.68,,,,,,0.67925
2-45-0001,"Screw Pack, Pivot Bearing Base",EACH,10.0,6.79,,,,,,6.7924999999999995
2-45-0002,"Screw Pack, Threshold",EACH,8.0,5.43,,,,,,5.434
2-45-0003-CL,"Screw Pack, Pull Handle",EACH,3.0,2.04,,,,,,2.03775
2-45-0003-DB,"Screw Pack, Pull Handle",EACH,5.0,3.4,,,,,,3.3962499999999998
2-51-0001,"Screw Pack, Single & Bipart",EACH,49.0,33.28,,,,,,33.28325
2-51-0001-BL,"Screw Pack, Cart Bars / Push Bars",EACH,6.0,4.08,,,,,,4.0755
2-51-0001-CL,"Screw Pack, Cart Bars / Push Bars",EACH,5.0,3.4,,,,,,3.3962499999999998
2-51-0003,"Screw Pack, Transom",EACH,7.0,4.75,,,,,,4.75475
2-81-0001,"Screw Pack, DFA Single",EACH,10.0,6.79,,,,,,6.7924999999999995
2-82-0002,"Screw Pack, SS/Square DFA Dual",EACH,4.0,2.72,,,,,,2.717
330001207,Pull Door Stop (HA7100-HA7200) **NON-STK**,EACH,58.0,39.4,,,,,,39.3965
4-06-0010-CL,"Glass Retention, 1/4"", Sqr Clear Anodized",FT,14.0,9.51,,,,,,9.5095
4-06-0010-DB,"Glass Retention, 1/4"", Sqr Dark Bronze Anodized",FT,16.0,10.87,,,,,,10.868
4-06-0011-CL,"Glass Retention, 1/4"", Bev Clear Anodized",FT,12.0,8.15,,,,,,8.151
4-06-0011-DB,"Glass Retention, 1/4"", Bev Dark Bronze Anodized",FT,14.0,9.51,,,,,,9.5095
4-06-0012-CL,"Glass Retention, 3/8"", Sqr Clear Anodized",FT,18.0,12.23,,,,,,12.2265
4-06-0012-DB,"Glass Retention, 3/8"", Sqr Dark Bronze Anodized",FT,19.0,12.91,,,,,,12.90575
4-06-0013-CL,"Glass Retention, 1/2"", Sqr (9/16"", 5/8"") Clear Anodized",FT,20.0,13.58,,,,,,13.584999999999999
4-06-0013-DB,"Glass Retention, 1/2"", Sqr (9/16"", 5/8"") Dark Bronze Ano",FT,22.0,14.94,,,,,,14.9435
4-06-0014-CL,"Glass Retention, 3/4"", Sqr Clear Anodized",FT,16.0,10.87,,,,,,10.868
4-06-0014-DB,"Glass Retention, 3/4"", Sqr Dark Bronze Anodized",FT,19.0,12.91,,,,,,12.90575
4-06-0015-CL,"Glass Retention, 1"", Sqr Clear Anodized",FT,13.0,8.83,,,,,,8.830250000000001
4-06-0015-DB,"Glass Retention, 1"", Sqr Dark Bronze Anodized",FT,16.0,10.87,,,,,,10.868
4-10-1010,"Nut, Door Adjustment",EACH,26.0,17.66,,,,,,17.660500000000003
4-11-0432,"Angle Ass'y., Sidelite Pivot (Top) - L.H.",EACH,73.0,49.59,,,,55.25,63.11,49.58525
4-11-0433,"Angle Ass'y., Sidelite Pivot (Top) - R.H.",EACH,73.0,49.59,,,,55.25,67.16,49.58525
4-11-0434,"Angle Ass'y., Sidelite Pivot (Bottom) - L.H.",EACH,75.0,50.94,,,,55.25,69.0,50.943749999999994
4-11-0435,"Angle Ass'y., Sidelite Pivot (Bottom) - R.H.",EACH,75.0,50.94,,,,55.25,69.0,50.943749999999994
4-11-0436,"Angle Ass'y., Sidelite Pivot (Top) - L.H. Medium Stile",EACH,77.0,52.3,,,,,,52.30225
4-11-0437,"Angle Ass'y., Sidelite Pivot (Top) - R.H. Medium Stile",EACH,77.0,52.3,,,,,,52.30225
4-11-0438,"Angle Ass'y., Sidelite Pivot (Bottom) - L.H. Medium Stile",EACH,73.0,49.59,,,,,,49.58525
4-11-0439,"Angle Ass'y., Sidelite Pivot (Bottom) - R.H. Medium Stile",EACH,73.0,49.59,,,,,,49.58525
4-11-0459,Pin Guide Ass'y.- RBO Units (Reverse Breakout),EACH,108.0,73.36,,,,,,73.359
4-11-0469,Pin Guide Ass'y. (Parts Orders),EACH,162.0,110.04,,,,52.7,93.15,52.7
4-11-0470,Sway Guide Ass'y. - L.H. (Parts Orders),EACH,408.0,277.13,,,,130.05,221.15,130.05
4-11-0471,Sway Guide Ass'y. - R.H. (Parts Orders),EACH,408.0,277.13,,,,130.05,221.15,130.05
4-11-1031,"Pin, Sidelite Pivot (Bottom)",EACH,35.0,23.77,,,,26.35,32.2,23.77375
4-11-1052,"Plate, Lock Strike",EACH,22.0,14.94,,,,,,14.9435
4-11-1078,"Stud, Bottom Guide Roller",EACH,34.0,23.09,,,,,31.28,23.0945
4-11-1082,"Plate, Backer",EACH,18.0,12.23,,,,,16.56,12.2265
4-11-1085,"Angle, Sidelite Pivot (Bottom)",EACH,21.0,14.26,,,,,48.32,14.264249999999999
4-11-1086,"Angle, Sidelite Pivot (Top)",EACH,73.0,49.59,,,,,67.16,49.58525
4-11-4093,"Bracket, Alarm Contact Switch",EACH,11.0,7.47,,,,,,7.47175
4-11-4095-DB,Interlock (Mach),EACH,11.0,7.47,,,,,,7.47175
4-11-4096,"Block, Shear (Machined) - SB1",EACH,10.0,6.79,,,,,,6.7924999999999995
4-11-4097,"Block, Shear (Machined) - SB2",EACH,12.0,8.15,,,,,,8.151
4-11-4098,"Block, Shear (Machined) - SB3",EACH,12.0,8.15,,,,,,8.151
4-11-4303,"Bracket, Top Pivot (PP/SA ACCESS PANEL)",EACH,52.0,35.32,,,,,,35.321000000000005
4-12-0470,Sway Guide Ass'y. - L.H. Tele (Parts Orders),EACH,405.0,275.1,,,,,,275.09625
4-12-0471,Sway Guide Ass'y. - R.H. Tele (Parts Orders),EACH,405.0,275.1,,,,,232.88,232.88
4-19-0025,Transfer Pivot Ass'y. Trackless ICU,EACH,239.0,162.34,,,,,219.88,162.34074999999999
4-19-0026,Bottom Guide Ass'y. - LH Trackless ICU,EACH,358.0,243.17,,,,228.65,329.36,228.65
4-19-0027,Bottom Guide Ass'y. - RH Trackless ICU,EACH,358.0,243.17,,,,228.65,329.36,228.65
4-19-1007,"Pin, Sidelite Pivot (Bottom) Trackless ICU/CCU",EACH,49.0,33.28,,,,,45.08,33.28325
4-19-1015,"Stop Link, Sidelite (SLW < 40"")",EACH,50.0,33.96,,,,,,33.9625
4-19-1016,"Stop Link, Sidelite (FOR SLW > 40"")",EACH,50.0,33.96,,,,,43.15,33.9625
4-19-1017,"Stop Track, Sidelite (SLW < 40"")",EACH,65.0,44.15,,,,,,44.15125
4-19-1018,"Stop Track, Sidelite (SLW > 40"")",EACH,81.0,55.02,,,,,74.52,55.01924999999999
4-19-1019,"Block, Stop",EACH,6.0,4.08,,,,,5.52,4.0755
4-19-1020,"Angle, Sidelite Pivot (Bottom) Trackless ICU",EACH,79.0,53.66,,,,,,53.66075
4-19-4062,"Bracket, B.Guide-LH-T/less ICU",EACH,43.0,29.21,,,,,,29.207749999999997
4-19-4063,"Bracket, B. Guide-RH T/less ICU",EACH,43.0,29.21,,,,,,29.207749999999997
4-19-7001,"Stud, Transfer Pivot ICU Trackless",EACH,77.0,52.3,,,,,,52.30225
4-19-9001,"Block, Bottom Door Pivot Trackless ICU",EACH,135.0,91.7,,,,113.9,,91.69874999999999
4-20-1090,"Stud, Slide Arm",EACH,20.0,13.58,,,,,17.11,13.584999999999999
4-24-9003,Slide Block,EACH,70.0,47.55,,,,48.45,,47.5475
4-40-0028-HD,"Bottom Pivot Assembly, HD 1/2"" x 4 1/2"" Threshold",EACH,504.0,342.34,,,,,463.68,342.342
4-40-0029-HD,"Bottom Pivot, Assembly, HD 1/2"" x 7"" Threshold",EACH,516.0,350.49,,,,,474.72,350.493
4-40-0310-CL,Pull Handle Ass'y.,EACH,99.0,67.25,,,,,,67.24575
4-40-0310-DB,Pull Handle Ass'y.,EACH,99.0,67.25,,,,,,67.24575
4-40-1002,"Plate,Backer, Door Interlock Hurricane Door",EACH,17.0,11.55,,,,,,11.54725
4-40-4099,"Spacer, Arm DO NOT REORDER",EACH,122.0,82.87,,,,,112.24,82.8685
4-45-0013,Terminal Block Ass'y.,EACH,29.0,19.7,,,,,,19.69825
4-45-0015,Bottom Pivot Ass'y.,EACH,500.0,339.62,,,,332.35,,332.35
4-45-0016,Guide Roller Ass'y.,EACH,203.0,137.89,,,,134.3,186.76,134.3
4-45-0022-BL,"Hinge Pivot Ass'y.-Config ""A"" Parts Orders Only",EACH,342.0,232.3,,,,227.8,,227.8
4-45-0023-BL,"Hinge Pivot Ass'y.-Config. ""B"" Parts Orders Only",EACH,342.0,232.3,,,,227.8,,227.8
4-45-0100,"Electric Lock Ass'y., In-Panel Fold Lock",EACH,546.0,370.87,,,,,,370.8705
4-45-0501,"Harness, Elec. lock Sequencer",EACH,46.0,31.25,,,,,,31.2455
4-45-0801,"Kit, Sensor Package, BEA 1 S4500 Folding Door",EACH,2550.0,1732.09,,,,,,1732.0874999999999
4-45-0803,"Kit, Sensor Package, Optex 1 S4500 Folding Door",EACH,2627.0,1784.39,,,,,,1784.3897499999998
4-45-0808,"Kit, In-Panel Electric Lock S4500 Folding Door",EACH,1169.0,794.04,,,,,,794.04325
4-45-0809,"Kit,Panel Lock|Breakout 4500 Autolock Folding Door",EACH,5620.0,3817.38,,,,,,3817.3849999999998
4-45-1001,"Bracket, Header-To-Jamb",EACH,52.0,35.32,,,,,,35.321000000000005
4-45-1002,"End Cap, Header",EACH,59.0,40.08,,,,,,40.07575
4-45-1003,"Bracket, Cover Attachment",EACH,24.0,16.3,,,,,,16.302
4-45-1004,"Plate, Backer (Pivot Stile)",EACH,21.0,14.26,,,,,,14.264249999999999
4-45-1006,"Cap, Pivot Stile",EACH,32.0,21.74,,,,,,21.736
4-45-1009,"Spacer, Electric Lock",EACH,43.0,29.21,,,,,,29.207749999999997
4-45-4011-BL,"Base, Pivot Bearing",EACH,122.0,82.87,,,,80.75,,80.75
4-45-4012,"Spacer, Top Pivot Arm",EACH,54.0,36.68,,,,36.55,,36.55
4-45-9001,"Seal, Hinge Stile (8ft/Stick)",PIECE,151.0,102.57,,,,,138.92,102.56675
4-45-9003,"Bumper, Door Open Stop",EACH,42.0,28.53,,,,,24.15,24.15
4-49-1001,"Bracket, Header Mounting",EACH,26.0,17.66,,,,,,17.660500000000003
4-49-1002,"Arm, Drive",EACH,338.0,229.59,,,,,310.96,229.5865
4-49-4001-MF,"End Cap, Push Bar",EACH,2.0,1.36,,,,,,1.3585
4-49-4002-BL,Push Bar Machining,EACH,99.0,67.25,,,,,,67.24575
4-51-0001,"Weldment, Torque Bar 202-003816280",EACH,312.0,211.93,,,,,287.04,211.926
4-51-0003,"Carrier Ass'y, Lower Belt",EACH,385.0,261.51,,,,284.75,354.2,261.51124999999996
4-51-0004,"Carrier Ass'y, Upper Belt",EACH,375.0,254.72,,,,275.4,345.0,254.71874999999997
4-51-0006,Idler Pulley Ass'y.,EACH,204.0,138.57,,,,151.3,187.68,138.56699999999998
4-51-0007,"Bracket Ass'y., Upper Sidelite Pivot - L.H. (Parts Orders)",EACH,36.0,24.45,,,,69.7,57.42,24.453
4-51-0008,"Bracket Ass'y., Upper Sidelite Pivot - R.H. (Parts Orders)",EACH,36.0,24.45,,,,69.7,57.42,24.453
4-51-0009,"Bracket Ass'y., Sidelite Strike",EACH,68.0,46.19,,,,,62.56,46.189
4-51-0010,"Plate Ass'y., Terminal Block",EACH,38.0,25.81,,,,,,25.8115
4-51-0011,Torque Bar Ass'y. - SX Panels,EACH,230.0,156.23,,,,,211.6,156.2275
4-51-0012,"Carrier Ass'y., Slave",EACH,352.0,239.1,,,,260.95,202.4,202.4
4-51-0013,Door Catch Ass'y. - L.H.,EACH,78.0,52.98,,,,,167.44,52.9815
4-51-0014,Door Catch Ass'y. - R.H.,EACH,78.0,52.98,,,,,167.44,52.9815
4-51-0015,Interlock Ass'y. - L.H. Parts orders only,EACH,108.0,73.36,,,,79.9,99.36,73.359
4-51-0016,Interlock Ass'y. - R.H. Parts orders only,EACH,108.0,73.36,,,,79.9,99.36,73.359
4-51-0017,"Plate Sub-Ass'y., Carrier Roller",EACH,81.0,55.02,,,,,,55.01924999999999
4-51-0018,"Carrier Ass'y., Telescope Primary Door, Slave",EACH,421.0,285.96,,,,,387.32,285.96425
4-51-0019,"Carrier Ass'y., Telescope Primary Door, Belt",EACH,486.0,330.12,,,,,447.12,330.1155
4-51-0020,Door Stop Ass'y.,EACH,21.0,14.26,,,,,19.32,14.264249999999999
4-51-0022,"Slave Pulley Ass'y. ""B"" (Leading End)",EACH,286.0,194.27,,,,,,194.2655
4-51-0023,"Slave Pulley Ass'y. ""A"" (Leading End)",EACH,286.0,194.27,,,,,263.12,194.2655
4-51-0024,"Slave Pulley Ass'y. ""B"" (Pivot End)",EACH,286.0,194.27,,,,,263.12,194.2655
4-51-0025,"Slave Pulley Ass'y. ""A"" (Pivot End)",EACH,286.0,194.27,,,,,248.31,194.2655
4-51-0028,Toe Roller Ass'y.,EACH,135.0,91.7,,,,,124.2,91.69874999999999
4-51-0093,Bottom Guide Ass'y. (Hurricane Rated Sliders),EACH,387.0,262.87,,,,250.75,227.13,227.13
4-51-0093-CL,"Bottom Guide Ass'y., Hurricane Rated Slider, w/CL Hardware",EACH,395.0,268.3,,,,,,268.30375
4-51-0093-DB,"Bottom Guide Ass'y., Hurricane Rated Slider, w/DB Hardware",EACH,395.0,268.3,,,,,,268.30375
4-51-0095,Roller Catch Ass'y.,EACH,81.0,55.02,,,,55.25,80.52,55.01924999999999
4-51-0096,Roller Catch & Panic Switch Magnet Ass'y.,EACH,94.0,63.85,,,,90.0,86.48,63.8495
4-51-0099,"Seal, Sway Rail End Cap",EACH,15.0,10.19,,,,,,10.188749999999999
4-51-0105,"Control Module, Dual Rocker Switch",EACH,950.0,645.29,,,,797.3,874.0,645.2874999999999
4-51-0106,"Control Module, Rocker/Key Switch",EACH,950.0,645.29,,,,,874.0,645.2874999999999
4-51-0141,"Housing Ass'y., Power Supply Sub-Ass'y Part",EACH,32.0,21.74,,,,,,21.736
4-51-0142,"Power Supply Ass'y (5100 Ser.) 110 v, System 20",EACH,595.0,404.15,,,,539.0,,404.15374999999995
4-51-0144,Motordrive / Plate Ass'y. (System 20),EACH,2693.0,1829.22,,,,,2477.56,1829.2202499999999
4-51-0150,Pin Guide Threshold Ass'y.- LH,EACH,293.0,199.02,,,,,,199.02025
4-51-0151,Pin Guide Threshold Ass'y.- RH,EACH,293.0,199.02,,,,,,199.02025
4-51-0165-BL,"Seal, Door Bottom (Clean Room) BLACK ANO-FROM 9-99-5426 W/0",EACH,189.0,128.38,,,,,,128.37825
4-51-0166,"Slide Track Ass'y., Sidelite (Parts Orders)",EACH,77.0,52.3,,,,,70.84,52.30225
4-51-0500,"Harness, Elect. Lock Extension 2 Ft.",EACH,88.0,59.77,,,,,,59.774
4-51-0501,"Harness, Elect. Lock Extension 3 Ft.",EACH,99.0,67.25,,,,,,67.24575
4-51-0502,"Harness, Elect. Lock Extension 4 Ft.",EACH,113.0,76.76,,,,,,76.75525
4-51-0503,"Wire Harness, 2nd. Motor, Dual Motor Unit",EACH,214.0,145.36,,,,,196.88,145.3595
4-51-0504,"Wire Harness, Power Supply, Dual Motor Unit",EACH,10.0,6.79,,,,,,6.7924999999999995
4-51-0810,"Kit ""A"", Pulley, Secondary Door, Telescope Slider",EACH,730.0,495.85,,,,,,495.85249999999996
4-51-0811,"Kit ""B"", Pulley, Secondary Door, Telescope Slider",EACH,730.0,495.85,,,,,,495.85249999999996
4-51-0812,"Kit, Battery Backup, Lead Acid (System 19 & 20 Products)",EACH,824.0,559.7,,,,,947.6,559.702
4-51-0817,"Kit, Enclosure (Molded) - Display Control Panel",EACH,77.0,52.3,,,,,,52.30225
4-51-0818,"Control Module, Display Molded Check for Proper SOFTWARE*****",EACH,937.0,636.46,,,,,862.04,636.45725
4-51-0819,"Kit, Beam Set, Safety Hold (Cedes with Molded Connectors)",EACH,609.0,413.66,,,,433.5,560.28,413.66325
4-51-0820-CL,"Kit, Schlage IC Cylinder (Housing, Green Core & Keys)",EACH,398.0,270.34,,,,,,270.3415
4-51-0821,"Terminal Bar Ass'y., Alarm Contact",EACH,173.0,117.51,,,,,,117.51025
4-51-0822,"Kit, Alarm Contacts, SO Panel Breakout",EACH,173.0,117.51,,,,,,117.51025
4-51-0823-P,"Kit, Alarm Contacts, O Panel Breakout, Under 48"" PW, Parts",EACH,173.0,117.51,,,,,,117.51025
4-51-0824,"Kit, Alarm Contacts, Door Open / Door Closed",EACH,173.0,117.51,,,,,,117.51025
4-51-0826,"Kit, System 20 Drive Module (110V)",EACH,7046.0,4786.0,,,,,,4785.9955
4-51-1001,"Bracket, Belt Base",EACH,24.0,16.3,,,,34.0,22.08,16.302
4-51-1002,"Bracket, Belt Clasp",EACH,22.0,14.94,,,,34.0,20.24,14.9435
4-51-1003,"**DNU** Bracket, Torque Tube Support",EACH,47.0,31.92,,,,,43.24,31.92475
4-51-1004,"Bracket, Conduit Anchor",EACH,14.0,9.51,,,,,,9.5095
4-51-1005,"Bracket, Cover Attachment",EACH,25.0,16.98,,,,,,16.98125
4-51-1009,"Bracket, Idler Pulley Rev. A",EACH,35.0,23.77,,,,,,23.77375
4-51-1010,"Bracket, Sidelite Strike",EACH,33.0,22.42,,,,,18.98,18.98
4-51-1011,"Bracket, Mounting (Flush Panic Device Housing)",EACH,54.0,36.68,,,,,,36.6795
4-51-1012,"Bracket, Jamb/Mullion Mount",EACH,40.0,27.17,,,,,,27.169999999999998
4-51-1015,"Plate, Header Mounting Brkt. (Wide Pocket Side Jambs)",EACH,29.0,19.7,,,,,,19.69825
4-51-1016,"Plate, Lock Strike (Wide Pocket Side Jambs)",EACH,33.0,22.42,,,,,,22.415249999999997
4-51-1017,"Spacer, Carrier Roller",EACH,1.0,0.68,,,,,,0.67925
4-51-1021,"Axle, Carrier Roller Rev. A",EACH,9.0,6.11,,,,,,6.11325
4-51-1023,"Plate, Nut (Slave Carrier Belt Clamp - Telescope)",EACH,50.0,33.96,,,,,,33.9625
4-51-1024,"Plate, Nut (Slave Pulley - Telescope)",EACH,54.0,36.68,,,,,,36.6795
4-51-1025,"Spacer, Slave Pulley (Timing Belt - Telescope)",EACH,63.0,42.79,,,,,,42.79275
4-51-1026,"Plate, Belt Retainer (Tele.) Rev. A",EACH,50.0,33.96,,,,,,33.9625
4-51-1029,"Bracket, Timing Belt Base (Telescope)",EACH,38.0,25.81,,,,,32.66,25.8115
4-51-1030,"Bracket, Timing Belt Clamp (Telescope)",EACH,70.0,47.55,,,,107.95,64.4,47.5475
4-51-1031,"Bracket, Timing Belt Clasp (Telescope)",EACH,50.0,33.96,,,,,46.0,33.9625
4-51-1032,"Clamp, Timing Belt (Telescope)",EACH,74.0,50.26,,,,107.95,68.08,50.2645
4-51-1037,"Plate, Nut (10-32)",EACH,15.0,10.19,,,,,13.8,10.188749999999999
4-51-1038,"Housing, Door Catch Ass'y. (part of sub-assy')",EACH,54.0,36.68,,,,,49.68,36.6795
4-51-1039,"Interlock, Door Catch-LH Rev D (part of sub-assy')",EACH,38.0,25.81,,,,31.45,34.96,25.8115
4-51-1040,"Interlock, Door Catch-RH Rev.B (part of sub-assy')",EACH,35.0,23.77,,,,31.45,32.2,23.77375
4-51-1041,"Bracket, Interlock Ass'y. Rev. A (part of sub-assy')",EACH,31.0,21.06,,,,,28.52,21.05675
4-51-1042,"Plate, Interlock Ass'y. Rev. A",EACH,43.0,29.21,,,,,39.56,29.207749999999997
4-51-1047,"Bracket, Upper Sidelite Pivot Rev. A",EACH,80.0,54.34,,,,,73.6,54.339999999999996
4-51-1049,"End Cap, Door Catch",EACH,21.0,14.26,,,,,,14.264249999999999
4-51-1054,"Stud, Slide Arm",EACH,22.0,14.94,,,,,20.24,14.9435
4-51-1055,"Bracket, Header Mounting - LH",EACH,41.0,27.85,,,,,37.72,27.84925
4-51-1055-WMH,"Bracket, Header Mounting - LH With Mounting Hardware",EACH,77.0,52.3,,,,,,52.30225
4-51-1056,"Bracket, Header Mounting - RH",EACH,41.0,27.85,,,,,37.72,27.84925
4-51-1056-WMH,"Bracket, Header Mounting - RH With Mounting Hardware",EACH,77.0,52.3,,,,,,52.30225
4-51-1061,"Lockbolt, F86 Recessed Exit Device",EACH,40.0,27.17,,,,,,27.169999999999998
4-51-1062-BL,"End Cap, Sway Rail",EACH,13.0,8.83,,,,,11.96,8.830250000000001
4-51-1064,"Plate, Door Interlock",EACH,129.0,87.62,,,,,118.68,87.62325
4-51-1067,"Angle, Sidelite Pivot (Bottom)",EACH,74.0,50.26,,,,,,50.2645
4-51-1070,"Bracket, Cover Support",EACH,14.0,9.51,,,,,12.88,9.5095
4-51-1087,"Bracket, Sidelite Strike w/Alarm Contact Prep",EACH,30.0,20.38,,,,,,20.377499999999998
4-51-1089,"Slide Track, Sidelite Door Closer",EACH,47.0,31.92,,,,,43.24,31.92475
4-51-4003-MF,"Insert, Bottom Sway Rail",EACH,8.0,5.43,,,,,,5.434
4-51-4006-BL,"End Cap, Cover (Telescope) DO NOT RE-ORDER",EACH,40.0,27.17,,,,,,27.169999999999998
4-51-4008,"Block, Sidelite Pivot (Bottom)",EACH,25.0,16.98,,,,18.7,23.0,16.98125
4-51-4009,"Bar, Alignment (Pin Guide Threshold)",EACH,10.0,6.79,,,,,,6.7924999999999995
4-51-4149-BL,Cart Bar Machining,EACH,96.0,65.21,,,,,,65.208
4-51-4149-CL,Cart Bar Machining,EACH,96.0,65.21,,,,,,65.208
4-51-4151,"Block, Shear (Machined) - SB5",EACH,18.0,12.23,,,,,,12.2265
4-51-4152,"Block, Upper Sidelite Pivot",EACH,77.0,52.3,,,,,70.84,52.30225
4-51-4160-CL,"Rail, Top (3"") Machining",EACH,66.0,44.83,,,,,,44.830499999999994
4-51-4190-CL,"Rail, Bottom (3 1/2"") Machining",EACH,104.0,70.64,,,,,,70.64200000000001
4-51-4265,"Block, Flushbolt Support",EACH,94.0,63.85,,,,,86.48,63.8495
4-51-4266,"Block, Hex Bolt Guide",EACH,48.0,32.6,,,,,44.16,32.604
4-51-4269,"Bracket, Ball Catch And Panic Switch Magnet",EACH,18.0,12.23,,,,,,12.2265
4-51-4290,"Bracket, Belt Mounted Magnet",EACH,43.0,29.21,,,,,,29.207749999999997
4-51-7002,"Interlock, Door Hurricane Interlock",EACH,26.0,17.66,,,,,23.92,17.660500000000003
4-51-7003,"Bushing, Sidelite Pivot (Bottom)",EACH,58.0,39.4,,,,,,39.3965
4-51-7005,"Plate, Pin Guide Support",EACH,65.0,44.15,,,,49.3,59.8,44.15125
4-51-7006,"Strike Plate, Lockbolt (Bipart Units)",EACH,129.0,87.62,,,,,118.68,87.62325
4-51-7008,"Hex Bolt, Threshold (1/4-20 Tap)",EACH,65.0,44.15,,,,,,44.15125
4-51-7010,"Strike Plate, Lockbolt (Single Units)",EACH,84.0,57.06,,,,,,57.056999999999995
4-51-9004,"Cover, Door Catch",EACH,5.0,3.4,,,,,4.6,3.3962499999999998
4-51-9005,"Block, Slide Arm",EACH,22.0,14.94,,,,,20.24,14.9435
4-51-9010,"Strip, Polyurethane (Door Bottom Seal) 3/4"" x 48""",EACH,122.0,82.87,,,,,,82.8685
4-51-9012,"Cable, Canbus, 12' Ext. RIC290",EACH,125.0,84.91,,,,,,84.90625
4-52-0001,"Pivot Arm Ass'y., All Glass Sliders",EACH,913.0,620.16,,,,,,620.15525
4-52-0010,Sway Guide Ass'y. - L.H. (Parts Orders),EACH,408.0,277.13,,,,334.05,353.83,277.13399999999996
4-52-0011,Sway Guide Ass'y. - R.H. (Parts Orders),EACH,408.0,277.13,,,,334.05,375.36,277.13399999999996
4-52-0012,Roller Catch Ass'y.,EACH,79.0,53.66,,,,,,53.66075
4-52-0013,Toe Roller Ass'y. (All-Glass Sliders),EACH,129.0,87.62,,,,,118.68,87.62325
4-52-1002,"Bracket, Sway Guide - LH (All Glass Slider)",EACH,50.0,33.96,,,,,,33.9625
4-52-1003,"Bracket, Sway Guide - RH (All Glass Slider)",EACH,50.0,33.96,,,,,,33.9625
4-52-1004,"Bracket, Interlock Ass'y. (All Glass Slider)",EACH,29.0,19.7,,,,,25.67,19.69825
4-52-4020-BL,"End Cap, Rail (3""), LH, Black",EACH,46.0,31.25,,,,,,31.2455
4-52-4021-BL,"End Cap, Rail (3""), RH, Black",EACH,46.0,31.25,,,,,,31.2455
4-52-4022-BL,"End Cap, Rail (3-5/8""), LH, Black",EACH,48.0,32.6,,,,,,32.604
4-52-4023-BL,"End Cap, Rail (3-5/8""), RH, Black",EACH,48.0,32.6,,,,,,32.604
4-52-4024-BL,"End Cap, Rail (4""), LH, Black",EACH,47.0,31.92,,,,,,31.92475
4-52-4025-BL,"End Cap, Rail (4""), RH, Black",EACH,47.0,31.92,,,,,,31.92475
4-52-4026-BL,"End Cap, Rail (5""), LH, Black",EACH,50.0,33.96,,,,,,33.9625
4-52-4027-BL,"End Cap, Rail (5""), RH, Black",EACH,54.0,36.68,,,,,,36.6795
4-52-4028-BL,"End Cap, Rail (5-5/8""), LH Black",EACH,56.0,38.04,,,,,,38.038
4-52-4029-BL,"End Cap, Rail (5-5/8""), RH Black",EACH,56.0,38.04,,,,,,38.038
4-52-4030-BL,"End Cap, Rail (6""), LH, Black",EACH,61.0,41.43,,,,,,41.43425
4-52-4031-BL,"End Cap, Rail (6""), RH, Black",EACH,61.0,41.43,,,,,,41.43425
4-54-0010-CL,"Glass Retention, Impact Clear Anodized",FT,14.0,9.51,,,,,,9.5095
4-54-0010-DB,"Glass Retention, Impact Dark Bronze Anodized",FT,16.0,10.87,,,,,,10.868
4-56-0001,"Bottom Guide Ass'y DBO, Wood Doors, LH",EACH,421.0,285.96,,,,,,285.96425
4-56-0002,"Bottom Guide Ass'y DBO, Wood Doors, RH",EACH,421.0,285.96,,,,,,285.96425
4-59-0012,"Carrier Ass'y., Telescope ICU",EACH,421.0,285.96,,,,,217.87,217.87
4-59-0019,Transfer Pivot Ass'y. - LH Trackless Telescope Units,EACH,509.0,345.74,,,,,468.28,345.73825
4-59-0020,Transfer Pivot Ass'y. - RH Trackless Telescope Units,EACH,509.0,345.74,,,,,468.28,345.73825
4-59-0021-CL,Lever Handle Ass'y. - ICU Positive Latch Set = 2 Handles,EACH,263.0,178.64,,,,,,178.64275
4-59-0021-DB,Lever Handle Ass'y. - ICU Positive Latch Set = 2 Handles,EACH,275.0,186.79,,,,,253.0,186.79375
4-59-0022,Interlock Ass'y. - L.H. ICU Positive Latch,EACH,225.0,152.83,,,,,,152.83124999999998
4-59-0023,Interlock Ass'y. - R.H. ICU Positive Latch,EACH,225.0,152.83,,,,,207.0,152.83124999999998
4-59-0024,Activator Ass'y. - ICU Positive Latch,EACH,141.0,95.77,,,,,129.72,95.77425
4-59-0025,Actuator Ass'y. - ICU Positive Latch,EACH,54.0,36.68,,,,46.75,49.68,36.6795
4-59-1003,"Bracket, ICU Header Mtg. - LH",EACH,23.0,15.62,,,,,,15.62275
4-59-1004,"Bracket, ICU Header Mtg. - RH",EACH,23.0,15.62,,,,,,15.62275
4-59-1009,"Strike, Positive Latch**NOTE** Send with 2-81-0019-2558screws",EACH,50.0,33.96,,,,,46.0,33.9625
4-59-1020,"End Cap, Door Catch (Positive Latch)",EACH,43.0,29.21,,,,,,29.207749999999997
4-59-1021,"Bolt, Positive Latch",EACH,61.0,41.43,,,,,52.9,41.43425
4-59-4001,"Bracket, Face Plate",EACH,11.0,7.47,,,,,,7.47175
4-59-7002,"Strike, Positive Latch (Bipart Units)",EACH,176.0,119.55,,,,,,119.548
4-59-9001,"Block, Door Timing (Trackless Telescope ICU)",EACH,21.0,14.26,,,,,25.29,14.264249999999999
4-59-9002,"End Cap, Anti-Breakout Tube",EACH,30.0,20.38,,,,,,20.377499999999998
4-60-1091,"Bracket, Sidelite Pivot (Trackless ICUs)",EACH,54.0,36.68,,,,,49.68,36.6795
4-70-0582,Ball Catch Ass'y.,EACH,73.0,49.59,,,,55.25,41.98,41.98
4-70-0702,"Roller Ass'y., Bottom Guide",EACH,141.0,95.77,,,,,129.72,95.77425
4-70-1069,"Pin, Bottom Guide",EACH,42.0,28.53,,,,,,28.528499999999998
4-70-1527,"Bracket, Bottom Guide (All Glass)",EACH,28.0,19.02,,,,,,19.019
4-80-0013-BL,"Cover & Backplate Ass'y., Sgl., Non-Std. D.O.W., Black",EACH,1521.0,1033.14,,,,,,1033.13925
4-80-0013-CL,"Cover & Backplate Ass'y., Single, Non-Std. D.O.W., Clear",EACH,1220.0,828.68,,,,,,828.685
4-80-0013-DB,"Cover & Backplate Ass'y., Sgl., Non-Std. D.O.W.,Dk. Brz.",EACH,1249.0,848.38,,,,,,848.38325
4-80-0018-BL,"Cover & Backplate Ass'y., Dual, Non-Std. D.O.W., Black",EACH,2604.0,1768.77,,,,,,1768.767
4-80-0018-CL,"Cover & Backplate Ass'y., Dual, Non-Std. D.O.W., Clear",EACH,2310.0,1569.07,,,,,,1569.0674999999999
4-80-0018-DB,"Cover & Backplate Ass'y., Dual, Non-Std. D.O.W.,Dk. Brz.",EACH,2331.0,1583.33,,,,,,1583.33175
4-80-0101,"Relay Ass'y., Panic Breakout",EACH,255.0,173.21,,,,,234.6,173.20874999999998
4-80-0108,"Control Module, Display, | w/cable w.o plug, DFA SS/SPG",EACH,645.0,438.12,,,,,,438.11625
4-80-0801,"Kit, S8000 Control Plug-In Terminal Blocks",EACH,270.0,183.4,,,,,248.4,183.39749999999998
4-80-0802,"Kit, Rocker Switch Control Module",EACH,270.0,183.4,,,,199.75,248.4,183.39749999999998
4-80-0803,"Kit, Header Accessory Package, S8000 Operator",EACH,183.0,124.3,,,,,,124.30274999999999
4-80-0804,"Kit, Double Egress Arm Adaptor",EACH,450.0,305.66,,,,,,305.66249999999997
4-80-0809,"Kit, Keyswitch, ON/OFF/OPEN, Dual Configuration",EACH,662.0,449.66,,,,,609.04,449.6635
4-80-0811,"Kit, Harness Extension, FPC902",EACH,225.0,152.83,,,,,207.0,152.83124999999998
4-80-1003,"Bracket, Cover Support",EACH,33.0,22.42,,,,,,22.415249999999997
4-80-4016-BL,"Cover Machining, Single, Black, Non-Std. D.O.W.",EACH,1105.0,750.57,,,,,,750.57125
4-80-4016-CL,"Cover Machining, Single, Clear, Non-Std. D.O.W.",EACH,811.0,550.87,,,,,,550.8717499999999
4-80-4016-DB,"Cover Machining, Single, Dk. Brz., Non-Std. D.O.W.",EACH,833.0,565.82,,,,,,565.81525
4-80-4018-BL,"Cover Machining, Dual, Black, Non-Std. D.O.W.",EACH,1792.0,1217.22,,,,,,1217.216
4-80-4018-CL,"Cover Machining, Dual, Clear, Non-Std. D.O.W.",EACH,1473.0,1000.54,,,,,,1000.53525
4-80-4018-DB,"Cover Machining, Dual, Dk. Brz., Non-Std. D.O.W.",EACH,1520.0,1032.46,,,,,,1032.46
4-80-4020,"Plate, Adaptor (LCN 4040 Door Closer in S8100/S8200 Header)",EACH,36.0,24.45,,,,,,24.453
4-80-9001,"**DNU - see notes**Enclosure, Display Control Panel (Non-Metallic) Machi EACH",EACH,72.0,48.91,,,,,,48.906
4-85-0019,"Arm, Drive (S8500 O.H.C.)",EACH,614.0,417.06,,,,,564.88,417.0595
4-85-0020,Slide Arm Ass'y.- RHR / LH (O.H.C. Butt Hinge),EACH,739.0,501.97,,,,,679.88,501.96575
4-85-0021,Slide Arm Ass'y.- LHR / RH (O.H.C. Butt Hinge),EACH,739.0,501.97,,,,,679.88,501.96575
4-85-0022,"Bracket Ass'y., Door Closed Stop",EACH,137.0,93.06,,,,,,93.05725
4-85-0101,Drive Module w/Control S8500 (SN),EACH,4818.0,3272.63,,,,584.8,,584.8
4-85-0102,Drive Module w/Control S8500 w/Brake (SN),EACH,5020.0,3409.83,,,,,,3409.8349999999996
4-85-0803,"Kit, Fixed Stop (S8500/8600 O.H.C.)",EACH,178.0,120.91,,,,,,120.9065
4-85-0804,"Kit, Breakout/Panic Stop (S8500/8600 O.H.C.)",EACH,1202.0,816.46,,,,,,816.4585000000001
4-85-0805,"Kit, Header Accessories (S8500/8600 O.H.C.)",EACH,491.0,333.51,,,,,,333.51175
4-85-0806,"Kit, On/Off/Open Rocker Switch",EACH,266.0,180.68,,,,,244.72,180.6805
4-85-1002,"Bracket, Header-To-Jamb",EACH,42.0,28.53,,,,,,28.528499999999998
4-85-1006,"Drive Arm, OHC Operator (Modified)from 9-80-0107",EACH,394.0,267.62,,,,,,267.6245
4-85-1007,"Door Arm, OHC Operator",EACH,221.0,150.11,,,,,,150.11425
4-85-1008,"Extension, Slide Arm (Butt Hung)",EACH,50.0,33.96,,,,,46.0,33.9625
4-85-1010,"End Cap, Header, OHC",EACH,117.0,79.47,,,,,,79.47224999999999
4-85-1011,"End Cap, Header (Blank)",EACH,32.0,21.74,,,,,,21.736
4-85-1015,"Adapter, OHC Closer - Track Arm - S8700 Manual Door Pkg.",EACH,201.0,136.53,,,,,,136.52925
4-85-4020,"Block, Door Closed Stop",EACH,30.0,20.38,,,,,27.6,20.377499999999998
4-85-4021,"Spacer, Operator Body",EACH,26.0,17.66,,,,,,17.660500000000003
4-85-4022-CL,"Cover, Slide Arm Ass'y. (LHR / RH)",EACH,122.0,82.87,,,,,,82.8685
4-85-4022-DB,"Cover, Slide Arm Ass'y. (LHR / RH)",EACH,125.0,84.91,,,,,,84.90625
4-85-4023-CL,"Cover, Slide Arm Ass'y. (RHR / LH)",EACH,122.0,82.87,,,,,,82.8685
4-85-4023-DB,"Cover, Slide Arm Ass'y. (RHR / LH)",EACH,125.0,84.91,,,,,,84.90625
4-85-4024-CL,"Cover, Slide Arm Ass'y. (Dual Units)",EACH,194.0,131.77,,,,,,131.7745
4-85-4024-DB,"Cover, Slide Arm Ass'y. (Dual Units)",EACH,208.0,141.28,,,,,,141.28400000000002
4-85-9001,Fingerguard (8 Ft. S/L),EACH,183.0,124.3,,,,,,124.30274999999999
4-85-9002,Fingerguard (10 Ft. S/L),EACH,227.0,154.19,,,,,,154.18975
4-85-9003,"Block, Panic Switch Mounting",EACH,19.0,12.91,,,,,10.24,10.24
4-86-0801-BL,"Kit, Push Bar",EACH,113.0,76.76,,,,,,76.75525
4-99-0800,"Mini-Station Control, Push Button",EACH,217.0,147.4,,,,,,147.39725
5-11-4008-MF,Pin Guide Threshold,FT,65.0,44.15,,,,,59.8,44.15125
5-11-4017-MF,"Threshold, 1/4"" X 7"" Saddle",FT,42.0,28.53,,,,,38.64,28.528499999999998
5-11-4021-CL,"Stile, Tandem (Narrow) (21'1"" S/L)",FT,38.0,25.81,,,,,,25.8115
5-11-4021-CL-24,"Stile, Tandem (Narrow) (24 Ft. S/L)",FT,38.0,25.81,,,,,,25.8115
5-11-4021-DB,"Stile, Tandem (Narrow) (21'1"" S/L)",FT,40.0,27.17,,,,,,27.169999999999998
5-11-4021-DB-24,"Stile, Tandem (Narrow) (24 Ft. S/L)",FT,40.0,27.17,,,,,,27.169999999999998
5-11-4021-MF,"Stile, Tandem (Narrow) S/L 170""",FT,33.0,22.42,,,,,,22.415249999999997
5-11-4022-CL,"Stile, Fixed (Narrow) (21'1"" S/L)",FT,36.0,24.45,,,,,,24.453
5-11-4022-CL-24,"Stile, Fixed (Narrow) (24 Ft. S/L)",FT,36.0,24.45,,,,,,24.453
5-11-4022-DB,"Stile, Fixed (Narrow) (21'1"" S/L)",FT,39.0,26.49,,,,,,26.49075
5-11-4022-DB-24,"Stile, Fixed (Narrow) (24 Ft. S/L)",FT,39.0,26.49,,,,,,26.49075
5-11-4022-MF,"Fixed Stile (Narrow) S/L 170""",FT,30.0,20.38,,,,,,20.377499999999998
5-11-4024-CL,"Stile, Tandem (Medium) 22'",FT,46.0,31.25,,,,,,31.2455
5-11-4024-DB,"Stile, Tandem (Medium) 22'",FT,47.0,31.92,,,,,,31.92475
5-11-4024-MF,"Stile, Tandem (Medium) S/L 168""",FT,26.0,17.66,,,,,,17.660500000000003
5-11-4024-MF-22,"Stile, Tandem (Medium) S/L 264""",FT,24.0,16.3,,,,,,16.302
5-11-4025-CL,"Stile, Fixed (Medium) 22'",FT,43.0,29.21,,,,,,29.207749999999997
5-11-4025-DB,"Stile, Fixed (Medium) 22'",FT,45.0,30.57,,,,,,30.566249999999997
5-11-4025-MF,"Stile, Fixed (Medium) S/L 168""",FT,24.0,16.3,,,,,,16.302
5-11-4025-MF-22,"Stile, Fixed (Medium) S/L 264""",FT,22.0,14.94,,,,,,14.9435
5-11-4028-CL,"Filler, Stile 21'1""",FT,9.0,6.11,,,,,,6.11325
5-11-4028-DB,"Filler, Stile 21'1""",FT,11.0,7.47,,,,,,7.47175
5-11-4028-MF,"Filler, Stile S/L 21'1""",FT,5.0,3.4,,,,,,3.3962499999999998
5-11-4030-CL,"Adaptor, Transom",FT,10.0,6.79,,,,,,6.7924999999999995
5-11-4030-DB,"Adaptor, Transom",FT,11.0,7.47,,,,,,7.47175
5-11-4030-MF,"Adaptor, Transom",FT,9.0,6.11,,,,,,6.11325
5-11-4031-CL,"Muntin Bar, 1 1/2""",FT,21.0,14.26,,,,,,14.264249999999999
5-11-4031-DB,"Muntin Bar, 1 1/2""",FT,22.0,14.94,,,,,,14.9435
5-11-4031-MF,"Muntin Bar, 1 1/2 S/L 12'",FT,18.0,12.23,,,,,,12.2265
5-11-4032-CL,"Rail, 2 1/2""",FT,39.0,26.49,,,,,,26.49075
5-11-4032-DB,"Rail, 2 1/2""",FT,41.0,27.85,,,,,,27.84925
5-11-4032-MF,"Rail, 2 1/2"" S/L 12'",FT,33.0,22.42,,,,,,22.415249999999997
5-11-4033-CL,"Rail, 3 1/2"" 24'",FT,43.0,29.21,,,,,,29.207749999999997
5-11-4033-DB,"Rail, 3 1/2""",FT,45.0,30.57,,,,,,30.566249999999997
5-11-4033-MF,"Rail, 3 1/2"" S/L 12'",FT,37.0,25.13,,,,,,25.13225
5-11-4034-CL,"Rail, 4""",FT,43.0,29.21,,,,,,29.207749999999997
5-11-4034-DB,"Rail, 4""",FT,46.0,31.25,,,,,,31.2455
5-11-4034-MF,"Rail, 4"" S/L 12'",FT,33.0,22.42,,,,,,22.415249999999997
5-11-4035-CL,"Rail, 5""",FT,44.0,29.89,,,,,,29.887
5-11-4035-DB,"Rail, 5""",FT,48.0,32.6,,,,,,32.604
5-11-4035-MF,"Rail, 5"" S/L 168""",FT,37.0,25.13,,,,,,25.13225
5-11-4036-CL,"Rail, 6""",FT,68.0,46.19,,,,,,46.189
5-11-4036-DB,"Rail, 6""",FT,70.0,47.55,,,,,,47.5475
5-11-4036-MF,"Rail, 6"" S/L 12'",FT,46.0,31.25,,,,,,31.2455
5-11-4037-CL,"Gutter, 1/4"" Beveled",FT,10.0,6.79,,,,,,6.7924999999999995
5-11-4037-DB,"Gutter, 1/4"" Beveled",FT,11.0,7.47,,,,,,7.47175
5-11-4038-CL,"Sash, 1/4"" Beveled",FT,8.0,5.43,,,,,,5.434
5-11-4038-DB,"Sash, 1/4"" Beveled",FT,8.0,5.43,,,,,,5.434
5-11-4039-CL,"Gutter, 1/4"" Square, Clear Ano 24'",FT,13.0,8.83,,,,10.2,,8.830250000000001
5-11-4039-DB,"Gutter,1/4"" Square,DarkBronzeAno 24'",FT,14.0,9.51,,,,10.2,,9.5095
5-11-4039-MF,"Gutter, 1/4"" Square S/L 24'",FT,11.0,7.47,,,,,,7.47175
5-11-4040-CL,"Sash, 1/4"" Square, Clear Anoize 24'",FT,8.0,5.43,,,,8.5,,5.434
5-11-4040-DB,"Sash, 1/4"" Square,DarkBronze Ano 24'",FT,10.0,6.79,,,,8.5,,6.7924999999999995
5-11-4040-MF,"Sash, 1/4"" Square S/L 24'",FT,7.0,4.75,,,,,,4.75475
5-11-4041-CL,"Gutter, 1"", Clear Anodized 24'",FT,11.0,7.47,,,,,,7.47175
5-11-4041-DB,"Gutter,1"", Dark Bronze Anodize 24'",FT,12.0,8.15,,,,,,8.151
5-11-4041-MF,"Gutter, 1"" S/L 24'",FT,9.0,6.11,,,,,,6.11325
5-11-4042-CL,"Sash, 1"", Clear Anodized 24'",FT,7.0,4.75,,,,,,4.75475
5-11-4042-DB,"Sash,1"", Dark Bronze Anodize 24'",FT,8.0,5.43,,,,,,5.434
5-11-4042-MF,"Sash, 1"" S/L 24'",FT,6.0,4.08,,,,,,4.0755
5-11-4044-CL,"Gutter, Hurricane, Clear Anodized",FT,13.0,8.83,,,,,,8.830250000000001
5-11-4044-DB,"Gutter, Hurricane, Dark Bronze Anodized",FT,14.0,9.51,,,,,,9.5095
5-11-4044-MF,"Gutter, Hurricane S/L 24'",FT,11.0,7.47,,,,,,7.47175
5-12-4006-CL,"Aluminum Tube, 1"" X 2""",FT,23.0,15.62,,,,,,15.62275
5-12-4006-DB,"ALUMINUM TUBE, 1"" X 2"", D. BRONZE",FT,24.0,16.3,,,,,,16.302
5-12-4006-MF,"Aluminum Tube, 1"" X 2"", MF",FT,15.0,10.19,,,,,,10.188749999999999
5-19-4003,"Aluminum, Channel, 1 1/4"" x 3/4"" x 1/8"" Wall",FT,19.0,12.91,,,,,,12.90575
5-40-4005-MF,"Threshold, 1/2"" X 4 1/2"" Saddle",FT,23.0,15.62,,,,,,15.62275
5-45-4001-CL,"Header, Folding Doors 23'6""",FT,187.0,127.02,,,,,,127.01974999999999
5-45-4001-DB,"Header, Folding Doors 23'6""",FT,192.0,130.42,,,,,,130.416
5-45-4001-MF-12,"Header, Slide/Fold Doors 12'0""",FT,111.0,75.4,,,,,,75.39675
5-45-4002-CL,"Cover, Folding Door Header 23'6""",FT,70.0,47.55,,,,,,47.5475
5-45-4002-DB,"Cover, Folding Door Header 23""6""",FT,75.0,50.94,,,,,,50.943749999999994
5-45-4002-MF-12,"Cover, Slide/Fold Door Header 12'0""",FT,39.0,26.49,,,,,,26.49075
5-45-4003-CL,"Door Catch, Top 22'",FT,25.0,16.98,,,,,,16.98125
5-45-4003-DB,"Door Catch, Top 22'",FT,26.0,17.66,,,,,,17.660500000000003
5-45-4003-MF-12,"Door Catch, Top 12'0""",FT,15.0,10.19,,,,,,10.188749999999999
5-45-4004-CL,"Door Catch, Bottom 22'",FT,35.0,23.77,,,,,,23.77375
5-45-4004-DB,"Door Catch, Bottom 22'",FT,37.0,25.13,,,,,,25.13225
5-45-4004-MF-12,"Door Catch, Bottom 12'0""",FT,23.0,15.62,,,,,,15.62275
5-45-4006-CL,"Filler, Slide/Fold Side Jamb 21'",FT,18.0,12.23,,,,,,12.2265
5-45-4006-DB,"Filler, Slide Fold Side Jamb 21'",FT,19.0,12.91,,,,,,12.90575
5-45-4006-MF-16,"Filler, Slide/Fold Side Jamb 16'0""",FT,11.0,7.47,,,,,,7.47175
5-45-4007-CL,"Filler, Slide/Fold Side Jamb (Wide Pocket) 21'",FT,21.0,14.26,,,,,,14.264249999999999
5-45-4007-DB,"Filler, Slide/Fold Side Jamb (Wide Pocket) 21'",FT,21.0,14.26,,,,,,14.264249999999999
5-45-4007-MF-16,"Filler, Slide/Fold Side Jamb, Wide Pocket 16'0""",FT,12.0,8.15,,,,,,8.151
5-45-4008-CL,"Stile, Hinge 21'1""",FT,29.0,19.7,,,,,,19.69825
5-45-4008-DB,"Stile, Hinge 21'1""",FT,31.0,21.06,,,,,,21.05675
5-45-4008-MF-14,"Stile, Hinge 14'2""",FT,16.0,10.87,,,,,,10.868
5-45-4009-CL,"Stile, Pivot 21'",FT,22.0,14.94,,,,,,14.9435
5-45-4009-DB,"Stile, Pivot 21'",FT,23.0,15.62,,,,,,15.62275
5-45-4009-MF-14,"Stile, Pivot 14'2""",FT,12.0,8.15,,,,,,8.151
5-49-4001-CL,"Header, 4900 Swing/Fold ICU",FT,68.0,46.19,,,,,,46.189
5-49-4001-DB,"Header, 4900 Swing/Fold ICU",FT,71.0,48.23,,,,,,48.226749999999996
5-49-4002-CL,"Header Track, 4900 ICU",FT,43.0,29.21,,,,,,29.207749999999997
5-49-4002-DB,"Header Track, 4900 ICU",FT,44.0,29.89,,,,,,29.887
5-51-4001-CL,"Header, Series 5100 24'",FT,160.0,108.68,,,,,,108.67999999999999
5-51-4001-CL-22,"Header, Series 5100 22'",FT,160.0,108.68,,,,,,108.67999999999999
5-51-4001-DB,"Header, Series 5100 24'",FT,162.0,110.04,,,,,,110.03849999999998
5-51-4001-DB-22,"Header, Series 5100 22'",FT,162.0,110.04,,,,,,110.03849999999998
5-51-4001-MF,"Header - MF S/L 168""",FT,141.0,95.77,,,,,,95.77425
5-51-4001-MF-24,"Header S/L 288""",FT,141.0,95.77,,,,,,95.77425
5-51-4002-CL,"Cover, Series 5100 24'",FT,56.0,38.04,,,,,,38.038
5-51-4002-DB,"Cover, Series 5100 24'",FT,58.0,39.4,,,,,,39.3965
5-51-4002-DB-22,"Cover, Series 5100 22'",FT,58.0,39.4,,,,,,39.3965
5-51-4002-MF,"Cover, Series 5100 S/L 168""",FT,55.0,37.36,,,,,,37.35875
5-51-4003-CL,"Filler, Header Soffit",FT,6.0,4.08,,,,,,4.0755
5-51-4003-DB,"Filler, Header Soffit",FT,8.0,5.43,,,,,,5.434
5-51-4003-MF,"Filler, Header Soffit S/L 24'",FT,5.0,3.4,,,,,,3.3962499999999998
5-51-4004-CL,"Roller Track, Series 5100",FT,9.0,6.11,,,,59.5,,6.11325
5-51-4006-CL,"Door Catch, 5100",FT,50.0,33.96,,,,,,33.9625
5-51-4006-DB,"Door Catch, 5100",FT,51.0,34.64,,,,,,34.641749999999995
5-51-4006-MF,"Door Catch, 5100 S/L 168""",FT,41.0,27.85,,,,,,27.84925
5-51-4007-CL,"Insert, Telescope Header",FT,54.0,36.68,,,,,,36.6795
5-51-4007-DB,"Insert, Telescope Header",FT,58.0,39.4,,,,,,39.3965
5-51-4007-MF,"Insert, Telescope Header S/L 14'",FT,52.0,35.32,,,,,,35.321000000000005
5-51-4009-CL,"Rail - 3""",FT,36.0,24.45,,,,,,24.453
5-51-4009-DB,"Rail - 3""",FT,39.0,26.49,,,,,,26.49075
5-51-4009-MF,"Rail, 3"" S/L 12'",FT,30.0,20.38,,,,,,20.377499999999998
5-51-4010-CL,"Rail - 9"" 24'",FT,73.0,49.59,,,,,,49.58525
5-51-4010-DB,"Rail - 9"" 24'",FT,77.0,52.3,,,,,,52.30225
5-51-4010-MF,"Rail - 9"" (12 ft)",FT,69.0,46.87,,,,,,46.868249999999996
5-51-4010-MF-24,"Rail, 9"" (24')",FT,64.0,43.47,,,,,,43.472
5-51-4011-CL,"Rail - 10"" 24'",FT,141.0,95.77,,,,,,95.77425
5-51-4011-DB,"Rail - 10"" 24'",FT,143.0,97.13,,,,,,97.13275
5-51-4011-MF,"Rail, 10"" S/L 12'",FT,77.0,52.3,,,,,,52.30225
5-51-4012-CL,"Housing, Recessed Panic Device",FT,52.0,35.32,,,,,,35.321000000000005
5-51-4012-DB,"Housing, Recessed Panic Device",FT,54.0,36.68,,,,,,36.6795
5-51-4012-MF,"Housing, Recessed Panic Device S/L 12'",FT,43.0,29.21,,,,,,29.207749999999997
5-51-4013-MF,"Pin Guide Threshold, Tele.",FT,70.0,47.55,,,,,,47.5475
5-51-4015-MF,"Insert, Pin Guide",FT,33.0,22.42,,,,28.9,30.36,22.415249999999997
5-51-4016-CL,Sway Rail,FT,43.0,29.21,,,,,,29.207749999999997
5-51-4016-DB,Sway Rail,FT,46.0,31.25,,,,,,31.2455
5-51-4016-MF,"Sway Rail S/L 168""",FT,37.0,25.13,,,,,,25.13225
5-51-4017-CL,"Insert, Header (PP/SA Sliders)",FT,26.0,17.66,,,,,,17.660500000000003
5-51-4017-DB,"Insert, Header (PP/SA Sliders)",FT,28.0,19.02,,,,,,19.019
5-51-4018-CL,Cover - PP/SA Sliders,FT,55.0,37.36,,,,,,37.35875
5-51-4018-DB,Cover - PP/SA Sliders,FT,56.0,38.04,,,,,,38.038
5-51-4021-MF,"Threshold, 1/2"" x 7"" Saddle 24'",FT,41.0,27.85,,,,,,27.84925
5-51-4022-CL,"Side Jamb, 1"" Pocket",FT,70.0,47.55,,,,,,47.5475
5-51-4022-DB,"Side Jamb, 1"" Pocket",FT,72.0,48.91,,,,,,48.906
5-51-4022-MF,"Side Jamb, 1"" Pocket 192"", 16'",FT,48.0,32.6,,,,,,32.604
5-51-4023-CL,"Mullion, 1"" Pocket",FT,59.0,40.08,,,,,,40.07575
5-51-4023-DB,"Mullion, 1"" Pocket",FT,61.0,41.43,,,,,,41.43425
5-51-4023-MF,"Mullion, 1"" Pocket (14 ft)",FT,32.0,21.74,,,,,,21.736
5-51-4023-MF-16,"Mullion, 1"" Pocket (16ft)",FT,49.0,33.28,,,,,,33.28325
5-51-4024-CL,"Filler, Side Jamb, 1"" Pocket",FT,10.0,6.79,,,,,,6.7924999999999995
5-51-4024-DB,"Filler, Side Jamb, 1"" Pocket",FT,11.0,7.47,,,,,,7.47175
5-51-4024-MF,"Filler, Side Jamb 1' Pocket S/L 24'",FT,4.0,2.72,,,,,,2.717
5-51-4025-BL,Push Bar / Cart Bar 24',FT,25.0,16.98,,,,,,16.98125
5-51-4025-CL,"Push Bar / Cart Bar 1/4""x 2""x 12'6""",FT,13.0,8.83,,,,,,8.830250000000001
5-51-4027-MF,"Threshold, 1/2""x 7"" Saddle (Smooth Surface) 20 FT S/L",FT,25.0,16.98,,,,,,16.98125
5-51-4027-SR,"Threshold, 1/2"" x 7"" Saddle Slip Resistant Do Not Reorder",FT,218.0,148.08,,,,,,148.0765
5-51-4029-CL,"Side Jamb, 1 3/4"" X 6 3/4""",FT,79.0,53.66,,,,,,53.66075
5-51-4029-CL-20,"Side Jamb, 1 3/4"" x 6 3/4"" 20'0""",FT,79.0,53.66,,,,,,53.66075
5-51-4029-DB,"Side Jamb, 1 3/4"" X 6 3/4""",FT,81.0,55.02,,,,,,55.01924999999999
5-51-4029-MF,"Side Jamb, 1 3/4"" X 6 3/4"" S/L 12'",FT,76.0,51.62,,,,,,51.623
5-52-4001-CL,"Rail, 3""",FT,70.0,47.55,,,,,,47.5475
5-52-4001-DB,"Rail, 3""",FT,71.0,48.23,,,,,,48.226749999999996
5-52-4001-MF,"Rail, 3"" S/L 144""",FT,71.0,48.23,,,,,,48.226749999999996
5-52-4002-CL,"Rail, 4""",FT,80.0,54.34,,,,,,54.339999999999996
5-52-4002-DB,"Rail, 4""",FT,81.0,55.02,,,,,,55.01924999999999
5-52-4002-MF,"Rail, 4"" S/L 144""",FT,80.0,54.34,,,,,,54.339999999999996
5-52-4003-CL,"Rail, 5""",FT,99.0,67.25,,,,,,67.24575
5-52-4003-DB,"Rail, 5""",FT,101.0,68.6,,,,,,68.60425000000001
5-52-4004-CL,"Rail, 6""",FT,112.0,76.08,,,,,,76.076
5-52-4004-DB,"Rail, 6""",FT,115.0,78.11,,,,,,78.11375
5-52-4007-CL,"Strip, Glass Clamp",FT,16.0,10.87,,,,,,10.868
5-59-4001-CL,"Header, 5900 ICU",FT,124.0,84.23,,,,,,84.227
5-59-4001-CL-15,"Header, 5900 ICU 15'0""",FT,124.0,84.23,,,,,,84.227
5-59-4001-DB,"Header, 5900 ICU",FT,126.0,85.59,,,,,,85.5855
5-59-4001-MF,"Header, 5900 ICU S/L 12'",FT,105.0,71.32,,,,,,71.32124999999999
5-59-4002-CL,"Insert, Telescopic ICU Header",FT,52.0,35.32,,,,,,35.321000000000005
5-59-4002-CL-15,"Insert, Telescopic ICU Header 15'0""",FT,52.0,35.32,,,,,,35.321000000000005
5-59-4002-DB,"Insert, Telescopic ICU Header",FT,54.0,36.68,,,,,,36.6795
5-59-4003-CL,"Cover, 5900 ICU",FT,42.0,28.53,,,,,,28.528499999999998
5-59-4003-CL-15,"Cover, 5900 ICU 15'0""",FT,42.0,28.53,,,,,,28.528499999999998
5-59-4003-DB,"Cover, 5900 ICU",FT,44.0,29.89,,,,,,29.887
5-59-4003-MF,"Cover, 5900 ICU S/L 12'",FT,23.0,15.62,,,,,,15.62275
5-59-4004-CL,"Header, 5800 (4.25"")",FT,144.0,97.81,,,,,,97.812
5-60-1418-CL,"Side Jamb, 1 3/4"" X 4 1/2""",FT,68.0,46.19,,,,,,46.189
5-60-1418-DB,"Side Jamb, 1 3/4"" X 4 1/2""",FT,70.0,47.55,,,,,,47.5475
5-60-1418-DB-22,"Side Jamb, 1 3/4"" x 4 1/2"" 22'",FT,70.0,47.55,,,,,,47.5475
5-60-1418-MF,"Side Jamb, 1 3/4"" x 4 1/2 S/L 16'",FT,57.0,38.72,,,,,,38.71725
5-60-1418-MF-24,"Side Jamb. 1 3/4"" x 4 1/2"" S/L 288""",FT,57.0,38.72,,,,,,38.71725
5-60-1421-CL,"Tube, Rectangular, 1 3/4"" X 4 1/2""",FT,36.0,24.45,,,,,,24.453
5-60-1421-DB OBSOLET,"Tube, Rectangular, 1 3/4"" X 4 1/2""",FT,43.0,29.21,,,,,,29.207749999999997
5-60-1423-CL,"Side Jamb, 1"" X 4 1/2"" 24'",FT,47.0,31.92,,,,,,31.92475
5-60-1423-DB,"Side Jamb, 1"" X 4 1/2"" 24'",FT,49.0,33.28,,,,,,33.28325
5-60-1491-CL - DNU,"Tube, 1 3/4 x 2",FT,33.0,22.42,,,,,,22.415249999999997
5-60-1491-DB DNU,"Tube, 1 3/4 x 2",FT,33.0,22.42,,,,,,22.415249999999997
5-60-1532-CL,"Filler, Side Jamb",FT,8.0,5.43,,,,,,5.434
5-60-1532-DB,"Filler, Side Jamb",FT,10.0,6.79,,,,,,6.7924999999999995
5-60-1532-MF,"Filler, Side Jamb S/L 16'",FT,7.0,4.75,,,,,,4.75475
5-60-1739-CL,"Mullion, Vertical 24'",FT,63.0,42.79,,,,,,42.79275
5-60-1739-DB,"Mullion, Vertical 24'",FT,65.0,44.15,,,,,,44.15125
5-60-1739-MF,"Mullion, Vertical S/L 16'",FT,35.0,23.77,,,,,,23.77375
5-60-1832-CL,Sidelite Stop,FT,17.0,11.55,,,,,,11.54725
5-60-1832-DB,SIDELITE STOP,FT,19.0,12.91,,,,,,12.90575
5-60-4269,"Aluminum, Channel 1""x 1""x 1/8""x 20'",FT,23.0,15.62,,,,,,15.62275
5-80-4001-MF,"Plate, Operator Mounting 24'",FT,43.0,29.21,,,,,,29.207749999999997
5-80-4004-BL,"Cover, DFA Operator, Black Ano ; S/L 24'",FT,81.0,55.02,,,,,,55.01924999999999
5-80-4004-CL,"Cover, DFA Operator 24'",FT,70.0,47.55,,,,,,47.5475
5-80-4004-DB,"Cover, DFA Operator 24'",FT,76.0,51.62,,,,,,51.623
5-80-4004-MF,"Cover, DFA Operator S/L 161""",FT,45.0,30.57,,,,,,30.566249999999997
5-85-4003-CL,"Header, OHC S/L 24'",FT,72.0,48.91,,,,,,48.906
5-85-4003-DB,"Header, OHC S/L 24'",FT,76.0,51.62,,,,,,51.623
5-85-4003-MF,"Header, OHC S/L 12'",FT,69.0,46.87,,,,,,46.868249999999996
5-85-4004-CL,"Cover, OHC S/L 24'",FT,37.0,25.13,,,,,,25.13225
5-85-4004-DB,"Cover, OHC S/L 24'",FT,39.0,26.49,,,,,,26.49075
5-85-4004-MF,"Cover, OHC S/L 12'",FT,32.0,21.74,,,,,,21.736
5-85-4005-CL,"Channel, Arm Cover S/L 24'",FT,16.0,10.87,,,,,,10.868
5-85-4005-DB,"Channel, Arm Cover S/L 24'",FT,18.0,12.23,,,,,,12.2265
6-11-9002,"Insert, Glass Stop 12' Stick Length",FT,5.0,3.4,,,,,,3.3962499999999998
6-11-9005,"Vinyl, Sidelite Seal",FT,1.0,0.68,,,,,,0.67925
6-11-9007,"Block, Glass Setting",EACH,1.0,0.68,,,,,,0.67925
6-11-9009,"Vinyl, Smokeless ICU",FT,31.0,21.06,,,,,,21.05675
6-11-9011,"Glazing Bulb, Coextrusion",FT,577.0,391.93,,,,,,391.92724999999996
6-51-9004,"Channel, Weather Pile (7'-3"")",EACH,33.0,22.42,,,,,,22.415249999999997
6-51-9006,"Block, Glass Jacking",EACH,3.0,2.04,,,,,,2.03775
6-51-9007,"Enclosure, Molded - Display Control Panel",EACH,52.0,35.32,,,,,,35.321000000000005
6-52-9001,"Seal, Door Edge (5200 All Glass Slider) - 16' PC",EACH,204.0,138.57,,,,,,138.56699999999998
6-59-9001,"Vinyl, Smoke/Air Seal 16' stock length",PIECE,37.0,25.13,,,,,34.04,25.13225
6-60-1734,"Vinyl, Transom",FT,2.0,1.36,,,,,,1.3585
6-80-9001,"End Cap, Cover",EACH,23.0,15.62,,,,17.0,21.16,15.62275
6-80-9002,"Insert, Shaft Cutout",EACH,4.0,2.72,,,,,,2.717
6-80-9003,"Insert, Cover (Plain)",EACH,4.0,2.72,,,,,8.2,2.717
6-80-9004,"Insert, Cover (Switch)",EACH,6.0,4.08,,,,,,4.0755
81-0011-0562,"Screw, 10-32 X 1/2"", Phillips, Flat, MS, Zinc",EACH,1.0,0.68,,,,,,0.67925
81-0011-2670,"Screw, 1/4-20 x 1"", Flat, Socket CS, Plain Box of 75",BOX,62.0,42.11,,,,,,42.1135
81-0014-2664,"Screw, 1/4-20 X 5/8"", Allen Flange, Button, Oxide",EACH,4.0,2.72,,,,,,2.717
81-0016-2554,"Screw, 10-32 x 1/4"", Hex Socket CS, Grade 5, Box of 150",BOX,69.0,46.87,,,,,,46.868249999999996
81-0016-2562,"Screw, 10-32 X 1/2"", Hex Socket CS, Grade 5 Box of 200",BOX,77.0,52.3,,,,,1.22,1.22
81-0017-2658,"Screw, 1/4-20 x 3/8"", Socket, Flanged BH,CS,Blk.Oxide Box100",EACH,1.0,0.68,,,,,,0.67925
81-0017-3664,"Screw,1/4-20 X 5/8"", Hex, Washer Head,MS,Grade8,Plain Box of 50",BOX,59.0,40.08,,,,,,40.07575
81-0017-3666,"Screw, 1/4-20 X 3/4"", Hex, Washer Head,MS,Grade8,Plain Box of 75",BOX,62.0,42.11,,,,,,42.1135
81-0018-3726,"Screw, 5/16-18 X 1 1/2"", Hex, CS, Grade 8, Zin, Box of 50",BOX,59.0,40.08,,,,,,40.07575
81-0019-2558,"Screw, 10-32 x 3/8"", Socket Lo Head, CS, Plain",EACH,4.0,2.72,,,,,,2.717
81-0718-3666,"Screw, 1/4-20 X 3/4"", Hex, MS W/Nylok Patch, Grade 5 Or 8",EACH,2.0,1.36,,,,,,1.3585
81-3114-0412-DB,"Screw, 8-18 x 1/2"",Phillips,Pan Type""AB"",SMS,Blk.Ox.Box of 200",EACH,1.0,0.68,,,,,,0.67925
81-3514-0512,"Screw, 10-16 X 1/2"", Phillips, Pan, SMS, Type B, Zinc",EACH,2.0,1.36,,,,,1.15,1.15
81-4211-0308,"Screw, 6-32 x 3/"", Phillips, | Flat, Type ""F"", Zinc",EACH,2.0,1.36,,,,,,1.3585
81-4211-0684,"Screw, 1/4-20 X 2 1/2"", Phillips, Flat, SMS, Type ""F"", Zinc",EACH,2.0,1.36,,,,,,1.3585
81-4411-0512,"Screw, 10-24 X 1/2"", Phillips, Flat, Type 23, Zinc Box of 100",BOX,62.0,42.11,,,,,,42.1135
81-4411-0516,"Screw, 10-24 X 3/4"", Phillips, Flat,Type 23,Zinc Box of 100",BOX,62.0,42.11,,,,,,42.1135
8-91-3006,"Decal, ""In Emergency, Push to Open""",EACH,8.0,5.43,,,,,,5.434
8-91-3011,"Decal Set, Bipart Sliders",EACH,72.0,48.91,,,,,,48.906
8-91-3012,"Decal Set, Single Sliders",EACH,38.0,25.81,,,,,,25.8115
8-91-3013,"Decal, AAADM Safety - Sliders",EACH,2.0,1.36,,,,,,1.3585
8-91-3014,"Label, Trackless ICU Operation",EACH,17.0,11.55,,,,,,11.54725
8-91-3016,"Decal, Automatic Sliding Door (w/record logo)",EACH,9.0,6.11,,,,,,6.11325
8-91-3017,"Decal, ""STAND CLEAR""",EACH,12.0,8.15,,,,,,8.151
8-91-3018,"Decal, record Logo (Bubble)",EACH,7.0,4.75,,,,,,4.75475
8-91-3023,"Decal, ""This Door Must Remain Unlocked During Business Hrs.""",EACH,16.0,10.87,,,,,,10.868
8-91-3026,"Decal, ICU Positive Latch Emergency Release",EACH,4.0,2.72,,,,,,2.717
8-92-3017,"Decal, AAADM Safety - Swing Door Operators",EACH,2.0,1.36,,,,,,1.3585
8-92-3026,Decal Set - Low Energy Electromechanical Operators,EACH,42.0,28.53,,,,,,28.528499999999998
8-92-3031,"Decal,""Caution Automatic Door"" w/""Activate Switch to Operate""",EACH,10.0,6.79,,,,,,6.7924999999999995
8-92-3032,"Decal, ""Automatic Door Keep Moving"" w/Arrow",EACH,9.0,6.11,,,,,,6.11325
8-92-3033,"Decal, ""Do Not Enter - Stand Clear""",EACH,9.0,6.11,,,,,,6.11325
8-92-3034,"Decal Set, Full Power Operator",EACH,47.0,31.92,,,,,,31.92475
8-92-3035,"Decal Set, Low Energy Operator",EACH,28.0,19.02,,,,,,19.019
8-92-3037,"Decal, Caution Automatic Door (2-Sided)",EACH,20.0,13.58,,,,,,13.584999999999999
8-92-3038,"Decal, ""Automatic Door Keep Moving"" w/ Arrow, (2-Sided)",EACH,22.0,14.94,,,,,,14.9435
8-92-3039,"Decal, ""Caution Automatic Door Two Way Traffic"", (2-Sided)",EACH,22.0,14.94,,,,,,14.9435
8-92-3040,"Decal, ""Caution Automatic Door Activate Sw.Operate"",(2-Sided)",EACH,29.0,19.7,,,,,,19.69825
8-92-3041,"Decal, 1 Side, ""Caution Auto. Door"" w/""Two Way Traffic""",EACH,6.0,4.08,,,,,,4.0755
8-92-3043,"Decal,""Automatic Door w/Arrow & Do Not Enter, (2-Sided)",EACH,22.0,14.94,,,,,,14.9435
8-92-3044,"Decal,""Do Not Enter/ Automatic Door w/Arrow"", (2-Sided)",EACH,22.0,14.94,,,,,,14.9435
8-93-3002,"Decal, AAADM Safety - Folders",EACH,2.0,1.36,,,,,,1.3585
8-93-3003,"Decal Set, Folding Doors",EACH,47.0,31.92,,,,,,31.92475
9-09-0012,"Belt, Timing (Series 5100) 102-108338",FT,22.0,14.94,,,,1.26,20.24,1.26
9-09-0015,"Belt, Main Drive, 4500, 30M Roll",ROLL,911.0,618.8,,,,,,618.79675
9-09-0016,"Belt, S4500 Motordrive Ass'y.",EACH,61.0,41.43,,,,46.75,56.12,41.43425
9-11-0001,Trackk Cap (Nylatron) | 40-1103,FT,3.0,2.04,,,,2.61,3.84,2.03775
9-25-0020-CL,Lock Indicator-used on upside down lock application-5100's,EACH,122.0,82.87,,,,,,82.8685
9-25-0020-DB,Lock Indicator-used on upside down lock application- 5100's,EACH,122.0,82.87,,,,,,82.8685
9-25-0021-CL,Lock Indicator (Right Side Up) 8600 & 4500 Line,EACH,51.0,34.64,,,,,,34.641749999999995
9-25-0021-DB,Lock Indicator (right side up) 8600 & 4500 Lines,EACH,53.0,36.0,,,,,,36.00025
9-25-0023-CL,"Cylinder, Keyed, 1"" Mortise, | KA4 (All Glass Door)",EACH,45.0,30.57,,,,,,30.566249999999997
9-25-0023-DB,"Cylinder, Keyed, 1"" Mortise, | KA4 (All Glass Door Lock)",EACH,45.0,30.57,,,,,,30.566249999999997
9-45-0010,Belt Clamp - Right,EACH,167.0,113.43,,,,,153.64,113.43475
9-45-0011,"Tie Rod, Belt Clamp (Short)",EACH,26.0,17.66,,,,,23.92,17.660500000000003
9-45-0012,Belt Clamp - Left,EACH,167.0,113.43,,,,,153.64,113.43475
9-45-0013,"Tie Rod, Belt Clamp (Long)",EACH,31.0,21.06,,,,,28.52,21.05675
9-45-0101,"Drive Pedestal, Slave",EACH,2576.0,1749.75,,,,,,1749.748
9-45-0102,"Drive Pedestal, Master",EACH,2810.0,1908.69,,,,,2585.2,1908.6924999999999
9-45-0103,Inner Arm Ass'y.,EACH,788.0,535.25,,,,,,535.249
9-45-0106,"Electric Lock, Anti-Breakout",EACH,1545.0,1049.44,,,,,,1049.4412499999999
9-45-0107,"Kit, Door Open Stop",EACH,95.0,64.53,,,,,,64.52875
9-45-0109,"Sequencer,VRR Control Module Dual Lock,System 20",EACH,1006.0,683.33,,,,,,683.3254999999999
9-45-0110,"Motordrive Ass'y., ATE FTA 20",EACH,2702.0,1835.33,,,,,2485.84,1835.3334999999997
9-51-0001,"Damper, Roller Track",FT,2116.0,1437.29,,,,,10.86,10.86
9-51-0004,"Pulley, Idler",EACH,169.0,114.79,,,,,,114.79325
9-51-0010,"Battery Pack, NiCad (System 19 Only)",EACH,513.0,348.46,,,,,,348.45525
9-51-0014,"Cord, Power (9'10"" Length) ***SJT JACKET ****",EACH,38.0,25.81,,,,,34.96,25.8115
9-51-0015,"Washer, Pin Guide (Hurricane- Rated Sliders)",EACH,10.0,6.79,,,,8.5,5.75,5.75
9-51-0016,PCB - Supplementary (Lead Acid Battery),EACH,248.0,168.45,,,,,,168.454
9-51-0017,"Battery, Lead Acid 102-019808036",EACH,563.0,382.42,,,,470.9,,382.41774999999996
9-51-0019,"Film, Static Cling Vinyl (S5200 All Glass Doors)",ROLL,323.0,219.4,,,,,,219.39775
9-58-0008,"Pin, Clevis (3/8"" x 1 1/4"") Box of 12",EACH,7.0,4.75,,,,,6.44,4.75475
9-59-0001,"Adaptor, AC, FPC (Battery Charger)",EACH,187.0,127.02,,,,,,127.01974999999999
9-60-1677,"Rod, Threaded - 3/8-16",FT,2.0,1.36,,,,,,1.3585
9-61-0001,"4.75"" BEA SQ SS Vestibule Push Plate ""Push To Open"" text & Handicap L EACH",EACH,336.0,228.23,,,,,,228.22799999999998
9-61-0004,"Switch, Press Wall, 1 1/2"" x 4 3/4"", Baby Carriage Logo",EACH,128.0,86.94,,,,,,86.944
9-61-0006,"6"" BEA Round Black MS31 Text & Hand Logo",EACH,714.0,484.98,,,,,,484.98449999999997
9-61-0011,"Sensor, Motion (BEA Eagle)",EACH,590.0,400.76,,,,,,400.7575
9-61-0014,"Spacer, BEA Eagle Sensor",EACH,97.0,65.89,,,,,,65.88725
9-61-0015,"Sensor, On Door Presence Superscan11T **DROP SHIP**",EACH,986.0,669.74,,,,,,669.7404999999999
9-61-0016,"Sensor,Presence,BEA,Swing/Fold BodyguardT w/monitoring",EACH,881.0,598.42,,,,,,598.4192499999999
9-61-0018,"Sensor, Motion/Presence, BEA IXIO-DT1",EACH,505.0,343.02,,,,,,343.02124999999995
9-61-0021,"Sensor,On Door Presence,Optex Pro-Swing Elite, *DROP SHIP*",EACH,2732.0,1855.71,,,,,,1855.7109999999998
9-61-0022,"Kit,Beam Set,Panic Breakout Shut Off, Optex",EACH,1082.0,734.95,,,,,622.15,622.15
9-61-0028,"Sensor, Motion (Optex Reaction Two)",EACH,606.0,411.63,,,,,,411.6255
9-61-0029,"Holder, Surface Mount (Optex)",EACH,221.0,150.11,,,,,203.32,150.11425
9-61-0031,"Module, Control (Optex OS-12C)",EACH,585.0,397.36,,,,,,397.36125
9-61-0033,Safety Beam Heads w/Cable (Optex - Blue/Gray Wire - 1),EACH,227.0,154.19,,,,,,154.18975
9-61-0035,"Spacer, Optex Reaction Sensor",EACH,183.0,124.3,,,,,,124.30274999999999
9-61-0036,"Sensor, Optex - X ZoneT Motion/Presence, Slide Door",EACH,505.0,343.02,,,,,,343.02124999999995
9-61-0037,"Sensor, Presence, Premier T + cntrl,Optex,Swing/Fold",EACH,990.0,672.46,,,,,,672.4575
9-61-0038,"Sensor, RIC 290 AC US CANBus Motion/Presence, Sliding Door",EACH,752.0,510.8,,,,,691.84,510.796
9-61-0040,"Sensor,OnDoor Presence Single LZR Microscan**DROPSHIP ITEM**",EACH,3031.0,2058.81,,,,,2788.52,2058.8067499999997
9-61-0041,"Sensor, On Door Presence LZR Microscan, Dual,Drop ship",EACH,4850.0,3294.36,,,,,,3294.3624999999997
9-61-0042,"Sensor, Touchless Activation **Drop Ship Item**",EACH,889.0,603.85,,,,,,603.85325
9-61-0043,"Switch, Touchless Activation 19",EACH,776.0,527.1,,,,,,527.098
9-61-0045,"Push Plate, 4.5x4.5 Square SS,HC, ""Push to Open""",EACH,188.0,127.7,,,,,172.96,127.699
9-61-0051,"Kit, Wire Ass'y. - Header Molded Connector Safety Beams",EACH,108.0,73.36,,,,,99.36,73.359
9-61-0052,"Kit, Beam Head/Wire Ass'y. Molded Connector Safety Beams",EACH,273.0,185.44,,,,217.6,251.16,185.43525
9-61-0062,"36"" BEA High-Low SS Push Plate w/ Integrated 900Mhz Wireless ""Push ToEACH",EACH,1409.0,957.06,,,,,,957.0632499999999
9-61-0066,"6"" BEA Round Black MS31 ""Wave To Open"" Text & hand Logo",EACH,713.0,484.31,,,,,,484.30524999999994
9-61-0068,"Stainless Steel 4.75"" Square Push To Open Drop Ship Item",EACH,187.0,127.02,,,,,,127.01974999999999
9-61-0069,"Stainless Steel 4.75"" Square Handicap Logo *DROP SHIP*",EACH,187.0,127.02,,,,,,127.01974999999999
9-61-0070,900 MHz Receiver Module,EACH,226.0,153.51,,,,,,153.5105
9-61-0072,900 MHz Push Button Transmitter,EACH,166.0,112.76,,,,,,112.7555
9-61-0075,"Weather Ring 4.75"" X 4.75""",EACH,26.0,17.66,,,,,,17.660500000000003
9-65-0006,"Ring, Retaining (External)",EACH,14.0,9.51,,,,,,9.5095
9-70-0077,"Bumper, Pin Guide",ROLL,4310.0,2927.57,,,,2.61,6.03,2.61
9-73-0071,"Magnet, Flexible",FT,12.0,8.15,,,,,,8.151
9-73-0074,Breakout Stop / Switch 81322-900,EACH,771.0,523.7,,,,,709.32,523.70175
9-73-0079,Magnet (for Magnetic Switch),EACH,8.0,5.43,,,,,7.36,5.434
9-73-0080,"Panic Switch, Magnetic (N/O)",EACH,38.0,25.81,,,,,34.96,25.8115
9-73-0081,"Switch, Recessed Contact, 3/8",EACH,28.0,19.02,,,,,,19.019
9-73-0082,"Switch, Recessed Contact, 1/4",EACH,47.0,31.92,,,,,,31.92475
9-73-0087,"Switch, Press Wall, 4-1/2"" X 4-1/2"", HC Logo",EACH,143.0,97.13,,,,,,97.13275
9-73-0088,"Push Plate, Simpleswing BEA 10PBS45-690",EACH,182.0,123.62,,,,,,123.62349999999999
9-73-0092,"Receiver, Remote Activation",EACH,263.0,178.64,,,,,,178.64275
9-73-0104,"Kit, PWS/Transmitter/Receiver (MS Sedco)*DROP SHIP ITEM",EACH,1172.0,796.08,,,,,,796.081
9-79-0008,"Filter, Powerline, 120/250VAC, 3A 70185912",EACH,253.0,171.85,,,,,,171.85025000000002
9-80-0006,"Adaptor, Drive Arm, 20mm, CL (S8100/S6100 Operator)",EACH,175.0,118.87,,,,99.45,,99.45
9-80-0007,"Adaptor, Drive Arm, 50mm, CL (S8100/S6100 Operator)",EACH,175.0,118.87,,,,96.9,,96.9
9-80-0008,"Adaptor, Drive Arm, 35mm, CL (S8100/S6100 Operator)",EACH,175.0,118.87,,,,101.15,161.0,101.15
9-80-0009,"Harness, Power Supply (Series 8000 Operator)",EACH,52.0,35.32,,,,,,35.321000000000005
9-80-0011,"Adaptor, Drive Arm, 80mm, CL (S8100/S6100 Operator)",EACH,175.0,118.87,,,,,,118.86874999999999
9-80-0017,Door Position Switch,EACH,160.0,108.68,,,,,147.2,108.67999999999999
9-80-0018,"Disk, Encoder (Metal)",EACH,128.0,86.94,,,,,,86.944
9-80-0019,"Disk, Encoder",EACH,65.0,44.15,,,,,,44.15125
9-80-0020,"Harness, Encoder (RJ-11 Conn.)",EACH,52.0,35.32,,,,41.65,47.84,35.321000000000005
9-80-0022,"Enclosure, Encoder (RJ-11 Encoder Connector)",EACH,12.0,8.15,,,,,,8.151
9-80-0023,"Cover, Encoder - Snap-on (RJ-11 Encoder Connector)",EACH,13.0,8.83,,,,,,8.830250000000001
9-80-0101,Drive Module w/ Control S8000 (SN),EACH,4212.0,2861.0,,,,584.8,,584.8
9-80-0102,Power Supply (DFA),EACH,923.0,626.95,,,,238.85,849.16,238.85
9-80-0103,"Kit, Hard Stop",EACH,270.0,183.4,,,,199.75,248.4,183.39749999999998
9-80-0106,"Kit, Rocker Switch Ass'y. w/Cable",EACH,257.0,174.57,,,,,,174.56725
9-80-0107,"Adaptor, Offset Slide Arm, CL",EACH,321.0,218.04,,,,,541.42,218.03924999999998
9-80-0109,"PCB Assembly, Encoder (Blue Connector)",EACH,450.0,305.66,,,,,,305.66249999999997
9-80-0113,"Motor PCB, with Breakout",EACH,272.0,184.76,,,,,,184.756
9-80-0115,"PCB Ass'y., Encoder (RJ-11 Encoder Connector)",EACH,450.0,305.66,,,,,,305.66249999999997
9-80-0201,Drive Module w/Control S8000 w/Brake (SN),EACH,5495.0,3732.48,,,,,,3732.4787499999998
9-81-3000-36,"Stainless Cover, 8100, sloped 36"" DOW ***DNU***",EACH,1910.0,1297.37,,,,,,1297.3674999999998
9-81-3000-60,"Stainless Cover, 8100, Sloped 60"" DOW ***DNU**",EACH,2705.0,1837.37,,,,,,1837.37125
9-81-3000-72,"Stainless Cover. 8100, Sloped 72"" DOW **DROPSHIP ITEM**",EACH,2705.0,1837.37,,,,,,1837.37125
9-81-3000-CS,"SS Sloped Cover, 8100, Custom Size **DNU",EACH,2705.0,1837.37,,,,,,1837.37125
9-81-3001-36,"Stainless Cover,8100,Flush 36"" ***DROPSHIP ONLY*** NO CUTOUT",EACH,1910.0,1297.37,,,,,,1297.3674999999998
9-81-3001-42,"Stainless Cover, 81, Flush 42"" ***DROPSHIP ONLY*** NO CUTOUT",EACH,1910.0,1297.37,,,,,,1297.3674999999998
9-81-3001-48,"Stainless Cover,81, Flush 48"" ***DROPSHIP ONLY*** NO CUTOUT",EACH,1910.0,1297.37,,,,,,1297.3674999999998
9-81-3001-54,"Stainless Cover, 81, Flush 54"" ***DROPSHIP ONLY*** NO CUTOUT",EACH,2705.0,1837.37,,,,,,1837.37125
9-81-3001-60,"Stainless Cover, 81, Flush 60"" ***DROPSHIP ONLY*** NO CUTOUT",EACH,2705.0,1837.37,,,,,,1837.37125
9-81-3001-72,"Stainless Cover, 81, Flush 72"" ***DROPSHIP ONLY*** NO CUTOUT",EACH,2750.0,1867.94,,,,,,1867.9374999999998
9-81-3001-96,"Stainless Cover, 81, Flush 96"" ***DROPSHIP ONLY*** NO CUTOUT",EACH,2705.0,1837.37,,,,,,1837.37125
9-81-3001-CS,"SS Sloped Cover, 8100, Custom Size - No Cutout *DROP SHIP*",EACH,2705.0,1837.37,,,,,,1837.37125
9-81-3002-36,"SS Cover,8100, Flush W/notch **DROPSHIP ONLY** Rev C",EACH,1910.0,1297.37,,,,,,1297.3674999999998
9-81-3002-42,"SS Cover,8100, Flush W/notch **DROPSHIP ONLY** Rev C",EACH,1910.0,1297.37,,,,,,1297.3674999999998
9-81-3002-48,"SS Cover,8100,Flush W/notch **DROPSHIP ONLY** Rev C",EACH,1910.0,1297.37,,,,,,1297.3674999999998
9-81-3002-54,"SS Cover,8100,Flush W/Notch **DROPSHIP ONLY** Rev C",EACH,2705.0,1837.37,,,,,,1837.37125
9-81-3002-60,"SS Cover,8100, Flush w/notch *DROPSHIP ONLY* Rev C",EACH,2705.0,1837.37,,,,,,1837.37125
9-81-3002-72,"SS Cover,8100, Flush w/notch **DROPSHIP ONLY** Rev C",EACH,2705.0,1837.37,,,,,,1837.37125
9-81-3002-96,"SS Cover,8100, Flush w/notch **DROPSHIP ONLY** Rev C",EACH,2705.0,1837.37,,,,,,1837.37125
9-81-3002-CS,"SS Sloped Cover, 8100 w/ Notch Custom Size *DROP SHIP*",EACH,2705.0,1837.37,,,,,,1837.37125
9-81-4120,"Clean Switch, Optex, Black",EACH,750.0,509.44,,,,,,509.43749999999994
9-87-0112,"Cable, 8 Conductor 20 AWG Harness Lock 4500",ROLL,1262.0,857.21,,,,,1161.04,857.2135000000001
9-87-0115,"Cable, 22 AWG, 2 Pair Twisted (Black-Red, White-Green)",FT,2.0,1.36,,,,,,1.3585
9-90-0000,"Pivot, Bottom Center, OHC",EACH,257.0,174.57,,,,,,174.56725
9-90-0002-CL,"Guide Rail, 36"" H X 36"" L (W/Single Bar)",PAIR,1411.0,958.42,,,,,,958.4217499999999
9-90-0002-DB,"Guide Rail, 36"" H x 36"" L (w/ single bar)",EACH,1477.0,1003.25,,,,,,1003.25225
9-99-0042,"Key, Operating (for Schlage I/C Core w/Green Face)",EACH,15.0,10.19,,,,,,10.188749999999999
9-99-0051-CL,"Faceplate, Blank (Keyed F/B)",EACH,11.0,7.47,,,,,10.12,7.47175
9-99-0053,"Guide, Manual Flushbolt",EACH,13.0,8.83,,,,10.2,13.74,8.830250000000001
9-99-0064-CL,"Cylinder, Keyed (KA-50) Clear Anodized",PAIR,77.0,52.3,,,,,,52.30225
9-99-0064-DB,"Cylinder, Keyed (KA-50) Dark Bronze Anodized",PAIR,79.0,53.66,,,,,,53.66075
9-99-0067,"Flushbolt, Cylinder Operated (31/32"" Backset)",EACH,232.0,157.59,,,,,213.44,157.586
9-99-0069-CL,"Thumbturn, Clear Anodized",EACH,37.0,25.13,,,,,,25.13225
9-99-0069-DB,"Thumbturn, Dark Bronze Anodize",EACH,39.0,26.49,,,,,,26.49075
9-99-0071-CL,"Deadlock, Hookbolt (1-1/8"" Backset), Clear Anodized",EACH,95.0,64.53,,,,57.8,,57.8
9-99-0071-DB,"Deadlock, Hookbolt (1-1/8"" Backset), Dark Bronze Anodized",EACH,97.0,65.89,,,,,,65.88725
9-99-0072-CL,"Cylinder, Dummy",EACH,24.0,16.3,,,,,,16.302
9-99-0072-DB,"Cylinder, Dummy",EACH,26.0,17.66,,,,,,17.660500000000003
9-99-0073-CL,"Flushbolt, Manual, Clear Anodized",EACH,50.0,33.96,,,,,,33.9625
9-99-0073-DB,"Flushbolt, Manual, Dark Bronze Anodized",EACH,54.0,36.68,,,,,,36.6795
9-99-0074,"Bolt, Threshold",EACH,82.0,55.7,,,,,75.44,55.6985
9-99-0076,"Header Bolt Set (31/32"" B/Set)",EACH,152.0,103.25,,,,,139.84,103.246
9-99-0083,"Fastener, Dual Lock Reclosable (Velcro-Type)",FT,55.0,37.36,,,,,,37.35875
9-99-0087-BL,"Exit Device, F86 Recess Mount",EACH,1315.0,893.21,,,,,,893.2137499999999
9-99-0088-BL,"Push Bar, F86 Exit Device 5' Stock Length",EACH,1316.0,893.89,,,,,,893.8929999999999
9-99-0094-BL,"Exit Device, G86 C.V.R.",EACH,1107.0,751.93,,,,,,751.92975
9-99-0097,"Lock, Bottom Rail (All Glass)",EACH,316.0,214.64,,,,,290.72,214.643
9-99-0113,"Plunger, Spring Loaded Device",EACH,45.0,30.57,,,,,41.4,30.566249999999997
9-99-0150,"Bearing, Spherical",EACH,320.0,217.36,,,,,,217.35999999999999
9-99-0232,"Bearing, Flanged (Oilite)",EACH,11.0,7.47,,,,,10.12,7.47175
9-99-0233,"Bearing, Flanged (Oilite)",EACH,42.0,28.53,,,,,,28.528499999999998
9-99-0238,"Bearing, Oilite",EACH,5.0,3.4,,,,,,3.3962499999999998
9-99-0351,"Clip, Sidelite Stop",EACH,8.0,5.43,,,,,,5.434
9-99-0462,"Clip, Cord",EACH,4.0,2.72,,,,,,2.717
9-99-0783,Shorting Bridge - 5mm Terminal Blocks,EACH,3.0,2.04,,,,,,2.03775
9-99-0784,"Shorting Block - 0.1"" C/L Posts",EACH,3.0,2.04,,,,,,2.03775
9-99-1321,Control Panel - Display no cable no plug,EACH,748.0,508.08,,,,,688.16,508.07899999999995
9-99-1325,Control Ass'y - System 20 Check for Proper SOFTWARE ****,EACH,2870.0,1949.45,,,,,,1949.4474999999998
9-99-1326,"Module, ZLP-ELS Safety Beam PCB-System 20",EACH,459.0,311.78,,,,338.3,422.28,311.77575
9-99-1823,"Screw, M8-1.25 x 16, Hex, CS, Zinc, Class 8.8",EACH,4.0,2.72,,,,,,2.717
9-99-1824,"Screw, 5/16-18 x 20, Hex, CS, Zinc, Class 8.8",EACH,4.0,2.72,,,,,,2.717
9-99-1902,Fuse Holder,EACH,30.0,20.38,,,,,27.6,20.377499999999998
9-99-1939,"Fuse, 2A 250VAC Slow Blow",EACH,7.0,4.75,,,,,,4.75475
9-99-1940,"Fuse, 2.5A 250VAC Slow Blow",EACH,5.0,3.4,,,,,,3.3962499999999998
9-99-2593,"Rubber Strip, 1/8""x1/2"" Self-; adhesive backing",FT,2.0,1.36,,,,,,1.3585
9-99-2801-CL,"Hinge, Geared Continuous - 83"" 1/8"" Swing Side Reveal",EACH,725.0,492.46,,,,,,492.45624999999995
9-99-2801-DB,"Hinge, Geared Continuous - 83"" 1/8"" Swing Side Reveal",EACH,749.0,508.76,,,,,,508.75825
9-99-2802-CL,"Hinge, Geared Continuous - 95"" 1/8"" Swing Side Reveal",EACH,914.0,620.83,,,,,,620.8344999999999
9-99-2802-DB,"Hinge, Geared Continuous - 95"" 1/8"" Swing Side Reveal",EACH,957.0,650.04,,,,,,650.0422500000001
9-99-2809-CL,Door Pulls (Back/Back),EACH,1630.0,1107.18,,,,,,1107.1775
9-99-2809-DB,Door Pulls (Back/Back),EACH,1665.0,1130.95,,,,,,1130.9512499999998
9-99-2813-CL,Door Pull,EACH,379.0,257.44,,,,,,257.43575
9-99-2813-DB,Door Pull,EACH,416.0,282.57,,,,,,282.56800000000004
9-99-2826-BL,"Door Pull, Offset (Back/Back) Stocked & Purchased as a Pair",PAIR,416.0,282.57,,,,,,282.56800000000004
9-99-2827-CL,"Door Pull, Offset",EACH,460.0,312.45,,,,,,312.455
9-99-2827-DB,"Door Pull, Offset",EACH,660.0,448.3,,,,,,448.30499999999995
9-99-2828-BL,"Door Closer, Manual (Surface Applied)",EACH,593.0,402.8,,,,,,402.79524999999995
9-99-2828-CL,"Door Closer, Manual (Surface Applied)",EACH,593.0,402.8,,,,,,402.79524999999995
9-99-2829,"Door Closer, Manual, OHC",EACH,883.0,599.78,,,,,,599.77775
9-99-2832,Threshold & Bottom Pivot (Heavy Duty Recessed in Floor),EACH,482.0,327.4,,,,,443.44,327.3985
9-99-2834,"Door Closer, Concealed-In-Door",EACH,398.0,270.34,,,,362.0,,270.3415
9-99-2836,"Door Pull, Recessed (Metal) 1 part = 2 pieces + 2 screws",EACH,165.0,112.08,,,,,151.8,112.07624999999999
9-99-3036,"Key, BDE-A Switch",EACH,65.0,44.15,,,,,71.66,44.15125
9-99-3202,"Hex End Key, T-Handle, 5/32""",EACH,28.0,19.02,,,,,,19.019
9-99-3459,"NUT, HEX, 10-32, STEEL, ZINC Box of 200",BOX,77.0,52.3,,,,,,52.30225
9-99-3507,"Nut,Square,1/4-20,Steel,Zinc Box of 100",EACH,1.0,0.68,,,,,,0.67925
9-99-3901,"Pin, Slotted Spring (3/16"" x 2 1/2"" Long, 18-8 SS)",EACH,7.0,4.75,,,,,6.44,4.75475
9-99-3980,"Plug, Hole (Locking) Plastic, Black, 1/2""Dia.",EACH,1.0,0.68,,,,,,0.67925
9-99-4622,"Ring, Retaining",EACH,3.0,2.04,,,,,,2.03775
9-99-4625,"Ring, Retaining Torque Bar Assy'",EACH,2.0,1.36,,,,,,1.3585
9-99-4628,"Ring, Push-On Self-Locking",EACH,2.0,1.36,,,,,,1.3585
9-99-5690,"Spring, Compression (ICU Positive Latch)",EACH,17.0,11.55,,,,,,11.54725
9-99-6151,"Rod, Threaded, 1/4-20",FT,8.0,5.43,,,,,,5.434
9-99-6194,"Stud, PEM, 10-32 x 7/16"", Steel, Zinc Box of 50",BOX,59.0,40.08,,,,,,40.07575
9-99-6510,"Terminal Strip, Insulated, 12 Conductor",EACH,35.0,23.77,,,,,,23.77375
9-99-6597,"Terminal Block, Plug-In, 4 Conductor, Labeled 25-28",EACH,27.0,18.34,,,,,,18.33975
9-99-6598,"Terminal Block, Plug-In, 6 Conductor, Labeled 13-19",EACH,31.0,21.06,,,,,,21.05675
9-99-6600,"Terminal Block, Plug-In, 12 Conductor, Labeled 1-12",EACH,55.0,37.36,,,,,,37.35875
9-99-6601,"Terminal Block, Plug-In, 7 Conductor, Labeled 1-7",EACH,30.0,20.38,,,,,,20.377499999999998
9-99-6602,"Terminal Block, Plug-In, 6 Conductor, Labled 8-13",EACH,27.0,18.34,,,,,,18.33975
9-99-6603,"Terminal Block, Plug-In, 2 Conductor, Labeled 14-15",EACH,27.0,18.34,,,,,,18.33975
9-99-6604,"Terminal Block, Plug-In, 3 Conductor, Labeled 16-18",EACH,27.0,18.34,,,,,,18.33975
9-99-6605,"Terminal Block, Plug-In, 6 Conductor, Labeled 19-24",EACH,27.0,18.34,,,,,,18.33975
9-99-6606,"Terminal Block, Plug-In, 4 Conductor, Labeled 25-28",EACH,27.0,18.34,,,,,,18.33975
9-99-7170,"Washer, Flat, 5/16"" Plastic (Clear Polycarbonate)",EACH,7.0,4.75,,,,,,4.75475
9-99-7235,"Washer, Lock, 5/16 Split Box of 200",BOX,77.0,52.3,,,,,44.28,44.28
9-99-7249,"Washer, Lock, #10 Medium Box of 200",BOX,77.0,52.3,,,,,,52.30225
9-99-7316,"Weather Pile, 0.270""W X 0.450""H, Black",FT,2.0,1.36,,,,0.81,1.83,0.81
9-99-7318-DB,"Weather Pile, Door Catch 29015545BKGP",FT,3.0,2.04,,,,,,2.03775
9-99-7323,"Washer, Spring",EACH,7.0,4.75,,,,,29.86,4.75475
9-99-7347-BL,"Holder, Door Sweep Strip (Straight)96""",EACH,110.0,74.72,,,,,,74.7175
9-99-7348-BL,"Holder, Door Sweep Strip (Angled)96""",EACH,110.0,74.72,,,,,,74.7175
9-99-7349,"Weather Pile, Leading Edge (All Glass Doors) - 96"" PC",PIECE,420.0,285.28,,,,,386.4,285.28499999999997
9-99-7358,"Brush, Door Sweep Strip (Short)96""",EACH,45.0,30.57,,,,,,30.566249999999997
9-99-7360,Weather Pile (Fin Seal)-Tall,FT,231.0,156.91,,,,,,156.90675
9-99-7362,"Brush, Air/Smoke Barrier 96""",EACH,251.0,170.49,,,,,,170.49175
9-99-7363,Weather Pile (Fin Seal)-Short W31455NK000B,ROLL,231.0,156.91,,,,,0.92,0.92
9-99-7365,"Brush, Door Sweep Strip (Long),8ft",EACH,65.0,44.15,,,,,,44.15125
9-99-7370,Weather Pile (Fin Seal) - Extra Tall,FT,731.0,496.53,,,,,,496.53175
P-10TD900HH1,BEA 900 Mhz Hand Held Fob (one button),EACH,166.0,112.76,,,,,,112.7555
PK-0001,"Pack, Anchor & Screw, Slide (universal)",EACH,44.0,29.89,,,,,,29.887
REPL-45-PANEL,"Replacement Panel, 4500 Series",EACH,2173.0,1476.01,,,,,,1476.01025
REPL-49-PANEL,"Replacement Panel, 4900 Series",EACH,2173.0,1476.01,,,,,,1476.01025
REPL-51-PANEL,"Replacement Panel, 5100 Series",EACH,2173.0,1476.01,,,,,,1476.01025
REPL-52-PANEL,"Replacement Panel, 5200 Series",EACH,2173.0,1476.01,,,,,,1476.01025
REPL-59-PANEL,"Replacement Panel, 5900 Series",EACH,2173.0,1476.01,,,,,,1476.01025
REPL-86-PANEL,"Replacement Panel, 8600 Series",EACH,2173.0,1476.01,,,,,,1476.01025
REPL-87-PANEL,"Replacement Panel, 8700 Series",EACH,2173.0,1476.01,,,,,,1476.01025
RFB-4-51-0144,RFB Motordrive/Plate Ass'y. Sys20Refurb Check availabilty,EACH,2063.2,1401.43,,,,,,1401.4285999999997
RFB-9-61-0101,RFB Drive Module w/Cntrl 6100 Refurbished Check avaialabilty,EACH,2475.8,1681.69,,,,,,1681.6871500000002
RFB-9-80-0101,RFB Drive Module w/Cntrl 8000 Refurbished Check availability,EACH,1231.0,836.16,,,,,,836.1567499999999
RFB-9-99-1325,RFB Control Assy Sys 20 Refurbished Check availability,EACH,702.0,476.83,,,,,,476.83349999999996
